chamado_id,cliente_id,data_abertura,duracao_min,categoria,resolvido
CHA-00001,CLI-0001,2025-09-08,207,conexão,true
CHA-00002,CLI-0001,2025-09-09,108,instalação,true
CHA-00003,CLI-0004,2026-03-09,221,conexão,true
CHA-00004,CLI-0005,2025-12-12,23,conexão,true
CHA-00005,CLI-0005,2026-01-01,128,equipamento,true
CHA-00006,CLI-0005,2025-09-25,41,instalação,true
CHA-00007,CLI-0005,2026-02-19,192,instalação,false
CHA-00008,CLI-0005,2026-05-27,199,instalação,true
CHA-00009,CLI-0006,2025-09-01,177,equipamento,true
CHA-00010,CLI-0006,2026-07-28,221,conexão,true
CHA-00011,CLI-0006,2026-03-19,191,instalação,true
CHA-00012,CLI-0006,2026-01-26,16,equipamento,true
CHA-00013,CLI-0006,2025-10-18,54,instalação,true
CHA-00014,CLI-0007,2025-11-14,141,equipamento,true
CHA-00015,CLI-0007,2026-03-01,126,conexão,true
CHA-00016,CLI-0007,2025-08-22,33,equipamento,true
CHA-00017,CLI-0008,2025-07-21,191,conexão,true
CHA-00018,CLI-0008,2025-11-09,58,instalação,false
CHA-00019,CLI-0008,2025-11-30,139,equipamento,true
CHA-00020,CLI-0008,2026-05-05,122,instalação,true
CHA-00021,CLI-0009,2025-10-30,74,instalação,true
CHA-00022,CLI-0009,2025-09-20,194,financeiro,true
CHA-00023,CLI-0009,2025-08-24,236,financeiro,true
CHA-00024,CLI-0009,2026-07-06,30,equipamento,true
CHA-00025,CLI-0011,2026-05-22,127,instalação,false
CHA-00026,CLI-0011,2026-07-29,71,equipamento,true
CHA-00027,CLI-0011,2025-07-12,73,instalação,true
CHA-00028,CLI-0013,2025-06-09,5,financeiro,true
CHA-00029,CLI-0013,2026-07-09,113,instalação,true
CHA-00030,CLI-0013,2025-10-28,20,conexão,false
CHA-00031,CLI-0014,2026-06-02,50,equipamento,true
CHA-00032,CLI-0014,2025-07-25,62,conexão,true
CHA-00033,CLI-0014,2026-03-02,123,equipamento,true
CHA-00034,CLI-0015,2025-10-11,86,instalação,true
CHA-00035,CLI-0015,2026-05-20,174,financeiro,true
CHA-00036,CLI-0015,2026-03-14,20,financeiro,true
CHA-00037,CLI-0015,2025-12-26,147,equipamento,true
CHA-00038,CLI-0015,2026-02-06,169,equipamento,true
CHA-00039,CLI-0016,2025-10-05,190,financeiro,true
CHA-00040,CLI-0016,2026-02-12,82,conexão,true
CHA-00041,CLI-0016,2026-04-26,194,conexão,true
CHA-00042,CLI-0016,2025-07-11,127,financeiro,true
CHA-00043,CLI-0018,2025-09-07,20,conexão,true
CHA-00044,CLI-0018,2026-06-24,214,conexão,true
CHA-00045,CLI-0018,2026-01-02,40,financeiro,true
CHA-00046,CLI-0018,2026-05-16,7,financeiro,true
CHA-00047,CLI-0019,2026-03-30,183,financeiro,true
CHA-00048,CLI-0019,2026-06-21,172,conexão,true
CHA-00049,CLI-0019,2026-01-19,101,equipamento,true
CHA-00050,CLI-0019,2026-07-28,184,financeiro,true
CHA-00051,CLI-0019,2025-12-22,170,instalação,true
CHA-00052,CLI-0019,2026-06-14,234,conexão,true
CHA-00053,CLI-0019,2025-08-12,232,equipamento,true
CHA-00054,CLI-0020,2026-02-08,159,equipamento,false
CHA-00055,CLI-0020,2026-02-15,12,instalação,true
CHA-00056,CLI-0020,2025-12-14,130,financeiro,true
CHA-00057,CLI-0020,2026-01-21,115,financeiro,true
CHA-00058,CLI-0020,2025-08-28,102,conexão,true
CHA-00059,CLI-0022,2026-01-19,210,instalação,true
CHA-00060,CLI-0022,2025-12-24,213,financeiro,true
CHA-00061,CLI-0022,2025-09-27,182,financeiro,true
CHA-00062,CLI-0022,2026-05-03,106,instalação,true
CHA-00063,CLI-0023,2025-11-01,134,equipamento,true
CHA-00064,CLI-0024,2026-01-22,105,equipamento,true
CHA-00065,CLI-0024,2025-10-04,181,financeiro,true
CHA-00066,CLI-0025,2025-12-01,29,equipamento,true
CHA-00067,CLI-0025,2025-12-13,86,conexão,true
CHA-00068,CLI-0025,2025-06-13,186,conexão,true
CHA-00069,CLI-0025,2026-02-07,170,conexão,true
CHA-00070,CLI-0025,2026-05-09,194,financeiro,true
CHA-00071,CLI-0026,2025-09-30,104,equipamento,true
CHA-00072,CLI-0027,2026-04-24,213,equipamento,false
CHA-00073,CLI-0027,2025-11-16,172,equipamento,true
CHA-00074,CLI-0027,2025-11-23,111,equipamento,true
CHA-00075,CLI-0027,2026-06-20,149,conexão,true
CHA-00076,CLI-0027,2026-04-11,79,conexão,true
CHA-00077,CLI-0027,2025-10-30,78,financeiro,true
CHA-00078,CLI-0027,2025-10-16,195,equipamento,true
CHA-00079,CLI-0028,2025-06-11,57,conexão,true
CHA-00080,CLI-0028,2025-11-02,76,financeiro,true
CHA-00081,CLI-0028,2025-08-06,79,instalação,true
CHA-00082,CLI-0028,2025-11-11,235,conexão,true
CHA-00083,CLI-0028,2025-07-13,206,equipamento,false
CHA-00084,CLI-0028,2026-03-13,226,financeiro,true
CHA-00085,CLI-0029,2025-10-25,152,financeiro,true
CHA-00086,CLI-0029,2025-11-26,206,instalação,true
CHA-00087,CLI-0029,2025-07-07,17,conexão,true
CHA-00088,CLI-0030,2026-04-08,137,equipamento,true
CHA-00089,CLI-0030,2025-08-10,92,conexão,false
CHA-00090,CLI-0030,2025-12-28,182,financeiro,true
CHA-00091,CLI-0030,2026-04-06,103,conexão,true
CHA-00092,CLI-0031,2025-07-28,160,instalação,true
CHA-00093,CLI-0031,2025-08-13,11,instalação,true
CHA-00094,CLI-0031,2025-09-25,135,financeiro,true
CHA-00095,CLI-0031,2026-03-03,170,conexão,true
CHA-00096,CLI-0032,2025-09-14,187,equipamento,true
CHA-00097,CLI-0032,2026-01-08,26,financeiro,true
CHA-00098,CLI-0032,2026-02-24,25,financeiro,false
CHA-00099,CLI-0032,2026-05-14,142,instalação,true
CHA-00100,CLI-0032,2025-09-11,200,conexão,true
CHA-00101,CLI-0032,2025-12-21,191,financeiro,true
CHA-00102,CLI-0033,2025-10-15,47,instalação,true
CHA-00103,CLI-0033,2025-07-02,31,conexão,true
CHA-00104,CLI-0033,2025-11-14,5,conexão,true
CHA-00105,CLI-0034,2026-02-27,194,financeiro,true
CHA-00106,CLI-0034,2025-10-03,131,financeiro,true
CHA-00107,CLI-0034,2025-10-26,199,financeiro,true
CHA-00108,CLI-0034,2026-01-04,11,financeiro,true
CHA-00109,CLI-0035,2026-02-21,210,equipamento,true
CHA-00110,CLI-0035,2025-07-21,88,instalação,true
CHA-00111,CLI-0035,2026-04-04,24,financeiro,true
CHA-00112,CLI-0035,2025-07-03,154,conexão,true
CHA-00113,CLI-0036,2026-01-11,136,conexão,true
CHA-00114,CLI-0036,2026-03-21,214,financeiro,true
CHA-00115,CLI-0036,2026-01-06,223,equipamento,true
CHA-00116,CLI-0036,2025-10-24,68,conexão,true
CHA-00117,CLI-0036,2025-06-16,208,financeiro,true
CHA-00118,CLI-0036,2026-07-01,217,financeiro,true
CHA-00119,CLI-0036,2026-01-08,100,conexão,true
CHA-00120,CLI-0036,2026-03-22,239,conexão,true
CHA-00121,CLI-0037,2025-09-06,231,financeiro,true
CHA-00122,CLI-0037,2025-06-17,144,conexão,false
CHA-00123,CLI-0038,2026-07-03,212,equipamento,true
CHA-00124,CLI-0038,2025-07-05,154,financeiro,false
CHA-00125,CLI-0038,2026-06-11,68,financeiro,true
CHA-00126,CLI-0038,2025-06-10,207,conexão,true
CHA-00127,CLI-0038,2026-04-11,152,equipamento,true
CHA-00128,CLI-0038,2026-05-05,50,financeiro,true
CHA-00129,CLI-0038,2025-06-15,193,instalação,false
CHA-00130,CLI-0038,2026-07-18,185,instalação,false
CHA-00131,CLI-0038,2025-10-17,41,financeiro,true
CHA-00132,CLI-0038,2025-06-13,230,equipamento,true
CHA-00133,CLI-0039,2026-02-20,49,instalação,true
CHA-00134,CLI-0039,2025-10-04,213,financeiro,true
CHA-00135,CLI-0040,2026-07-08,103,equipamento,true
CHA-00136,CLI-0040,2026-05-08,231,equipamento,true
CHA-00137,CLI-0040,2026-01-20,94,equipamento,true
CHA-00138,CLI-0040,2025-11-29,206,financeiro,true
CHA-00139,CLI-0040,2026-06-25,209,conexão,true
CHA-00140,CLI-0040,2026-02-19,71,conexão,true
CHA-00141,CLI-0040,2026-05-06,232,equipamento,true
CHA-00142,CLI-0040,2026-06-24,145,conexão,true
CHA-00143,CLI-0041,2026-03-05,25,equipamento,true
CHA-00144,CLI-0041,2026-02-25,205,equipamento,true
CHA-00145,CLI-0041,2025-08-28,72,conexão,true
CHA-00146,CLI-0041,2026-01-15,52,instalação,true
CHA-00147,CLI-0041,2026-01-24,52,equipamento,true
CHA-00148,CLI-0041,2025-12-19,124,instalação,true
CHA-00149,CLI-0042,2025-12-01,151,financeiro,true
CHA-00150,CLI-0042,2026-06-22,106,conexão,true
CHA-00151,CLI-0042,2025-11-10,209,financeiro,true
CHA-00152,CLI-0042,2025-07-10,119,financeiro,false
CHA-00153,CLI-0042,2026-05-08,59,financeiro,true
CHA-00154,CLI-0042,2025-12-28,25,equipamento,true
CHA-00155,CLI-0043,2026-05-05,75,equipamento,true
CHA-00156,CLI-0045,2026-03-22,196,conexão,true
CHA-00157,CLI-0045,2026-01-16,17,financeiro,true
CHA-00158,CLI-0045,2025-06-28,59,financeiro,true
CHA-00159,CLI-0046,2025-08-27,220,instalação,true
CHA-00160,CLI-0046,2025-10-01,160,instalação,true
CHA-00161,CLI-0046,2026-06-07,128,conexão,true
CHA-00162,CLI-0046,2026-03-13,168,instalação,true
CHA-00163,CLI-0046,2026-03-21,172,instalação,true
CHA-00164,CLI-0047,2025-07-07,238,financeiro,false
CHA-00165,CLI-0047,2026-02-11,172,conexão,true
CHA-00166,CLI-0047,2026-04-09,195,instalação,true
CHA-00167,CLI-0047,2026-02-13,100,instalação,true
CHA-00168,CLI-0048,2025-11-24,206,conexão,true
CHA-00169,CLI-0048,2025-12-22,167,equipamento,true
CHA-00170,CLI-0048,2025-11-30,103,conexão,true
CHA-00171,CLI-0048,2026-04-21,192,instalação,false
CHA-00172,CLI-0048,2026-02-18,198,financeiro,true
CHA-00173,CLI-0048,2026-07-30,165,financeiro,true
CHA-00174,CLI-0048,2026-02-06,84,financeiro,true
CHA-00175,CLI-0048,2025-11-17,155,instalação,true
CHA-00176,CLI-0048,2026-07-09,81,instalação,true
CHA-00177,CLI-0049,2026-03-25,126,financeiro,true
CHA-00178,CLI-0049,2025-08-15,166,conexão,true
CHA-00179,CLI-0049,2025-08-28,30,instalação,true
CHA-00180,CLI-0050,2026-06-16,204,conexão,true
CHA-00181,CLI-0050,2026-06-11,236,instalação,true
CHA-00182,CLI-0050,2025-12-11,80,instalação,true
CHA-00183,CLI-0050,2026-06-11,213,financeiro,true
CHA-00184,CLI-0050,2026-03-06,97,instalação,true
CHA-00185,CLI-0050,2026-06-03,29,conexão,true
CHA-00186,CLI-0050,2026-05-23,174,financeiro,true
CHA-00187,CLI-0051,2025-11-27,240,equipamento,true
CHA-00188,CLI-0051,2026-01-03,117,conexão,true
CHA-00189,CLI-0051,2025-08-31,85,conexão,true
CHA-00190,CLI-0052,2026-07-07,134,financeiro,true
CHA-00191,CLI-0052,2026-01-20,108,financeiro,true
CHA-00192,CLI-0052,2025-12-17,210,equipamento,true
CHA-00193,CLI-0052,2025-11-19,119,instalação,true
CHA-00194,CLI-0053,2025-11-07,100,conexão,true
CHA-00195,CLI-0053,2026-05-09,131,financeiro,true
CHA-00196,CLI-0053,2025-07-17,189,equipamento,true
CHA-00197,CLI-0053,2025-09-23,55,financeiro,true
CHA-00198,CLI-0053,2026-01-12,60,equipamento,true
CHA-00199,CLI-0053,2026-04-26,188,instalação,true
CHA-00200,CLI-0054,2026-03-14,106,instalação,false
CHA-00201,CLI-0054,2025-12-13,211,financeiro,true
CHA-00202,CLI-0054,2025-09-27,184,instalação,true
CHA-00203,CLI-0055,2026-03-08,179,instalação,true
CHA-00204,CLI-0055,2026-07-01,181,instalação,true
CHA-00205,CLI-0055,2025-10-28,13,instalação,true
CHA-00206,CLI-0055,2026-06-10,162,financeiro,true
CHA-00207,CLI-0056,2025-11-11,35,equipamento,true
CHA-00208,CLI-0056,2026-03-12,147,instalação,true
CHA-00209,CLI-0057,2025-11-03,126,conexão,true
CHA-00210,CLI-0057,2026-02-05,119,financeiro,false
CHA-00211,CLI-0057,2025-09-21,240,financeiro,false
CHA-00212,CLI-0057,2025-08-17,231,instalação,true
CHA-00213,CLI-0057,2025-06-20,34,equipamento,true
CHA-00214,CLI-0058,2026-02-13,14,conexão,true
CHA-00215,CLI-0058,2026-05-02,208,instalação,true
CHA-00216,CLI-0059,2025-06-19,222,instalação,false
CHA-00217,CLI-0059,2026-05-20,81,instalação,false
CHA-00218,CLI-0059,2026-07-27,146,financeiro,true
CHA-00219,CLI-0059,2026-07-30,151,equipamento,true
CHA-00220,CLI-0059,2026-06-19,83,financeiro,true
CHA-00221,CLI-0059,2025-07-26,93,financeiro,true
CHA-00222,CLI-0060,2025-08-29,83,financeiro,true
CHA-00223,CLI-0060,2026-01-27,211,instalação,false
CHA-00224,CLI-0060,2026-05-07,6,instalação,true
CHA-00225,CLI-0060,2026-04-10,187,equipamento,true
CHA-00226,CLI-0060,2026-01-29,39,instalação,true
CHA-00227,CLI-0060,2025-12-08,119,instalação,true
CHA-00228,CLI-0060,2025-11-25,146,conexão,true
CHA-00229,CLI-0061,2026-05-12,50,financeiro,true
CHA-00230,CLI-0061,2025-11-27,96,conexão,true
CHA-00231,CLI-0061,2025-11-25,64,conexão,true
CHA-00232,CLI-0061,2026-04-04,15,financeiro,true
CHA-00233,CLI-0064,2025-08-16,112,financeiro,true
CHA-00234,CLI-0064,2026-05-03,126,conexão,true
CHA-00235,CLI-0064,2025-11-02,133,conexão,true
CHA-00236,CLI-0064,2025-08-29,38,conexão,true
CHA-00237,CLI-0065,2025-10-06,69,instalação,true
CHA-00238,CLI-0065,2025-12-28,149,instalação,true
CHA-00239,CLI-0065,2025-08-18,106,financeiro,true
CHA-00240,CLI-0065,2025-06-26,147,equipamento,true
CHA-00241,CLI-0065,2025-10-19,147,equipamento,true
CHA-00242,CLI-0065,2026-02-25,152,instalação,true
CHA-00243,CLI-0066,2025-09-21,172,instalação,true
CHA-00244,CLI-0066,2025-09-30,19,financeiro,true
CHA-00245,CLI-0066,2025-12-20,7,financeiro,true
CHA-00246,CLI-0066,2025-06-16,137,instalação,true
CHA-00247,CLI-0066,2025-06-26,158,financeiro,true
CHA-00248,CLI-0067,2026-05-04,109,conexão,true
CHA-00249,CLI-0067,2025-11-17,80,instalação,false
CHA-00250,CLI-0067,2025-06-16,136,instalação,true
CHA-00251,CLI-0067,2025-06-11,208,instalação,true
CHA-00252,CLI-0068,2026-02-01,60,instalação,true
CHA-00253,CLI-0068,2025-07-15,179,financeiro,true
CHA-00254,CLI-0068,2026-04-21,65,financeiro,true
CHA-00255,CLI-0068,2026-04-18,63,financeiro,true
CHA-00256,CLI-0068,2025-09-19,96,financeiro,true
CHA-00257,CLI-0068,2026-06-01,240,conexão,true
CHA-00258,CLI-0068,2025-08-27,131,conexão,true
CHA-00259,CLI-0069,2026-03-17,125,instalação,true
CHA-00260,CLI-0069,2025-11-19,113,financeiro,true
CHA-00261,CLI-0069,2025-07-12,100,instalação,true
CHA-00262,CLI-0069,2026-03-11,120,financeiro,true
CHA-00263,CLI-0069,2025-10-11,180,financeiro,true
CHA-00264,CLI-0070,2026-02-06,10,equipamento,true
CHA-00265,CLI-0070,2025-08-19,160,financeiro,true
CHA-00266,CLI-0070,2025-09-03,171,financeiro,false
CHA-00267,CLI-0070,2026-03-09,95,instalação,true
CHA-00268,CLI-0070,2025-11-25,203,equipamento,true
CHA-00269,CLI-0070,2026-01-18,162,instalação,true
CHA-00270,CLI-0070,2026-05-19,227,financeiro,true
CHA-00271,CLI-0071,2025-11-06,200,conexão,true
CHA-00272,CLI-0071,2025-09-19,44,conexão,true
CHA-00273,CLI-0071,2026-01-14,84,financeiro,true
CHA-00274,CLI-0071,2026-03-09,118,financeiro,true
CHA-00275,CLI-0071,2026-05-06,12,conexão,true
CHA-00276,CLI-0071,2026-02-16,226,equipamento,true
CHA-00277,CLI-0071,2025-10-29,74,equipamento,true
CHA-00278,CLI-0071,2025-08-09,143,financeiro,true
CHA-00279,CLI-0071,2025-12-11,166,equipamento,true
CHA-00280,CLI-0072,2025-09-05,104,equipamento,true
CHA-00281,CLI-0072,2026-06-22,113,financeiro,true
CHA-00282,CLI-0072,2025-06-18,237,instalação,true
CHA-00283,CLI-0072,2025-07-17,141,instalação,true
CHA-00284,CLI-0072,2026-06-27,51,financeiro,true
CHA-00285,CLI-0073,2025-07-31,117,conexão,true
CHA-00286,CLI-0073,2026-05-16,8,equipamento,true
CHA-00287,CLI-0073,2025-12-29,84,equipamento,false
CHA-00288,CLI-0073,2025-12-07,183,conexão,true
CHA-00289,CLI-0073,2025-07-13,42,conexão,true
CHA-00290,CLI-0073,2026-01-13,23,equipamento,true
CHA-00291,CLI-0075,2026-04-25,10,equipamento,true
CHA-00292,CLI-0075,2026-05-25,69,conexão,true
CHA-00293,CLI-0075,2025-12-20,148,instalação,true
CHA-00294,CLI-0075,2025-11-24,53,financeiro,true
CHA-00295,CLI-0075,2026-02-17,192,equipamento,true
CHA-00296,CLI-0076,2026-06-28,16,financeiro,true
CHA-00297,CLI-0076,2026-07-16,56,conexão,true
CHA-00298,CLI-0076,2026-06-12,13,equipamento,true
CHA-00299,CLI-0079,2025-10-22,135,financeiro,true
CHA-00300,CLI-0079,2025-12-09,96,financeiro,true
CHA-00301,CLI-0079,2026-01-26,232,financeiro,true
CHA-00302,CLI-0081,2026-05-24,128,financeiro,true
CHA-00303,CLI-0081,2025-09-02,151,financeiro,true
CHA-00304,CLI-0081,2025-07-21,139,financeiro,true
CHA-00305,CLI-0081,2026-03-18,203,equipamento,true
CHA-00306,CLI-0082,2025-12-14,125,conexão,true
CHA-00307,CLI-0082,2025-07-19,142,financeiro,true
CHA-00308,CLI-0082,2025-11-07,197,instalação,true
CHA-00309,CLI-0082,2025-09-17,191,financeiro,true
CHA-00310,CLI-0083,2026-06-07,9,instalação,true
CHA-00311,CLI-0083,2025-09-03,103,financeiro,false
CHA-00312,CLI-0083,2025-11-14,186,conexão,false
CHA-00313,CLI-0083,2025-11-26,226,conexão,true
CHA-00314,CLI-0083,2025-11-18,122,conexão,true
CHA-00315,CLI-0083,2025-11-03,83,instalação,true
CHA-00316,CLI-0083,2025-07-16,45,conexão,true
CHA-00317,CLI-0084,2026-05-23,153,financeiro,true
CHA-00318,CLI-0084,2026-02-24,181,financeiro,true
CHA-00319,CLI-0084,2025-07-03,42,financeiro,true
CHA-00320,CLI-0084,2025-10-20,141,conexão,true
CHA-00321,CLI-0084,2026-05-19,191,conexão,true
CHA-00322,CLI-0084,2026-01-02,110,instalação,true
CHA-00323,CLI-0084,2025-06-07,233,instalação,true
CHA-00324,CLI-0085,2026-04-10,195,financeiro,true
CHA-00325,CLI-0085,2026-06-29,50,equipamento,true
CHA-00326,CLI-0085,2025-11-24,181,instalação,true
CHA-00327,CLI-0085,2026-03-28,114,equipamento,true
CHA-00328,CLI-0085,2025-09-24,193,equipamento,true
CHA-00329,CLI-0085,2026-01-12,161,conexão,true
CHA-00330,CLI-0085,2025-12-13,121,conexão,true
CHA-00331,CLI-0085,2026-03-29,137,equipamento,false
CHA-00332,CLI-0085,2026-07-12,147,equipamento,true
CHA-00333,CLI-0085,2025-09-13,17,financeiro,true
CHA-00334,CLI-0085,2026-01-10,231,instalação,true
CHA-00335,CLI-0087,2026-03-07,165,financeiro,true
CHA-00336,CLI-0087,2026-05-26,56,conexão,true
CHA-00337,CLI-0087,2026-03-25,8,equipamento,true
CHA-00338,CLI-0088,2026-03-09,161,financeiro,false
CHA-00339,CLI-0088,2025-07-14,153,instalação,false
CHA-00340,CLI-0088,2026-06-15,201,instalação,true
CHA-00341,CLI-0088,2026-01-19,214,conexão,true
CHA-00342,CLI-0088,2025-10-24,21,instalação,true
CHA-00343,CLI-0088,2026-05-31,182,instalação,true
CHA-00344,CLI-0088,2026-01-02,139,financeiro,true
CHA-00345,CLI-0088,2025-09-22,19,conexão,true
CHA-00346,CLI-0088,2025-09-13,140,conexão,true
CHA-00347,CLI-0088,2025-08-14,159,instalação,true
CHA-00348,CLI-0089,2026-02-25,81,instalação,true
CHA-00349,CLI-0089,2026-06-04,180,instalação,true
CHA-00350,CLI-0089,2025-07-27,150,conexão,true
CHA-00351,CLI-0090,2026-01-21,165,financeiro,true
CHA-00352,CLI-0090,2026-01-14,52,conexão,true
CHA-00353,CLI-0090,2025-07-13,83,instalação,true
CHA-00354,CLI-0090,2026-03-15,110,conexão,true
CHA-00355,CLI-0090,2026-04-02,100,equipamento,true
CHA-00356,CLI-0090,2026-02-28,60,instalação,true
CHA-00357,CLI-0090,2026-01-22,205,conexão,true
CHA-00358,CLI-0090,2026-06-15,118,conexão,true
CHA-00359,CLI-0090,2025-11-18,44,financeiro,true
CHA-00360,CLI-0090,2025-11-27,192,instalação,true
CHA-00361,CLI-0091,2026-03-14,34,conexão,false
CHA-00362,CLI-0091,2025-10-19,136,conexão,true
CHA-00363,CLI-0091,2026-02-03,145,instalação,true
CHA-00364,CLI-0091,2025-08-06,210,instalação,true
CHA-00365,CLI-0091,2026-05-06,23,instalação,true
CHA-00366,CLI-0092,2025-08-03,201,equipamento,true
CHA-00367,CLI-0092,2026-04-09,41,instalação,false
CHA-00368,CLI-0092,2026-01-13,51,instalação,true
CHA-00369,CLI-0092,2026-02-16,121,equipamento,true
CHA-00370,CLI-0092,2025-12-01,33,instalação,true
CHA-00371,CLI-0093,2025-08-02,151,equipamento,true
CHA-00372,CLI-0093,2025-09-30,123,instalação,true
CHA-00373,CLI-0093,2025-06-07,118,financeiro,true
CHA-00374,CLI-0095,2025-08-23,37,financeiro,true
CHA-00375,CLI-0095,2025-09-04,9,financeiro,true
CHA-00376,CLI-0095,2025-11-25,173,equipamento,false
CHA-00377,CLI-0095,2026-05-24,26,financeiro,true
CHA-00378,CLI-0095,2026-01-01,225,equipamento,true
CHA-00379,CLI-0096,2025-12-06,137,conexão,true
CHA-00380,CLI-0096,2025-09-23,27,financeiro,true
CHA-00381,CLI-0096,2025-07-18,174,conexão,true
CHA-00382,CLI-0097,2026-03-23,8,conexão,true
CHA-00383,CLI-0097,2025-10-03,194,financeiro,true
CHA-00384,CLI-0097,2026-01-24,211,financeiro,true
CHA-00385,CLI-0097,2025-08-08,65,equipamento,true
CHA-00386,CLI-0097,2025-11-04,225,conexão,true
CHA-00387,CLI-0097,2026-06-19,42,financeiro,true
CHA-00388,CLI-0098,2025-11-02,64,equipamento,true
CHA-00389,CLI-0098,2026-01-14,126,instalação,true
CHA-00390,CLI-0098,2025-12-22,8,instalação,false
CHA-00391,CLI-0098,2025-12-15,102,instalação,false
CHA-00392,CLI-0098,2025-08-17,15,conexão,false
CHA-00393,CLI-0101,2025-09-21,169,conexão,false
CHA-00394,CLI-0102,2026-01-30,90,instalação,true
CHA-00395,CLI-0102,2025-09-12,170,conexão,true
CHA-00396,CLI-0102,2026-02-08,25,equipamento,true
CHA-00397,CLI-0103,2026-06-02,59,equipamento,false
CHA-00398,CLI-0103,2025-10-31,43,financeiro,false
CHA-00399,CLI-0103,2026-07-14,193,financeiro,true
CHA-00400,CLI-0103,2026-07-23,125,conexão,true
CHA-00401,CLI-0104,2026-06-30,35,instalação,true
CHA-00402,CLI-0104,2026-01-01,48,instalação,true
CHA-00403,CLI-0104,2025-12-20,67,conexão,true
CHA-00404,CLI-0104,2025-06-22,221,equipamento,true
CHA-00405,CLI-0104,2026-07-24,230,equipamento,true
CHA-00406,CLI-0105,2025-11-15,61,equipamento,true
CHA-00407,CLI-0105,2025-08-29,58,instalação,true
CHA-00408,CLI-0105,2026-06-05,208,financeiro,true
CHA-00409,CLI-0105,2025-12-02,132,financeiro,true
CHA-00410,CLI-0105,2026-07-10,18,instalação,true
CHA-00411,CLI-0105,2025-12-22,69,instalação,true
CHA-00412,CLI-0105,2025-07-09,121,conexão,true
CHA-00413,CLI-0105,2026-07-06,142,financeiro,true
CHA-00414,CLI-0105,2026-07-18,129,conexão,true
CHA-00415,CLI-0105,2026-04-03,189,equipamento,true
CHA-00416,CLI-0107,2025-10-03,43,conexão,true
CHA-00417,CLI-0107,2026-07-10,15,equipamento,true
CHA-00418,CLI-0108,2025-09-14,23,equipamento,true
CHA-00419,CLI-0108,2026-02-12,140,conexão,true
CHA-00420,CLI-0108,2025-07-12,74,financeiro,true
CHA-00421,CLI-0108,2026-06-21,163,instalação,true
CHA-00422,CLI-0108,2026-07-04,136,instalação,true
CHA-00423,CLI-0108,2026-06-06,103,instalação,true
CHA-00424,CLI-0108,2026-07-12,98,instalação,true
CHA-00425,CLI-0109,2026-02-18,95,instalação,true
CHA-00426,CLI-0109,2025-12-28,75,conexão,true
CHA-00427,CLI-0109,2026-02-06,120,equipamento,true
CHA-00428,CLI-0109,2026-05-31,125,instalação,true
CHA-00429,CLI-0110,2025-11-08,170,instalação,true
CHA-00430,CLI-0110,2026-02-07,172,instalação,true
CHA-00431,CLI-0110,2025-08-26,183,equipamento,true
CHA-00432,CLI-0110,2025-10-15,38,instalação,true
CHA-00433,CLI-0112,2025-11-29,235,conexão,true
CHA-00434,CLI-0112,2025-10-23,34,instalação,true
CHA-00435,CLI-0112,2025-09-19,220,financeiro,true
CHA-00436,CLI-0113,2025-07-18,111,equipamento,true
CHA-00437,CLI-0113,2025-06-15,191,equipamento,true
CHA-00438,CLI-0113,2026-01-01,40,conexão,true
CHA-00439,CLI-0113,2026-02-27,126,instalação,true
CHA-00440,CLI-0113,2025-10-03,198,equipamento,true
CHA-00441,CLI-0114,2025-11-22,22,instalação,true
CHA-00442,CLI-0114,2025-10-16,116,instalação,true
CHA-00443,CLI-0114,2025-12-01,182,conexão,true
CHA-00444,CLI-0115,2026-03-16,180,instalação,true
CHA-00445,CLI-0115,2025-10-09,95,financeiro,true
CHA-00446,CLI-0115,2025-11-09,77,instalação,true
CHA-00447,CLI-0115,2026-01-03,92,financeiro,true
CHA-00448,CLI-0115,2026-05-14,133,financeiro,true
CHA-00449,CLI-0115,2025-06-20,234,conexão,true
CHA-00450,CLI-0115,2026-06-23,34,financeiro,false
CHA-00451,CLI-0116,2026-06-02,237,instalação,true
CHA-00452,CLI-0117,2026-05-11,223,financeiro,true
CHA-00453,CLI-0117,2026-06-28,30,conexão,true
CHA-00454,CLI-0117,2025-07-31,54,instalação,true
CHA-00455,CLI-0117,2025-07-11,142,conexão,false
CHA-00456,CLI-0117,2026-06-12,59,equipamento,true
CHA-00457,CLI-0117,2025-10-04,52,equipamento,true
CHA-00458,CLI-0117,2026-06-08,51,instalação,false
CHA-00459,CLI-0118,2025-12-01,178,instalação,true
CHA-00460,CLI-0118,2025-08-21,130,conexão,true
CHA-00461,CLI-0118,2025-11-07,173,conexão,true
CHA-00462,CLI-0118,2026-01-11,107,conexão,true
CHA-00463,CLI-0118,2026-05-07,21,instalação,false
CHA-00464,CLI-0119,2026-02-27,164,conexão,true
CHA-00465,CLI-0119,2025-08-28,197,equipamento,true
CHA-00466,CLI-0120,2025-08-16,143,equipamento,true
CHA-00467,CLI-0120,2026-05-13,134,conexão,true
CHA-00468,CLI-0120,2025-11-21,156,equipamento,true
CHA-00469,CLI-0120,2026-02-02,201,instalação,true
CHA-00470,CLI-0120,2026-07-18,156,conexão,true
CHA-00471,CLI-0120,2026-01-26,94,conexão,true
CHA-00472,CLI-0120,2025-09-15,92,equipamento,true
CHA-00473,CLI-0122,2026-03-01,115,instalação,true
CHA-00474,CLI-0122,2026-01-08,69,equipamento,true
CHA-00475,CLI-0122,2025-10-25,51,conexão,true
CHA-00476,CLI-0122,2025-11-10,225,financeiro,true
CHA-00477,CLI-0122,2026-04-14,174,equipamento,true
CHA-00478,CLI-0122,2025-09-09,141,equipamento,false
CHA-00479,CLI-0122,2025-07-25,165,conexão,true
CHA-00480,CLI-0124,2026-06-01,138,instalação,true
CHA-00481,CLI-0124,2026-06-16,65,conexão,true
CHA-00482,CLI-0124,2026-02-22,89,equipamento,true
CHA-00483,CLI-0124,2025-07-17,65,equipamento,true
CHA-00484,CLI-0124,2026-06-08,49,financeiro,false
CHA-00485,CLI-0125,2026-01-12,239,instalação,true
CHA-00486,CLI-0125,2025-07-10,65,instalação,true
CHA-00487,CLI-0125,2026-05-11,239,equipamento,true
CHA-00488,CLI-0125,2025-06-12,201,equipamento,true
CHA-00489,CLI-0125,2026-03-14,226,conexão,true
CHA-00490,CLI-0125,2025-11-23,125,equipamento,false
CHA-00491,CLI-0127,2026-01-25,48,conexão,true
CHA-00492,CLI-0127,2025-11-05,116,equipamento,true
CHA-00493,CLI-0127,2025-11-21,35,financeiro,true
CHA-00494,CLI-0128,2026-01-04,207,financeiro,true
CHA-00495,CLI-0128,2026-03-20,65,equipamento,false
CHA-00496,CLI-0128,2026-01-24,154,equipamento,true
CHA-00497,CLI-0128,2025-12-04,39,instalação,false
CHA-00498,CLI-0128,2026-01-10,180,financeiro,true
CHA-00499,CLI-0128,2025-08-04,113,instalação,true
CHA-00500,CLI-0128,2025-10-20,20,conexão,true
CHA-00501,CLI-0128,2026-04-03,125,instalação,false
CHA-00502,CLI-0129,2026-05-28,132,instalação,true
CHA-00503,CLI-0129,2025-12-24,77,instalação,true
CHA-00504,CLI-0129,2025-07-08,72,instalação,true
CHA-00505,CLI-0129,2026-05-09,85,equipamento,true
CHA-00506,CLI-0129,2026-05-16,147,equipamento,true
CHA-00507,CLI-0130,2026-06-23,68,equipamento,true
CHA-00508,CLI-0130,2026-02-14,11,instalação,true
CHA-00509,CLI-0130,2025-08-18,36,equipamento,true
CHA-00510,CLI-0131,2026-01-09,27,conexão,true
CHA-00511,CLI-0131,2026-05-10,104,equipamento,true
CHA-00512,CLI-0131,2025-07-12,172,financeiro,true
CHA-00513,CLI-0131,2025-11-23,210,equipamento,true
CHA-00514,CLI-0132,2026-03-01,43,financeiro,true
CHA-00515,CLI-0132,2026-03-01,220,financeiro,true
CHA-00516,CLI-0132,2026-03-03,150,conexão,true
CHA-00517,CLI-0132,2026-07-09,136,conexão,true
CHA-00518,CLI-0132,2026-01-02,29,equipamento,true
CHA-00519,CLI-0132,2025-10-14,213,instalação,true
CHA-00520,CLI-0133,2025-07-16,159,equipamento,true
CHA-00521,CLI-0133,2025-06-11,162,instalação,true
CHA-00522,CLI-0135,2025-09-05,93,equipamento,true
CHA-00523,CLI-0136,2026-01-01,131,instalação,true
CHA-00524,CLI-0136,2025-10-20,17,conexão,true
CHA-00525,CLI-0136,2026-03-21,96,financeiro,true
CHA-00526,CLI-0136,2025-11-17,13,conexão,true
CHA-00527,CLI-0136,2026-06-04,163,financeiro,true
CHA-00528,CLI-0136,2026-04-09,129,instalação,false
CHA-00529,CLI-0136,2025-06-26,95,conexão,true
CHA-00530,CLI-0136,2025-10-20,73,financeiro,true
CHA-00531,CLI-0137,2025-12-02,92,instalação,true
CHA-00532,CLI-0137,2026-06-19,73,instalação,true
CHA-00533,CLI-0137,2026-01-01,97,financeiro,true
CHA-00534,CLI-0137,2025-07-12,140,equipamento,true
CHA-00535,CLI-0137,2026-05-23,210,equipamento,true
CHA-00536,CLI-0137,2026-01-04,234,equipamento,false
CHA-00537,CLI-0137,2025-11-10,208,instalação,false
CHA-00538,CLI-0137,2025-12-18,42,conexão,true
CHA-00539,CLI-0137,2025-11-10,22,conexão,true
CHA-00540,CLI-0137,2026-01-08,202,financeiro,true
CHA-00541,CLI-0138,2026-02-06,232,equipamento,true
CHA-00542,CLI-0139,2025-10-12,193,conexão,true
CHA-00543,CLI-0139,2026-04-03,211,financeiro,true
CHA-00544,CLI-0139,2026-03-09,175,financeiro,true
CHA-00545,CLI-0139,2025-11-08,193,financeiro,true
CHA-00546,CLI-0139,2025-11-10,154,financeiro,true
CHA-00547,CLI-0139,2026-01-29,121,conexão,true
CHA-00548,CLI-0139,2025-12-27,217,equipamento,true
CHA-00549,CLI-0140,2026-06-02,159,equipamento,true
CHA-00550,CLI-0140,2026-01-24,151,instalação,true
CHA-00551,CLI-0140,2026-05-15,35,instalação,true
CHA-00552,CLI-0140,2026-01-22,82,instalação,true
CHA-00553,CLI-0140,2025-06-22,41,financeiro,true
CHA-00554,CLI-0140,2025-12-29,17,instalação,true
CHA-00555,CLI-0140,2026-04-13,51,equipamento,true
CHA-00556,CLI-0141,2025-10-13,166,instalação,true
CHA-00557,CLI-0141,2026-05-30,169,conexão,true
CHA-00558,CLI-0141,2025-09-19,143,conexão,false
CHA-00559,CLI-0141,2025-11-07,53,equipamento,true
CHA-00560,CLI-0141,2026-07-23,35,financeiro,false
CHA-00561,CLI-0141,2026-03-14,206,financeiro,true
CHA-00562,CLI-0141,2025-08-05,219,equipamento,true
CHA-00563,CLI-0142,2026-03-22,101,conexão,true
CHA-00564,CLI-0142,2026-04-01,197,financeiro,true
CHA-00565,CLI-0142,2025-07-12,134,equipamento,false
CHA-00566,CLI-0142,2026-03-17,20,instalação,true
CHA-00567,CLI-0142,2026-01-05,21,equipamento,true
CHA-00568,CLI-0143,2025-09-12,59,instalação,true
CHA-00569,CLI-0143,2025-07-19,141,conexão,true
CHA-00570,CLI-0144,2025-10-30,25,conexão,true
CHA-00571,CLI-0145,2026-03-12,150,equipamento,true
CHA-00572,CLI-0145,2026-04-24,173,financeiro,true
CHA-00573,CLI-0145,2026-05-28,195,conexão,true
CHA-00574,CLI-0145,2025-10-14,224,financeiro,true
CHA-00575,CLI-0145,2025-07-24,205,instalação,true
CHA-00576,CLI-0146,2025-07-20,62,equipamento,false
CHA-00577,CLI-0146,2026-03-27,55,financeiro,true
CHA-00578,CLI-0146,2026-06-30,165,conexão,true
CHA-00579,CLI-0146,2025-12-23,211,conexão,true
CHA-00580,CLI-0146,2025-09-15,90,instalação,true
CHA-00581,CLI-0146,2025-12-02,66,instalação,true
CHA-00582,CLI-0146,2025-06-07,90,financeiro,false
CHA-00583,CLI-0146,2025-06-30,158,equipamento,true
CHA-00584,CLI-0146,2025-09-15,119,conexão,true
CHA-00585,CLI-0147,2026-02-14,155,financeiro,true
CHA-00586,CLI-0147,2026-07-26,157,conexão,true
CHA-00587,CLI-0147,2026-04-24,236,financeiro,true
CHA-00588,CLI-0147,2026-03-23,95,equipamento,true
CHA-00589,CLI-0147,2025-09-18,118,financeiro,true
CHA-00590,CLI-0148,2025-12-01,182,equipamento,true
CHA-00591,CLI-0148,2026-02-13,223,instalação,true
CHA-00592,CLI-0148,2025-12-30,89,financeiro,true
CHA-00593,CLI-0148,2025-06-23,238,conexão,true
CHA-00594,CLI-0148,2026-07-31,168,financeiro,true
CHA-00595,CLI-0149,2026-06-11,10,financeiro,true
CHA-00596,CLI-0149,2025-06-24,231,conexão,true
CHA-00597,CLI-0149,2026-04-16,83,equipamento,true
CHA-00598,CLI-0149,2025-06-13,100,financeiro,false
CHA-00599,CLI-0149,2025-06-18,164,equipamento,true
CHA-00600,CLI-0149,2026-06-29,35,financeiro,true
CHA-00601,CLI-0149,2026-05-27,208,financeiro,true
CHA-00602,CLI-0149,2026-01-20,182,instalação,true
CHA-00603,CLI-0149,2025-12-25,167,financeiro,false
CHA-00604,CLI-0149,2025-07-07,162,financeiro,true
CHA-00605,CLI-0151,2025-11-18,136,conexão,true
CHA-00606,CLI-0151,2026-04-07,30,conexão,true
CHA-00607,CLI-0151,2026-07-13,144,financeiro,true
CHA-00608,CLI-0154,2026-06-27,121,conexão,true
CHA-00609,CLI-0154,2026-07-27,48,instalação,true
CHA-00610,CLI-0154,2026-01-03,105,financeiro,false
CHA-00611,CLI-0154,2026-05-27,142,equipamento,true
CHA-00612,CLI-0154,2026-06-27,104,financeiro,true
CHA-00613,CLI-0154,2026-04-18,84,equipamento,true
CHA-00614,CLI-0155,2025-10-14,230,equipamento,true
CHA-00615,CLI-0155,2025-10-11,15,conexão,true
CHA-00616,CLI-0155,2025-12-11,93,instalação,true
CHA-00617,CLI-0155,2025-06-13,222,financeiro,true
CHA-00618,CLI-0155,2026-05-02,235,equipamento,true
CHA-00619,CLI-0156,2025-12-08,102,instalação,true
CHA-00620,CLI-0156,2026-04-24,106,conexão,true
CHA-00621,CLI-0156,2026-06-04,186,financeiro,true
CHA-00622,CLI-0156,2025-07-14,123,equipamento,true
CHA-00623,CLI-0156,2026-06-20,145,financeiro,true
CHA-00624,CLI-0157,2026-04-01,56,conexão,true
CHA-00625,CLI-0157,2026-07-18,8,instalação,true
CHA-00626,CLI-0157,2025-08-18,176,conexão,true
CHA-00627,CLI-0157,2026-06-13,209,financeiro,true
CHA-00628,CLI-0157,2026-07-10,111,conexão,true
CHA-00629,CLI-0158,2025-10-14,48,instalação,false
CHA-00630,CLI-0158,2025-09-28,88,equipamento,true
CHA-00631,CLI-0158,2025-07-03,182,financeiro,true
CHA-00632,CLI-0158,2025-09-10,199,instalação,false
CHA-00633,CLI-0159,2026-02-20,169,conexão,true
CHA-00634,CLI-0159,2026-01-01,170,instalação,true
CHA-00635,CLI-0159,2026-04-06,221,instalação,true
CHA-00636,CLI-0159,2026-04-18,143,conexão,false
CHA-00637,CLI-0159,2025-08-26,68,financeiro,true
CHA-00638,CLI-0160,2025-09-10,56,instalação,true
CHA-00639,CLI-0160,2025-11-28,25,instalação,true
CHA-00640,CLI-0160,2026-05-08,125,equipamento,true
CHA-00641,CLI-0160,2025-09-23,193,equipamento,true
CHA-00642,CLI-0160,2025-06-08,208,equipamento,true
CHA-00643,CLI-0160,2026-01-18,114,conexão,true
CHA-00644,CLI-0161,2026-05-10,54,equipamento,false
CHA-00645,CLI-0161,2025-07-03,238,instalação,true
CHA-00646,CLI-0161,2025-11-24,167,instalação,true
CHA-00647,CLI-0161,2025-09-02,103,equipamento,true
CHA-00648,CLI-0161,2026-03-30,127,conexão,false
CHA-00649,CLI-0161,2026-01-28,166,conexão,true
CHA-00650,CLI-0161,2025-09-05,42,instalação,true
CHA-00651,CLI-0161,2025-08-18,42,instalação,true
CHA-00652,CLI-0161,2025-10-09,174,financeiro,true
CHA-00653,CLI-0162,2026-07-29,48,equipamento,true
CHA-00654,CLI-0162,2026-06-27,203,equipamento,true
CHA-00655,CLI-0162,2025-08-31,78,equipamento,true
CHA-00656,CLI-0162,2026-01-22,52,financeiro,true
CHA-00657,CLI-0162,2026-04-30,133,conexão,true
CHA-00658,CLI-0162,2025-06-11,59,financeiro,true
CHA-00659,CLI-0162,2025-07-14,51,financeiro,true
CHA-00660,CLI-0162,2026-01-04,117,conexão,true
CHA-00661,CLI-0162,2026-05-08,25,instalação,true
CHA-00662,CLI-0163,2026-07-31,121,equipamento,true
CHA-00663,CLI-0163,2026-05-22,11,conexão,true
CHA-00664,CLI-0163,2026-03-11,184,financeiro,true
CHA-00665,CLI-0163,2025-09-19,180,equipamento,true
CHA-00666,CLI-0163,2025-08-28,53,conexão,false
CHA-00667,CLI-0163,2025-06-11,87,conexão,true
CHA-00668,CLI-0163,2026-07-09,211,instalação,true
CHA-00669,CLI-0163,2026-04-04,160,equipamento,true
CHA-00670,CLI-0164,2025-07-31,12,financeiro,false
CHA-00671,CLI-0164,2026-02-15,236,equipamento,true
CHA-00672,CLI-0165,2026-05-28,223,instalação,false
CHA-00673,CLI-0165,2025-10-10,193,conexão,true
CHA-00674,CLI-0165,2025-10-03,142,financeiro,true
CHA-00675,CLI-0165,2025-12-28,86,instalação,true
CHA-00676,CLI-0165,2025-06-20,37,financeiro,true
CHA-00677,CLI-0165,2026-07-28,142,equipamento,true
CHA-00678,CLI-0165,2025-06-10,80,financeiro,true
CHA-00679,CLI-0165,2025-12-11,42,instalação,true
CHA-00680,CLI-0166,2025-07-10,105,equipamento,true
CHA-00681,CLI-0166,2025-07-25,77,instalação,true
CHA-00682,CLI-0166,2026-04-24,184,equipamento,true
CHA-00683,CLI-0166,2026-02-17,197,conexão,true
CHA-00684,CLI-0166,2025-08-03,82,equipamento,true
CHA-00685,CLI-0166,2025-10-10,40,equipamento,true
CHA-00686,CLI-0166,2026-03-05,234,financeiro,true
CHA-00687,CLI-0166,2025-06-16,196,financeiro,true
CHA-00688,CLI-0167,2025-08-23,173,conexão,true
CHA-00689,CLI-0167,2025-06-09,171,equipamento,true
CHA-00690,CLI-0167,2025-09-01,118,instalação,true
CHA-00691,CLI-0167,2026-06-03,26,conexão,true
CHA-00692,CLI-0167,2025-08-24,237,financeiro,true
CHA-00693,CLI-0168,2026-04-29,108,conexão,true
CHA-00694,CLI-0168,2025-06-09,142,equipamento,true
CHA-00695,CLI-0168,2025-10-06,142,conexão,true
CHA-00696,CLI-0168,2026-04-17,173,conexão,true
CHA-00697,CLI-0168,2025-09-29,182,financeiro,true
CHA-00698,CLI-0168,2025-12-16,209,instalação,true
CHA-00699,CLI-0168,2026-05-28,152,financeiro,true
CHA-00700,CLI-0169,2026-05-25,159,financeiro,true
CHA-00701,CLI-0169,2026-03-12,37,equipamento,true
CHA-00702,CLI-0169,2026-03-24,71,equipamento,true
CHA-00703,CLI-0169,2026-05-10,107,equipamento,true
CHA-00704,CLI-0169,2026-03-24,178,equipamento,false
CHA-00705,CLI-0170,2026-06-12,101,financeiro,true
CHA-00706,CLI-0170,2026-06-09,205,conexão,true
CHA-00707,CLI-0170,2025-07-25,229,instalação,true
CHA-00708,CLI-0170,2025-06-14,130,conexão,true
CHA-00709,CLI-0170,2025-08-08,151,instalação,true
CHA-00710,CLI-0170,2025-09-24,30,conexão,true
CHA-00711,CLI-0170,2025-07-13,104,financeiro,true
CHA-00712,CLI-0170,2025-07-18,178,equipamento,true
CHA-00713,CLI-0171,2026-05-09,152,conexão,true
CHA-00714,CLI-0171,2026-03-08,146,equipamento,true
CHA-00715,CLI-0171,2026-07-27,113,financeiro,true
CHA-00716,CLI-0172,2025-08-19,68,conexão,true
CHA-00717,CLI-0172,2025-11-27,80,instalação,true
CHA-00718,CLI-0172,2025-07-20,166,equipamento,true
CHA-00719,CLI-0172,2026-02-26,169,conexão,false
CHA-00720,CLI-0172,2025-09-19,222,equipamento,true
CHA-00721,CLI-0172,2026-07-29,162,equipamento,true
CHA-00722,CLI-0173,2026-05-25,106,equipamento,true
CHA-00723,CLI-0173,2026-07-16,46,financeiro,false
CHA-00724,CLI-0173,2025-08-26,73,conexão,true
CHA-00725,CLI-0173,2025-10-24,131,financeiro,true
CHA-00726,CLI-0173,2025-07-06,204,equipamento,true
CHA-00727,CLI-0173,2025-07-18,220,equipamento,true
CHA-00728,CLI-0174,2026-04-27,223,financeiro,true
CHA-00729,CLI-0174,2026-05-26,107,conexão,true
CHA-00730,CLI-0174,2026-04-25,42,equipamento,true
CHA-00731,CLI-0174,2026-04-21,28,conexão,true
CHA-00732,CLI-0174,2025-11-06,83,financeiro,true
CHA-00733,CLI-0174,2025-12-26,127,conexão,true
CHA-00734,CLI-0174,2025-09-06,18,instalação,true
CHA-00735,CLI-0175,2026-01-17,27,conexão,true
CHA-00736,CLI-0175,2025-07-17,159,conexão,true
CHA-00737,CLI-0175,2025-08-31,214,financeiro,true
CHA-00738,CLI-0176,2025-09-29,75,financeiro,true
CHA-00739,CLI-0176,2025-10-16,20,financeiro,true
CHA-00740,CLI-0176,2026-01-10,131,conexão,true
CHA-00741,CLI-0177,2026-02-05,166,instalação,true
CHA-00742,CLI-0177,2025-08-05,231,instalação,true
CHA-00743,CLI-0177,2026-01-04,234,instalação,true
CHA-00744,CLI-0177,2026-07-03,165,conexão,true
CHA-00745,CLI-0178,2025-11-23,191,financeiro,true
CHA-00746,CLI-0178,2026-07-22,84,financeiro,true
CHA-00747,CLI-0178,2025-06-09,105,financeiro,true
CHA-00748,CLI-0178,2026-06-26,114,financeiro,true
CHA-00749,CLI-0178,2025-09-05,108,conexão,true
CHA-00750,CLI-0178,2026-05-23,191,conexão,true
CHA-00751,CLI-0178,2026-01-20,103,conexão,true
CHA-00752,CLI-0178,2026-07-26,200,conexão,true
CHA-00753,CLI-0178,2025-07-03,26,instalação,true
CHA-00754,CLI-0179,2026-02-02,172,instalação,true
CHA-00755,CLI-0179,2025-08-16,103,conexão,true
CHA-00756,CLI-0179,2026-06-06,62,conexão,false
CHA-00757,CLI-0179,2026-03-10,96,conexão,true
CHA-00758,CLI-0180,2025-06-29,172,financeiro,true
CHA-00759,CLI-0180,2026-01-14,119,equipamento,true
CHA-00760,CLI-0180,2026-06-05,152,equipamento,false
CHA-00761,CLI-0181,2026-07-02,238,instalação,true
CHA-00762,CLI-0181,2025-06-29,214,financeiro,true
CHA-00763,CLI-0181,2026-05-20,218,equipamento,true
CHA-00764,CLI-0181,2026-04-09,19,financeiro,true
CHA-00765,CLI-0181,2025-08-10,185,financeiro,true
CHA-00766,CLI-0181,2026-07-19,183,equipamento,true
CHA-00767,CLI-0181,2025-08-07,32,conexão,true
CHA-00768,CLI-0181,2025-10-01,227,financeiro,true
CHA-00769,CLI-0181,2026-01-26,41,conexão,true
CHA-00770,CLI-0181,2026-07-26,150,equipamento,true
CHA-00771,CLI-0181,2026-04-30,125,financeiro,true
CHA-00772,CLI-0182,2026-05-29,195,financeiro,true
CHA-00773,CLI-0182,2026-07-04,61,equipamento,true
CHA-00774,CLI-0182,2025-07-16,148,conexão,true
CHA-00775,CLI-0183,2026-06-15,84,conexão,false
CHA-00776,CLI-0183,2025-07-13,77,equipamento,true
CHA-00777,CLI-0183,2026-02-21,197,equipamento,true
CHA-00778,CLI-0184,2026-07-12,233,equipamento,true
CHA-00779,CLI-0184,2025-09-23,160,conexão,false
CHA-00780,CLI-0184,2025-10-15,165,equipamento,true
CHA-00781,CLI-0184,2026-07-25,41,instalação,true
CHA-00782,CLI-0184,2025-06-19,205,conexão,true
CHA-00783,CLI-0184,2025-12-12,85,financeiro,false
CHA-00784,CLI-0184,2026-05-11,22,instalação,true
CHA-00785,CLI-0184,2026-02-02,27,conexão,true
CHA-00786,CLI-0185,2025-06-07,148,conexão,true
CHA-00787,CLI-0185,2026-06-09,79,equipamento,true
CHA-00788,CLI-0185,2026-01-09,223,conexão,true
CHA-00789,CLI-0185,2025-12-08,176,conexão,true
CHA-00790,CLI-0186,2025-12-04,42,financeiro,true
CHA-00791,CLI-0186,2026-07-16,158,equipamento,true
CHA-00792,CLI-0186,2025-06-14,97,equipamento,false
CHA-00793,CLI-0186,2026-04-14,18,financeiro,true
CHA-00794,CLI-0186,2025-07-09,180,equipamento,true
CHA-00795,CLI-0186,2025-09-10,50,conexão,true
CHA-00796,CLI-0187,2025-07-20,192,instalação,true
CHA-00797,CLI-0187,2025-12-10,42,equipamento,true
CHA-00798,CLI-0187,2026-06-04,207,equipamento,true
CHA-00799,CLI-0187,2025-07-28,5,equipamento,false
CHA-00800,CLI-0187,2026-05-29,167,equipamento,true
CHA-00801,CLI-0187,2025-10-09,29,conexão,true
CHA-00802,CLI-0187,2026-04-27,112,financeiro,true
CHA-00803,CLI-0187,2026-04-13,94,financeiro,false
CHA-00804,CLI-0187,2025-08-19,152,conexão,true
CHA-00805,CLI-0188,2025-11-07,200,instalação,true
CHA-00806,CLI-0188,2026-05-03,122,equipamento,true
CHA-00807,CLI-0188,2025-10-22,157,financeiro,true
CHA-00808,CLI-0188,2026-01-18,77,equipamento,true
CHA-00809,CLI-0188,2025-08-07,163,conexão,false
CHA-00810,CLI-0189,2026-01-01,177,financeiro,true
CHA-00811,CLI-0189,2026-01-01,13,conexão,true
CHA-00812,CLI-0191,2025-07-03,71,conexão,true
CHA-00813,CLI-0191,2026-05-20,165,conexão,true
CHA-00814,CLI-0191,2025-10-09,226,conexão,true
CHA-00815,CLI-0191,2025-09-30,36,conexão,true
CHA-00816,CLI-0191,2026-03-20,234,financeiro,true
CHA-00817,CLI-0192,2026-05-31,54,conexão,true
CHA-00818,CLI-0192,2025-11-09,136,financeiro,true
CHA-00819,CLI-0192,2026-01-27,34,financeiro,true
CHA-00820,CLI-0192,2026-05-23,61,conexão,true
CHA-00821,CLI-0193,2025-09-12,214,conexão,true
CHA-00822,CLI-0193,2026-07-15,135,instalação,true
CHA-00823,CLI-0193,2026-03-04,159,instalação,true
CHA-00824,CLI-0193,2026-06-04,51,instalação,true
CHA-00825,CLI-0193,2026-04-28,96,financeiro,true
CHA-00826,CLI-0194,2026-06-01,36,equipamento,true
CHA-00827,CLI-0194,2026-02-15,156,equipamento,true
CHA-00828,CLI-0194,2026-07-22,77,conexão,true
CHA-00829,CLI-0194,2025-10-11,6,equipamento,true
CHA-00830,CLI-0194,2026-01-07,14,conexão,true
CHA-00831,CLI-0195,2026-07-30,181,conexão,true
CHA-00832,CLI-0195,2025-06-26,16,conexão,true
CHA-00833,CLI-0195,2026-02-27,24,instalação,true
CHA-00834,CLI-0195,2025-09-22,207,equipamento,true
CHA-00835,CLI-0195,2026-05-06,40,equipamento,true
CHA-00836,CLI-0195,2026-02-19,225,financeiro,true
CHA-00837,CLI-0196,2026-04-08,28,instalação,true
CHA-00838,CLI-0196,2025-08-02,26,instalação,true
CHA-00839,CLI-0196,2026-03-30,173,financeiro,true
CHA-00840,CLI-0196,2026-06-24,131,conexão,true
CHA-00841,CLI-0197,2025-07-16,33,financeiro,true
CHA-00842,CLI-0197,2025-12-09,52,instalação,true
CHA-00843,CLI-0197,2025-08-28,140,equipamento,true
CHA-00844,CLI-0197,2026-06-02,145,conexão,true
CHA-00845,CLI-0197,2026-04-15,43,equipamento,true
CHA-00846,CLI-0197,2025-11-14,90,conexão,true
CHA-00847,CLI-0197,2026-01-24,30,conexão,true
CHA-00848,CLI-0197,2025-07-23,113,financeiro,true
CHA-00849,CLI-0198,2026-02-05,168,instalação,true
CHA-00850,CLI-0198,2026-03-07,192,conexão,true
CHA-00851,CLI-0198,2025-11-17,237,equipamento,true
CHA-00852,CLI-0198,2025-08-14,66,financeiro,true
CHA-00853,CLI-0198,2026-06-27,47,financeiro,true
CHA-00854,CLI-0198,2025-12-11,41,conexão,true
CHA-00855,CLI-0199,2026-02-02,82,instalação,true
CHA-00856,CLI-0199,2025-07-01,174,equipamento,true
CHA-00857,CLI-0199,2025-08-15,137,conexão,true
CHA-00858,CLI-0199,2026-01-03,224,financeiro,true
CHA-00859,CLI-0200,2026-03-13,84,financeiro,true
CHA-00860,CLI-0200,2025-11-08,184,instalação,true
CHA-00861,CLI-0201,2025-11-17,175,financeiro,false
CHA-00862,CLI-0201,2025-08-01,74,financeiro,false
CHA-00863,CLI-0201,2026-04-23,115,conexão,true
CHA-00864,CLI-0201,2026-07-16,126,instalação,true
CHA-00865,CLI-0201,2025-08-19,168,equipamento,true
CHA-00866,CLI-0201,2026-06-12,233,instalação,false
CHA-00867,CLI-0201,2025-09-30,84,financeiro,true
CHA-00868,CLI-0201,2025-08-19,229,instalação,true
CHA-00869,CLI-0202,2026-02-22,133,instalação,true
CHA-00870,CLI-0202,2025-12-26,124,equipamento,false
CHA-00871,CLI-0202,2025-12-08,12,conexão,false
CHA-00872,CLI-0202,2025-12-29,27,financeiro,true
CHA-00873,CLI-0202,2026-02-28,206,financeiro,true
CHA-00874,CLI-0204,2025-10-26,71,equipamento,true
CHA-00875,CLI-0204,2025-09-20,36,equipamento,true
CHA-00876,CLI-0204,2026-07-21,52,financeiro,true
CHA-00877,CLI-0204,2025-08-30,66,financeiro,true
CHA-00878,CLI-0206,2026-04-05,29,conexão,true
CHA-00879,CLI-0207,2025-07-18,46,equipamento,true
CHA-00880,CLI-0207,2025-06-13,207,financeiro,true
CHA-00881,CLI-0207,2026-07-20,166,conexão,true
CHA-00882,CLI-0208,2026-02-13,10,financeiro,true
CHA-00883,CLI-0208,2026-03-06,217,instalação,true
CHA-00884,CLI-0208,2026-01-30,22,financeiro,false
CHA-00885,CLI-0208,2026-06-24,141,financeiro,true
CHA-00886,CLI-0208,2025-09-23,133,instalação,true
CHA-00887,CLI-0209,2026-02-03,115,equipamento,true
CHA-00888,CLI-0209,2026-04-07,10,conexão,true
CHA-00889,CLI-0211,2026-04-11,118,instalação,false
CHA-00890,CLI-0211,2025-06-28,146,instalação,true
CHA-00891,CLI-0211,2026-03-29,139,instalação,true
CHA-00892,CLI-0211,2025-10-28,133,conexão,true
CHA-00893,CLI-0211,2026-01-03,185,equipamento,true
CHA-00894,CLI-0211,2026-04-19,238,financeiro,true
CHA-00895,CLI-0212,2026-07-16,143,instalação,false
CHA-00896,CLI-0213,2026-03-27,202,instalação,true
CHA-00897,CLI-0213,2026-01-11,14,instalação,true
CHA-00898,CLI-0213,2025-08-29,69,conexão,true
CHA-00899,CLI-0213,2025-10-14,174,instalação,true
CHA-00900,CLI-0213,2026-05-02,118,equipamento,true
CHA-00901,CLI-0214,2026-02-20,15,financeiro,true
CHA-00902,CLI-0214,2025-08-01,71,instalação,true
CHA-00903,CLI-0214,2026-02-02,143,conexão,true
CHA-00904,CLI-0214,2026-02-03,32,conexão,true
CHA-00905,CLI-0214,2026-06-05,135,conexão,true
CHA-00906,CLI-0214,2026-02-16,151,instalação,true
CHA-00907,CLI-0214,2025-08-18,111,conexão,true
CHA-00908,CLI-0215,2026-06-23,62,equipamento,true
CHA-00909,CLI-0215,2026-05-31,221,conexão,true
CHA-00910,CLI-0215,2025-08-29,139,equipamento,true
CHA-00911,CLI-0215,2026-04-24,219,instalação,false
CHA-00912,CLI-0216,2025-11-16,42,equipamento,true
CHA-00913,CLI-0216,2025-07-02,55,financeiro,true
CHA-00914,CLI-0216,2026-07-25,47,conexão,true
CHA-00915,CLI-0216,2025-07-06,146,equipamento,true
CHA-00916,CLI-0216,2026-05-29,227,conexão,true
CHA-00917,CLI-0217,2026-06-20,43,conexão,true
CHA-00918,CLI-0217,2026-01-24,177,equipamento,true
CHA-00919,CLI-0217,2025-12-20,50,instalação,false
CHA-00920,CLI-0217,2026-06-13,64,instalação,true
CHA-00921,CLI-0217,2026-07-08,149,equipamento,true
CHA-00922,CLI-0217,2026-01-17,86,financeiro,false
CHA-00923,CLI-0217,2026-07-11,213,financeiro,true
CHA-00924,CLI-0217,2026-03-12,152,instalação,true
CHA-00925,CLI-0217,2026-03-09,47,conexão,true
CHA-00926,CLI-0217,2025-11-25,117,financeiro,true
CHA-00927,CLI-0218,2025-12-17,232,equipamento,true
CHA-00928,CLI-0218,2026-06-18,226,financeiro,false
CHA-00929,CLI-0218,2025-07-23,176,conexão,false
CHA-00930,CLI-0218,2025-06-16,25,financeiro,true
CHA-00931,CLI-0218,2026-02-15,45,instalação,true
CHA-00932,CLI-0218,2025-09-13,193,conexão,true
CHA-00933,CLI-0218,2026-02-21,233,conexão,true
CHA-00934,CLI-0219,2025-10-07,65,instalação,true
CHA-00935,CLI-0219,2025-08-30,51,instalação,true
CHA-00936,CLI-0219,2026-03-05,176,equipamento,true
CHA-00937,CLI-0219,2025-09-13,105,instalação,true
CHA-00938,CLI-0220,2025-12-18,113,equipamento,true
CHA-00939,CLI-0220,2026-07-05,73,equipamento,true
CHA-00940,CLI-0220,2026-02-09,167,conexão,true
CHA-00941,CLI-0220,2026-01-04,61,financeiro,true
CHA-00942,CLI-0220,2025-06-28,165,conexão,false
CHA-00943,CLI-0220,2025-09-21,161,instalação,true
CHA-00944,CLI-0220,2025-10-29,10,conexão,true
CHA-00945,CLI-0221,2025-06-11,205,equipamento,true
CHA-00946,CLI-0221,2026-05-26,214,instalação,true
CHA-00947,CLI-0221,2026-06-23,23,equipamento,true
CHA-00948,CLI-0221,2025-07-17,217,financeiro,true
CHA-00949,CLI-0221,2025-10-04,207,equipamento,true
CHA-00950,CLI-0221,2025-09-25,224,instalação,true
CHA-00951,CLI-0221,2025-12-27,136,conexão,true
CHA-00952,CLI-0221,2025-12-10,56,conexão,true
CHA-00953,CLI-0221,2025-08-31,152,equipamento,true
CHA-00954,CLI-0223,2026-01-03,84,instalação,true
CHA-00955,CLI-0223,2026-07-14,87,equipamento,true
CHA-00956,CLI-0223,2026-03-17,181,financeiro,true
CHA-00957,CLI-0223,2025-06-21,130,equipamento,true
CHA-00958,CLI-0223,2025-09-02,65,instalação,true
CHA-00959,CLI-0223,2025-11-27,136,conexão,false
CHA-00960,CLI-0223,2025-12-27,184,conexão,true
CHA-00961,CLI-0224,2025-11-09,159,instalação,true
CHA-00962,CLI-0224,2026-04-16,89,financeiro,true
CHA-00963,CLI-0224,2025-07-31,217,equipamento,true
CHA-00964,CLI-0224,2025-12-31,50,financeiro,true
CHA-00965,CLI-0224,2026-07-30,84,financeiro,true
CHA-00966,CLI-0224,2026-06-14,142,equipamento,true
CHA-00967,CLI-0224,2026-07-01,164,equipamento,true
CHA-00968,CLI-0224,2026-06-28,94,financeiro,true
CHA-00969,CLI-0225,2026-04-13,28,financeiro,true
CHA-00970,CLI-0225,2025-12-01,228,conexão,true
CHA-00971,CLI-0225,2026-07-06,40,equipamento,true
CHA-00972,CLI-0225,2025-12-03,88,instalação,true
CHA-00973,CLI-0225,2026-06-02,66,equipamento,true
CHA-00974,CLI-0225,2026-01-16,185,equipamento,true
CHA-00975,CLI-0226,2025-11-05,54,conexão,true
CHA-00976,CLI-0226,2026-02-14,29,instalação,false
CHA-00977,CLI-0226,2025-11-17,240,conexão,true
CHA-00978,CLI-0226,2026-07-15,170,instalação,true
CHA-00979,CLI-0227,2025-09-21,193,conexão,true
CHA-00980,CLI-0227,2025-08-22,222,instalação,true
CHA-00981,CLI-0227,2026-05-07,236,instalação,true
CHA-00982,CLI-0227,2025-08-26,108,equipamento,true
CHA-00983,CLI-0227,2025-08-24,20,conexão,true
CHA-00984,CLI-0227,2025-07-08,133,financeiro,true
CHA-00985,CLI-0228,2025-07-24,27,financeiro,true
CHA-00986,CLI-0228,2025-09-15,10,financeiro,true
CHA-00987,CLI-0228,2026-04-12,168,instalação,true
CHA-00988,CLI-0229,2025-09-12,180,financeiro,true
CHA-00989,CLI-0229,2025-10-06,103,financeiro,true
CHA-00990,CLI-0230,2025-09-04,236,conexão,true
CHA-00991,CLI-0230,2026-01-30,83,financeiro,true
CHA-00992,CLI-0230,2026-04-28,197,conexão,true
CHA-00993,CLI-0230,2025-09-20,121,equipamento,true
CHA-00994,CLI-0231,2026-07-18,46,financeiro,false
CHA-00995,CLI-0231,2025-09-30,183,financeiro,false
CHA-00996,CLI-0231,2025-10-15,197,financeiro,true
CHA-00997,CLI-0231,2026-02-12,206,conexão,false
CHA-00998,CLI-0231,2026-02-24,207,financeiro,true
CHA-00999,CLI-0231,2025-12-10,106,financeiro,true
CHA-01000,CLI-0231,2025-08-29,42,financeiro,true
CHA-01001,CLI-0232,2025-09-30,105,conexão,true
CHA-01002,CLI-0232,2025-08-24,194,conexão,true
CHA-01003,CLI-0232,2025-09-24,50,financeiro,true
CHA-01004,CLI-0232,2026-02-08,133,conexão,true
CHA-01005,CLI-0232,2025-07-13,106,conexão,true
CHA-01006,CLI-0232,2026-05-23,132,financeiro,true
CHA-01007,CLI-0232,2026-02-28,116,conexão,true
CHA-01008,CLI-0232,2025-09-01,51,equipamento,true
CHA-01009,CLI-0233,2025-07-18,167,conexão,true
CHA-01010,CLI-0233,2025-06-17,237,equipamento,true
CHA-01011,CLI-0233,2025-06-28,126,instalação,true
CHA-01012,CLI-0233,2026-01-27,33,financeiro,false
CHA-01013,CLI-0233,2025-11-02,199,equipamento,true
CHA-01014,CLI-0233,2026-06-22,43,conexão,true
CHA-01015,CLI-0233,2025-08-04,156,instalação,true
CHA-01016,CLI-0234,2026-05-29,191,financeiro,true
CHA-01017,CLI-0234,2025-12-24,233,instalação,true
CHA-01018,CLI-0234,2025-12-10,181,financeiro,false
CHA-01019,CLI-0234,2025-07-22,215,equipamento,true
CHA-01020,CLI-0234,2026-02-15,100,conexão,true
CHA-01021,CLI-0235,2026-07-09,159,equipamento,false
CHA-01022,CLI-0235,2025-08-19,77,instalação,true
CHA-01023,CLI-0235,2026-04-17,9,equipamento,true
CHA-01024,CLI-0235,2026-03-14,73,equipamento,true
CHA-01025,CLI-0235,2025-09-10,86,conexão,true
CHA-01026,CLI-0236,2026-06-20,58,instalação,true
CHA-01027,CLI-0236,2025-07-13,85,equipamento,true
CHA-01028,CLI-0236,2026-07-17,44,financeiro,true
CHA-01029,CLI-0236,2025-10-16,115,equipamento,false
CHA-01030,CLI-0236,2026-07-21,197,instalação,true
CHA-01031,CLI-0236,2025-11-23,65,equipamento,false
CHA-01032,CLI-0237,2026-01-09,78,conexão,true
CHA-01033,CLI-0237,2026-02-11,200,equipamento,true
CHA-01034,CLI-0237,2025-08-17,237,conexão,true
CHA-01035,CLI-0237,2025-09-01,112,equipamento,true
CHA-01036,CLI-0237,2025-09-10,12,financeiro,true
CHA-01037,CLI-0237,2025-09-18,133,conexão,true
CHA-01038,CLI-0237,2025-07-23,109,conexão,true
CHA-01039,CLI-0238,2026-05-12,67,equipamento,true
CHA-01040,CLI-0238,2026-06-27,6,conexão,true
CHA-01041,CLI-0238,2026-01-05,226,equipamento,true
CHA-01042,CLI-0239,2026-02-14,169,conexão,true
CHA-01043,CLI-0239,2025-08-03,130,financeiro,true
CHA-01044,CLI-0240,2026-03-23,168,financeiro,true
CHA-01045,CLI-0240,2026-04-15,154,instalação,true
CHA-01046,CLI-0240,2026-07-26,71,instalação,true
CHA-01047,CLI-0240,2025-07-16,227,equipamento,true
CHA-01048,CLI-0240,2026-05-06,93,financeiro,true
CHA-01049,CLI-0240,2025-11-18,85,instalação,true
CHA-01050,CLI-0240,2025-11-26,170,financeiro,true
CHA-01051,CLI-0241,2025-12-16,150,financeiro,true
CHA-01052,CLI-0241,2025-06-19,194,financeiro,true
CHA-01053,CLI-0241,2025-09-02,224,financeiro,true
CHA-01054,CLI-0241,2025-07-30,121,financeiro,true
CHA-01055,CLI-0241,2025-09-24,73,instalação,true
CHA-01056,CLI-0241,2026-04-26,192,conexão,false
CHA-01057,CLI-0241,2026-05-26,138,instalação,true
CHA-01058,CLI-0241,2026-04-07,67,equipamento,true
CHA-01059,CLI-0241,2025-10-31,230,conexão,true
CHA-01060,CLI-0242,2026-03-01,72,financeiro,true
CHA-01061,CLI-0242,2025-08-19,148,instalação,true
CHA-01062,CLI-0242,2026-06-05,198,financeiro,true
CHA-01063,CLI-0242,2026-02-19,233,equipamento,true
CHA-01064,CLI-0243,2025-06-28,190,instalação,true
CHA-01065,CLI-0244,2025-07-19,56,financeiro,true
CHA-01066,CLI-0244,2025-12-19,224,instalação,true
CHA-01067,CLI-0244,2026-03-30,46,instalação,true
CHA-01068,CLI-0244,2025-07-28,156,equipamento,false
CHA-01069,CLI-0244,2026-07-09,204,equipamento,true
CHA-01070,CLI-0245,2025-07-19,85,instalação,false
CHA-01071,CLI-0245,2025-12-16,196,financeiro,true
CHA-01072,CLI-0245,2025-12-05,63,equipamento,true
CHA-01073,CLI-0245,2026-04-22,178,instalação,true
CHA-01074,CLI-0245,2025-07-15,10,financeiro,true
CHA-01075,CLI-0245,2026-01-03,114,equipamento,true
CHA-01076,CLI-0245,2025-06-19,17,conexão,false
CHA-01077,CLI-0246,2026-04-30,170,instalação,true
CHA-01078,CLI-0246,2025-06-28,182,equipamento,true
CHA-01079,CLI-0246,2026-01-08,152,instalação,true
CHA-01080,CLI-0246,2026-01-14,9,conexão,true
CHA-01081,CLI-0247,2025-12-19,36,equipamento,true
CHA-01082,CLI-0247,2025-07-17,223,financeiro,true
CHA-01083,CLI-0247,2025-12-16,117,equipamento,true
CHA-01084,CLI-0247,2025-07-03,102,conexão,true
CHA-01085,CLI-0248,2025-08-07,26,equipamento,true
CHA-01086,CLI-0248,2026-07-24,75,instalação,true
CHA-01087,CLI-0248,2026-03-27,50,conexão,true
CHA-01088,CLI-0248,2026-05-14,40,equipamento,true
CHA-01089,CLI-0248,2026-07-01,157,financeiro,true
CHA-01090,CLI-0248,2025-08-28,80,instalação,true
CHA-01091,CLI-0249,2026-01-20,200,financeiro,true
CHA-01092,CLI-0249,2026-07-25,94,financeiro,true
CHA-01093,CLI-0249,2026-06-29,33,equipamento,true
CHA-01094,CLI-0249,2026-01-01,224,equipamento,true
CHA-01095,CLI-0249,2025-09-27,212,conexão,true
CHA-01096,CLI-0250,2026-07-15,196,equipamento,true
CHA-01097,CLI-0250,2025-06-21,55,financeiro,true
CHA-01098,CLI-0250,2025-09-11,13,financeiro,true
CHA-01099,CLI-0250,2026-02-17,7,equipamento,true
CHA-01100,CLI-0250,2026-02-06,53,equipamento,true
CHA-01101,CLI-0250,2026-04-14,121,instalação,true
CHA-01102,CLI-0251,2026-04-30,106,financeiro,true
CHA-01103,CLI-0251,2025-08-18,61,conexão,true
CHA-01104,CLI-0251,2025-07-16,95,financeiro,true
CHA-01105,CLI-0251,2025-11-03,139,conexão,true
CHA-01106,CLI-0251,2026-01-28,143,financeiro,true
CHA-01107,CLI-0251,2025-11-03,47,instalação,true
CHA-01108,CLI-0251,2025-08-18,47,financeiro,true
CHA-01109,CLI-0251,2025-07-13,188,financeiro,true
CHA-01110,CLI-0251,2025-09-23,113,financeiro,true
CHA-01111,CLI-0251,2026-01-08,80,equipamento,false
CHA-01112,CLI-0251,2025-12-29,233,equipamento,true
CHA-01113,CLI-0251,2026-05-24,189,instalação,true
CHA-01114,CLI-0252,2026-04-18,118,financeiro,true
CHA-01115,CLI-0252,2025-07-08,88,conexão,true
CHA-01116,CLI-0252,2025-11-08,84,conexão,true
CHA-01117,CLI-0252,2025-09-29,125,financeiro,true
CHA-01118,CLI-0252,2026-03-02,215,conexão,true
CHA-01119,CLI-0252,2025-09-23,121,financeiro,true
CHA-01120,CLI-0252,2025-07-11,238,instalação,true
CHA-01121,CLI-0252,2026-07-12,102,instalação,true
CHA-01122,CLI-0252,2025-12-06,114,financeiro,true
CHA-01123,CLI-0252,2025-08-12,226,equipamento,true
CHA-01124,CLI-0253,2025-06-28,216,equipamento,true
CHA-01125,CLI-0253,2025-10-16,101,equipamento,true
CHA-01126,CLI-0253,2026-06-07,156,conexão,true
CHA-01127,CLI-0254,2026-01-30,214,instalação,true
CHA-01128,CLI-0254,2026-03-27,75,equipamento,true
CHA-01129,CLI-0254,2026-02-16,122,instalação,true
CHA-01130,CLI-0254,2026-05-11,58,instalação,true
CHA-01131,CLI-0254,2025-07-12,94,financeiro,true
CHA-01132,CLI-0256,2025-08-11,61,financeiro,true
CHA-01133,CLI-0256,2025-12-19,170,financeiro,true
CHA-01134,CLI-0256,2026-03-03,67,conexão,true
CHA-01135,CLI-0256,2025-11-27,219,equipamento,true
CHA-01136,CLI-0257,2025-07-29,94,financeiro,true
CHA-01137,CLI-0257,2025-10-11,219,conexão,true
CHA-01138,CLI-0257,2025-12-20,132,equipamento,true
CHA-01139,CLI-0257,2026-05-06,10,equipamento,true
CHA-01140,CLI-0257,2026-07-03,234,instalação,true
CHA-01141,CLI-0258,2025-07-01,23,conexão,true
CHA-01142,CLI-0258,2025-07-24,46,financeiro,true
CHA-01143,CLI-0258,2025-09-28,203,financeiro,true
CHA-01144,CLI-0258,2026-07-17,171,equipamento,true
CHA-01145,CLI-0258,2026-02-13,27,conexão,false
CHA-01146,CLI-0258,2025-10-12,184,equipamento,true
CHA-01147,CLI-0259,2026-01-17,83,conexão,true
CHA-01148,CLI-0259,2025-10-15,149,instalação,true
CHA-01149,CLI-0259,2026-05-05,53,equipamento,true
CHA-01150,CLI-0259,2026-04-12,93,conexão,true
CHA-01151,CLI-0260,2026-06-03,176,conexão,true
CHA-01152,CLI-0260,2026-01-26,41,financeiro,false
CHA-01153,CLI-0260,2025-11-23,53,equipamento,true
CHA-01154,CLI-0261,2025-07-03,78,conexão,true
CHA-01155,CLI-0262,2026-07-09,102,financeiro,false
CHA-01156,CLI-0262,2026-06-03,79,conexão,false
CHA-01157,CLI-0262,2025-08-29,213,instalação,false
CHA-01158,CLI-0263,2026-06-03,45,equipamento,true
CHA-01159,CLI-0263,2025-10-31,88,financeiro,false
CHA-01160,CLI-0263,2026-03-23,179,equipamento,true
CHA-01161,CLI-0263,2026-03-08,77,instalação,true
CHA-01162,CLI-0263,2026-06-01,106,financeiro,false
CHA-01163,CLI-0264,2025-09-06,19,equipamento,true
CHA-01164,CLI-0264,2026-03-05,134,conexão,true
CHA-01165,CLI-0264,2025-09-14,54,instalação,true
CHA-01166,CLI-0265,2025-10-17,144,conexão,true
CHA-01167,CLI-0265,2025-12-01,151,equipamento,true
CHA-01168,CLI-0265,2025-09-20,104,equipamento,false
CHA-01169,CLI-0265,2026-04-02,179,equipamento,true
CHA-01170,CLI-0265,2026-02-06,167,equipamento,true
CHA-01171,CLI-0266,2026-02-10,88,equipamento,true
CHA-01172,CLI-0266,2025-11-03,57,financeiro,true
CHA-01173,CLI-0266,2026-04-26,150,financeiro,false
CHA-01174,CLI-0266,2025-07-24,173,instalação,false
CHA-01175,CLI-0266,2025-10-25,225,equipamento,true
CHA-01176,CLI-0266,2026-02-25,59,equipamento,true
CHA-01177,CLI-0267,2025-09-22,140,conexão,true
CHA-01178,CLI-0268,2025-12-04,184,instalação,true
CHA-01179,CLI-0268,2026-03-27,34,financeiro,false
CHA-01180,CLI-0268,2026-06-13,198,conexão,true
CHA-01181,CLI-0270,2026-07-23,82,equipamento,true
CHA-01182,CLI-0270,2025-12-04,102,equipamento,true
CHA-01183,CLI-0270,2025-08-22,74,equipamento,true
CHA-01184,CLI-0271,2026-05-14,154,equipamento,true
CHA-01185,CLI-0271,2026-02-13,206,conexão,true
CHA-01186,CLI-0271,2026-07-04,185,financeiro,true
CHA-01187,CLI-0271,2025-07-16,25,financeiro,true
CHA-01188,CLI-0271,2026-06-16,5,equipamento,true
CHA-01189,CLI-0271,2026-04-04,58,conexão,true
CHA-01190,CLI-0271,2026-01-15,87,financeiro,true
CHA-01191,CLI-0272,2025-07-08,24,financeiro,true
CHA-01192,CLI-0272,2026-02-18,198,financeiro,true
CHA-01193,CLI-0272,2025-09-10,219,instalação,true
CHA-01194,CLI-0273,2026-06-17,86,instalação,true
CHA-01195,CLI-0273,2025-09-25,178,conexão,true
CHA-01196,CLI-0273,2025-07-25,219,instalação,true
CHA-01197,CLI-0273,2025-07-17,212,equipamento,true
CHA-01198,CLI-0273,2026-03-01,200,equipamento,true
CHA-01199,CLI-0273,2025-07-16,53,financeiro,true
CHA-01200,CLI-0273,2026-07-11,181,instalação,true
CHA-01201,CLI-0273,2025-12-08,88,equipamento,true
CHA-01202,CLI-0273,2025-12-07,120,financeiro,true
CHA-01203,CLI-0274,2026-02-10,55,conexão,true
CHA-01204,CLI-0274,2026-05-12,82,instalação,true
CHA-01205,CLI-0274,2025-11-25,160,equipamento,true
CHA-01206,CLI-0274,2026-05-12,129,conexão,true
CHA-01207,CLI-0274,2026-06-08,22,instalação,true
CHA-01208,CLI-0274,2025-09-24,79,financeiro,true
CHA-01209,CLI-0275,2026-05-28,87,financeiro,true
CHA-01210,CLI-0275,2025-09-23,65,financeiro,true
CHA-01211,CLI-0275,2025-12-04,232,conexão,true
CHA-01212,CLI-0275,2026-06-14,103,financeiro,true
CHA-01213,CLI-0275,2026-06-21,140,equipamento,true
CHA-01214,CLI-0276,2026-03-27,207,equipamento,true
CHA-01215,CLI-0276,2025-06-08,223,conexão,true
CHA-01216,CLI-0277,2025-12-22,170,instalação,true
CHA-01217,CLI-0277,2026-02-15,161,conexão,true
CHA-01218,CLI-0277,2026-02-17,149,conexão,true
CHA-01219,CLI-0277,2026-07-04,190,financeiro,true
CHA-01220,CLI-0278,2026-04-08,127,conexão,true
CHA-01221,CLI-0278,2025-07-09,64,financeiro,false
CHA-01222,CLI-0278,2026-05-23,133,instalação,true
CHA-01223,CLI-0278,2025-07-10,167,equipamento,true
CHA-01224,CLI-0279,2026-05-12,218,financeiro,true
CHA-01225,CLI-0280,2026-04-12,135,conexão,true
CHA-01226,CLI-0280,2026-04-13,217,financeiro,true
CHA-01227,CLI-0280,2026-04-18,132,equipamento,true
CHA-01228,CLI-0280,2025-12-10,105,financeiro,false
CHA-01229,CLI-0280,2025-11-29,148,instalação,true
CHA-01230,CLI-0280,2025-08-25,224,financeiro,true
CHA-01231,CLI-0280,2026-06-08,231,conexão,true
CHA-01232,CLI-0280,2025-09-18,17,conexão,false
CHA-01233,CLI-0280,2026-08-01,82,equipamento,true
CHA-01234,CLI-0280,2025-10-15,45,conexão,true
CHA-01235,CLI-0281,2026-07-17,14,equipamento,true
CHA-01236,CLI-0281,2025-12-06,110,financeiro,false
CHA-01237,CLI-0281,2025-10-10,234,conexão,true
CHA-01238,CLI-0281,2025-07-03,229,instalação,true
CHA-01239,CLI-0281,2025-07-29,127,financeiro,true
CHA-01240,CLI-0281,2026-07-20,176,instalação,false
CHA-01241,CLI-0281,2026-04-27,65,equipamento,true
CHA-01242,CLI-0281,2025-09-03,16,equipamento,true
CHA-01243,CLI-0283,2025-11-24,34,instalação,true
CHA-01244,CLI-0283,2025-06-19,100,equipamento,true
CHA-01245,CLI-0284,2025-11-16,209,conexão,true
CHA-01246,CLI-0284,2026-06-26,182,instalação,true
CHA-01247,CLI-0284,2026-01-06,82,financeiro,true
CHA-01248,CLI-0284,2026-06-13,213,financeiro,true
CHA-01249,CLI-0286,2026-06-14,7,financeiro,true
CHA-01250,CLI-0287,2026-07-10,82,financeiro,true
CHA-01251,CLI-0287,2025-08-17,154,equipamento,true
CHA-01252,CLI-0287,2025-12-17,211,conexão,true
CHA-01253,CLI-0287,2026-05-22,38,conexão,true
CHA-01254,CLI-0287,2026-01-26,208,equipamento,true
CHA-01255,CLI-0287,2025-11-06,234,instalação,true
CHA-01256,CLI-0287,2026-06-08,112,equipamento,true
CHA-01257,CLI-0287,2025-12-21,147,equipamento,true
CHA-01258,CLI-0288,2025-11-13,206,conexão,true
CHA-01259,CLI-0289,2026-07-02,197,equipamento,true
CHA-01260,CLI-0289,2026-02-18,204,equipamento,true
CHA-01261,CLI-0289,2025-08-23,190,instalação,true
CHA-01262,CLI-0289,2025-09-25,219,financeiro,true
CHA-01263,CLI-0290,2026-02-15,240,instalação,true
CHA-01264,CLI-0290,2025-12-04,135,equipamento,true
CHA-01265,CLI-0290,2025-08-14,155,financeiro,true
CHA-01266,CLI-0291,2025-08-15,97,instalação,true
CHA-01267,CLI-0291,2025-12-08,153,financeiro,true
CHA-01268,CLI-0291,2025-07-27,229,instalação,true
CHA-01269,CLI-0292,2025-11-24,157,conexão,true
CHA-01270,CLI-0292,2026-01-15,85,conexão,true
CHA-01271,CLI-0292,2026-05-31,97,conexão,true
CHA-01272,CLI-0292,2026-06-27,76,conexão,true
CHA-01273,CLI-0292,2026-03-17,37,conexão,false
CHA-01274,CLI-0292,2025-08-15,113,financeiro,true
CHA-01275,CLI-0292,2025-08-28,150,conexão,true
CHA-01276,CLI-0292,2026-02-10,164,instalação,true
CHA-01277,CLI-0292,2026-03-31,64,financeiro,true
CHA-01278,CLI-0292,2025-10-13,197,instalação,false
CHA-01279,CLI-0292,2026-02-01,220,financeiro,true
CHA-01280,CLI-0292,2025-10-22,154,instalação,true
CHA-01281,CLI-0293,2025-09-21,197,equipamento,true
CHA-01282,CLI-0293,2025-07-06,74,financeiro,true
CHA-01283,CLI-0293,2025-11-23,116,instalação,true
CHA-01284,CLI-0293,2025-11-19,134,equipamento,true
CHA-01285,CLI-0294,2025-12-27,27,equipamento,true
CHA-01286,CLI-0294,2026-04-06,73,instalação,false
CHA-01287,CLI-0294,2026-03-21,127,financeiro,true
CHA-01288,CLI-0294,2025-10-06,170,financeiro,true
CHA-01289,CLI-0295,2025-06-09,205,financeiro,true
CHA-01290,CLI-0295,2025-06-29,123,instalação,true
CHA-01291,CLI-0295,2026-05-15,141,financeiro,true
CHA-01292,CLI-0295,2026-07-28,88,financeiro,true
CHA-01293,CLI-0295,2025-11-12,213,conexão,true
CHA-01294,CLI-0296,2025-07-11,15,conexão,false
CHA-01295,CLI-0296,2026-05-24,5,instalação,true
CHA-01296,CLI-0296,2025-06-18,130,equipamento,true
CHA-01297,CLI-0296,2025-07-26,108,equipamento,false
CHA-01298,CLI-0296,2025-11-08,95,equipamento,true
CHA-01299,CLI-0299,2026-07-26,39,financeiro,true
CHA-01300,CLI-0299,2026-04-24,111,financeiro,true
CHA-01301,CLI-0299,2025-10-15,70,financeiro,true
CHA-01302,CLI-0299,2026-06-29,46,conexão,true
CHA-01303,CLI-0300,2025-11-19,190,equipamento,true
CHA-01304,CLI-0300,2025-10-03,81,instalação,true
CHA-01305,CLI-0300,2026-05-18,147,financeiro,true
CHA-01306,CLI-0300,2026-04-11,230,financeiro,true
CHA-01307,CLI-0301,2026-05-09,91,financeiro,true
CHA-01308,CLI-0301,2025-10-02,101,conexão,true
CHA-01309,CLI-0301,2026-06-20,208,conexão,true
CHA-01310,CLI-0302,2026-06-07,73,instalação,true
CHA-01311,CLI-0302,2025-11-05,23,instalação,true
CHA-01312,CLI-0303,2026-02-15,58,financeiro,true
CHA-01313,CLI-0303,2025-08-06,44,conexão,true
CHA-01314,CLI-0303,2025-10-05,229,conexão,true
CHA-01315,CLI-0303,2025-12-15,37,financeiro,true
CHA-01316,CLI-0303,2026-03-10,202,instalação,true
CHA-01317,CLI-0303,2025-10-09,66,equipamento,true
CHA-01318,CLI-0303,2026-05-31,169,instalação,false
CHA-01319,CLI-0304,2026-04-01,136,equipamento,false
CHA-01320,CLI-0304,2026-04-20,189,financeiro,true
CHA-01321,CLI-0304,2025-07-03,7,instalação,true
CHA-01322,CLI-0304,2025-06-18,162,instalação,true
CHA-01323,CLI-0306,2026-04-10,215,equipamento,true
CHA-01324,CLI-0306,2026-07-31,115,conexão,false
CHA-01325,CLI-0306,2025-06-17,210,instalação,true
CHA-01326,CLI-0307,2026-01-01,46,equipamento,true
CHA-01327,CLI-0307,2026-05-10,97,conexão,true
CHA-01328,CLI-0308,2025-11-28,176,instalação,true
CHA-01329,CLI-0309,2025-08-30,238,equipamento,true
CHA-01330,CLI-0309,2025-12-10,104,instalação,true
CHA-01331,CLI-0309,2026-04-22,235,conexão,true
CHA-01332,CLI-0309,2026-04-27,5,instalação,true
CHA-01333,CLI-0309,2025-08-26,100,instalação,true
CHA-01334,CLI-0309,2026-07-29,85,equipamento,true
CHA-01335,CLI-0309,2026-06-13,157,conexão,true
CHA-01336,CLI-0309,2025-12-02,131,instalação,true
CHA-01337,CLI-0309,2025-06-12,13,instalação,true
CHA-01338,CLI-0310,2026-03-19,201,instalação,true
CHA-01339,CLI-0310,2026-05-30,51,financeiro,true
CHA-01340,CLI-0311,2026-03-28,25,instalação,true
CHA-01341,CLI-0311,2025-09-03,240,conexão,true
CHA-01342,CLI-0311,2026-07-24,125,financeiro,true
CHA-01343,CLI-0311,2026-05-29,48,financeiro,false
CHA-01344,CLI-0311,2026-07-30,179,instalação,true
CHA-01345,CLI-0311,2025-07-24,203,financeiro,true
CHA-01346,CLI-0311,2026-04-02,20,equipamento,true
CHA-01347,CLI-0311,2025-08-25,104,financeiro,true
CHA-01348,CLI-0311,2026-03-05,93,financeiro,true
CHA-01349,CLI-0311,2025-10-03,110,instalação,true
CHA-01350,CLI-0312,2025-10-10,52,conexão,false
CHA-01351,CLI-0313,2026-04-27,227,financeiro,true
CHA-01352,CLI-0313,2026-03-14,116,conexão,true
CHA-01353,CLI-0313,2025-12-23,123,financeiro,true
CHA-01354,CLI-0313,2026-07-02,196,equipamento,true
CHA-01355,CLI-0313,2026-04-19,110,conexão,true
CHA-01356,CLI-0313,2026-05-21,77,instalação,true
CHA-01357,CLI-0314,2025-11-10,209,instalação,true
CHA-01358,CLI-0314,2026-07-22,21,conexão,true
CHA-01359,CLI-0314,2026-03-10,69,financeiro,true
CHA-01360,CLI-0314,2025-08-24,147,financeiro,true
CHA-01361,CLI-0314,2025-11-04,5,financeiro,false
CHA-01362,CLI-0315,2026-07-10,57,equipamento,true
CHA-01363,CLI-0315,2025-07-19,23,conexão,true
CHA-01364,CLI-0315,2025-10-25,117,financeiro,true
CHA-01365,CLI-0315,2026-04-14,60,instalação,true
CHA-01366,CLI-0315,2026-03-23,7,equipamento,true
CHA-01367,CLI-0315,2026-03-11,169,equipamento,true
CHA-01368,CLI-0316,2026-05-09,11,conexão,false
CHA-01369,CLI-0316,2025-10-13,10,instalação,true
CHA-01370,CLI-0317,2026-05-15,111,conexão,true
CHA-01371,CLI-0317,2025-08-08,213,financeiro,true
CHA-01372,CLI-0317,2025-11-08,187,instalação,true
CHA-01373,CLI-0317,2026-05-13,217,financeiro,false
CHA-01374,CLI-0319,2025-06-28,11,conexão,true
CHA-01375,CLI-0319,2025-07-27,12,conexão,true
CHA-01376,CLI-0319,2025-07-10,195,conexão,true
CHA-01377,CLI-0319,2026-04-26,128,conexão,true
CHA-01378,CLI-0319,2025-10-30,170,instalação,true
CHA-01379,CLI-0319,2025-09-13,196,conexão,true
CHA-01380,CLI-0319,2026-02-02,85,equipamento,true
CHA-01381,CLI-0319,2025-06-21,239,instalação,true
CHA-01382,CLI-0319,2026-03-21,45,conexão,true
CHA-01383,CLI-0320,2026-07-31,174,instalação,true
CHA-01384,CLI-0320,2026-01-20,93,instalação,true
CHA-01385,CLI-0320,2025-07-27,137,instalação,true
CHA-01386,CLI-0320,2026-01-06,101,conexão,true
CHA-01387,CLI-0321,2025-10-21,239,conexão,true
CHA-01388,CLI-0321,2025-07-22,71,financeiro,true
CHA-01389,CLI-0321,2025-12-02,132,financeiro,true
CHA-01390,CLI-0321,2026-01-20,188,financeiro,true
CHA-01391,CLI-0322,2026-02-01,197,instalação,true
CHA-01392,CLI-0322,2026-07-11,52,equipamento,true
CHA-01393,CLI-0322,2025-07-28,177,instalação,true
CHA-01394,CLI-0322,2025-08-17,52,instalação,true
CHA-01395,CLI-0322,2025-07-24,10,conexão,true
CHA-01396,CLI-0322,2026-02-25,110,instalação,true
CHA-01397,CLI-0322,2025-11-12,152,conexão,true
CHA-01398,CLI-0322,2025-07-23,32,instalação,true
CHA-01399,CLI-0322,2025-08-09,133,financeiro,true
CHA-01400,CLI-0322,2026-03-13,89,financeiro,true
CHA-01401,CLI-0322,2025-08-10,20,instalação,true
CHA-01402,CLI-0322,2025-08-15,168,conexão,false
CHA-01403,CLI-0323,2026-07-15,190,conexão,false
CHA-01404,CLI-0323,2025-07-13,161,equipamento,true
CHA-01405,CLI-0323,2026-02-15,104,conexão,true
CHA-01406,CLI-0323,2025-11-18,224,equipamento,true
CHA-01407,CLI-0323,2025-07-29,226,conexão,true
CHA-01408,CLI-0324,2026-06-07,143,instalação,true
CHA-01409,CLI-0324,2026-01-10,140,equipamento,true
CHA-01410,CLI-0324,2026-07-19,155,financeiro,true
CHA-01411,CLI-0324,2026-01-05,54,financeiro,true
CHA-01412,CLI-0324,2026-05-13,60,financeiro,true
CHA-01413,CLI-0325,2025-09-24,27,conexão,true
CHA-01414,CLI-0325,2025-08-16,121,conexão,true
CHA-01415,CLI-0326,2025-06-21,140,equipamento,true
CHA-01416,CLI-0326,2026-02-07,81,financeiro,true
CHA-01417,CLI-0326,2025-08-25,238,financeiro,true
CHA-01418,CLI-0326,2026-04-15,64,instalação,true
CHA-01419,CLI-0326,2026-05-30,18,conexão,true
CHA-01420,CLI-0326,2025-12-13,181,conexão,true
CHA-01421,CLI-0327,2026-05-18,89,conexão,true
CHA-01422,CLI-0328,2026-04-11,88,instalação,true
CHA-01423,CLI-0328,2025-11-08,40,conexão,true
CHA-01424,CLI-0329,2025-11-04,85,instalação,false
CHA-01425,CLI-0329,2025-07-13,35,instalação,true
CHA-01426,CLI-0329,2025-06-30,73,equipamento,true
CHA-01427,CLI-0329,2026-03-31,155,instalação,true
CHA-01428,CLI-0329,2026-03-15,165,conexão,true
CHA-01429,CLI-0330,2025-07-20,87,conexão,true
CHA-01430,CLI-0330,2025-07-01,50,financeiro,true
CHA-01431,CLI-0330,2025-12-18,169,equipamento,true
CHA-01432,CLI-0330,2026-07-07,191,instalação,true
CHA-01433,CLI-0330,2026-03-11,74,conexão,true
CHA-01434,CLI-0330,2025-12-19,118,instalação,true
CHA-01435,CLI-0331,2025-08-08,159,conexão,true
CHA-01436,CLI-0331,2026-03-20,10,equipamento,false
CHA-01437,CLI-0331,2025-08-21,141,instalação,true
CHA-01438,CLI-0331,2026-04-24,55,financeiro,true
CHA-01439,CLI-0331,2026-06-17,38,instalação,true
CHA-01440,CLI-0331,2026-05-06,56,instalação,false
CHA-01441,CLI-0332,2026-07-08,41,equipamento,true
CHA-01442,CLI-0332,2026-07-10,214,conexão,true
CHA-01443,CLI-0332,2026-03-09,18,financeiro,true
CHA-01444,CLI-0332,2025-08-17,69,conexão,true
CHA-01445,CLI-0332,2025-11-01,32,financeiro,false
CHA-01446,CLI-0332,2025-07-18,207,equipamento,true
CHA-01447,CLI-0334,2025-06-30,90,equipamento,false
CHA-01448,CLI-0334,2025-08-15,72,equipamento,true
CHA-01449,CLI-0334,2025-07-22,23,financeiro,true
CHA-01450,CLI-0334,2025-10-13,40,instalação,true
CHA-01451,CLI-0334,2025-12-11,198,conexão,true
CHA-01452,CLI-0334,2025-11-01,202,instalação,true
CHA-01453,CLI-0334,2025-09-16,160,instalação,true
CHA-01454,CLI-0334,2026-07-24,45,financeiro,true
CHA-01455,CLI-0335,2025-10-27,107,equipamento,true
CHA-01456,CLI-0335,2026-04-23,143,financeiro,true
CHA-01457,CLI-0335,2025-09-20,120,instalação,true
CHA-01458,CLI-0335,2026-06-23,162,conexão,true
CHA-01459,CLI-0335,2025-08-27,123,equipamento,true
CHA-01460,CLI-0335,2025-11-22,103,financeiro,true
CHA-01461,CLI-0336,2025-10-28,50,instalação,true
CHA-01462,CLI-0336,2026-03-17,69,financeiro,false
CHA-01463,CLI-0336,2026-01-12,122,equipamento,true
CHA-01464,CLI-0336,2026-02-02,216,instalação,true
CHA-01465,CLI-0337,2025-08-15,99,conexão,true
CHA-01466,CLI-0337,2025-11-16,32,equipamento,true
CHA-01467,CLI-0338,2025-06-21,14,conexão,true
CHA-01468,CLI-0338,2026-04-16,105,instalação,true
CHA-01469,CLI-0339,2025-06-22,27,conexão,true
CHA-01470,CLI-0339,2026-05-03,121,equipamento,true
CHA-01471,CLI-0339,2026-05-31,183,equipamento,true
CHA-01472,CLI-0339,2025-09-26,192,financeiro,true
CHA-01473,CLI-0339,2026-07-29,74,instalação,true
CHA-01474,CLI-0339,2025-11-11,139,instalação,true
CHA-01475,CLI-0339,2026-05-23,89,equipamento,true
CHA-01476,CLI-0339,2026-02-16,226,equipamento,true
CHA-01477,CLI-0339,2025-12-14,142,equipamento,true
CHA-01478,CLI-0339,2026-05-08,40,equipamento,true
CHA-01479,CLI-0340,2026-05-26,169,conexão,true
CHA-01480,CLI-0340,2026-02-20,22,financeiro,true
CHA-01481,CLI-0341,2025-11-19,222,financeiro,true
CHA-01482,CLI-0341,2025-09-09,206,equipamento,true
CHA-01483,CLI-0341,2026-03-05,169,equipamento,true
CHA-01484,CLI-0341,2026-07-29,38,instalação,true
CHA-01485,CLI-0341,2025-07-19,185,financeiro,false
CHA-01486,CLI-0341,2026-03-07,58,conexão,true
CHA-01487,CLI-0341,2025-06-15,213,financeiro,true
CHA-01488,CLI-0343,2025-06-30,223,equipamento,true
CHA-01489,CLI-0344,2026-06-11,192,equipamento,true
CHA-01490,CLI-0345,2025-07-31,190,conexão,true
CHA-01491,CLI-0345,2025-12-16,159,equipamento,true
CHA-01492,CLI-0345,2025-10-13,49,equipamento,true
CHA-01493,CLI-0345,2026-07-04,89,financeiro,true
CHA-01494,CLI-0345,2025-09-30,124,equipamento,true
CHA-01495,CLI-0345,2026-04-14,130,instalação,true
CHA-01496,CLI-0345,2025-10-20,239,financeiro,true
CHA-01497,CLI-0346,2025-07-13,207,conexão,true
CHA-01498,CLI-0346,2026-03-12,82,financeiro,false
CHA-01499,CLI-0346,2025-09-05,25,instalação,true
CHA-01500,CLI-0346,2026-06-28,93,financeiro,false
CHA-01501,CLI-0346,2025-07-25,151,conexão,true
CHA-01502,CLI-0347,2025-07-12,174,financeiro,true
CHA-01503,CLI-0347,2025-09-25,202,conexão,true
CHA-01504,CLI-0347,2026-01-18,108,conexão,true
CHA-01505,CLI-0347,2026-05-01,15,conexão,true
CHA-01506,CLI-0347,2026-07-16,119,financeiro,true
CHA-01507,CLI-0347,2025-08-28,195,equipamento,false
CHA-01508,CLI-0347,2026-04-22,164,financeiro,true
CHA-01509,CLI-0348,2026-02-03,189,equipamento,true
CHA-01510,CLI-0348,2026-06-29,212,conexão,true
CHA-01511,CLI-0349,2026-01-28,162,financeiro,true
CHA-01512,CLI-0349,2025-10-20,131,instalação,true
CHA-01513,CLI-0349,2025-09-29,163,conexão,true
CHA-01514,CLI-0349,2025-07-28,26,equipamento,true
CHA-01515,CLI-0349,2025-10-03,10,equipamento,true
CHA-01516,CLI-0349,2026-05-29,225,instalação,true
CHA-01517,CLI-0349,2026-06-08,92,instalação,true
CHA-01518,CLI-0350,2025-06-13,69,equipamento,true
CHA-01519,CLI-0350,2026-06-06,16,conexão,true
CHA-01520,CLI-0350,2025-06-19,205,conexão,true
CHA-01521,CLI-0350,2026-07-19,211,equipamento,true
CHA-01522,CLI-0350,2026-06-11,120,equipamento,true
CHA-01523,CLI-0350,2026-06-16,130,financeiro,true
CHA-01524,CLI-0350,2026-07-11,144,conexão,true
CHA-01525,CLI-0350,2025-06-12,191,instalação,true
CHA-01526,CLI-0350,2026-05-18,156,conexão,true
CHA-01527,CLI-0350,2026-06-07,92,conexão,true
CHA-01528,CLI-0351,2026-07-17,57,conexão,true
CHA-01529,CLI-0351,2026-02-12,55,financeiro,true
CHA-01530,CLI-0352,2026-07-23,13,conexão,false
CHA-01531,CLI-0352,2026-01-07,111,equipamento,true
CHA-01532,CLI-0352,2026-02-13,165,conexão,true
CHA-01533,CLI-0352,2025-06-20,34,conexão,true
CHA-01534,CLI-0352,2025-11-26,175,equipamento,true
CHA-01535,CLI-0352,2026-03-25,14,conexão,true
CHA-01536,CLI-0353,2025-10-21,196,instalação,true
CHA-01537,CLI-0353,2026-01-18,30,financeiro,true
CHA-01538,CLI-0353,2026-03-08,17,equipamento,true
CHA-01539,CLI-0353,2026-03-18,68,financeiro,true
CHA-01540,CLI-0353,2025-07-07,87,equipamento,true
CHA-01541,CLI-0354,2025-10-26,209,conexão,true
CHA-01542,CLI-0355,2025-11-15,100,equipamento,false
CHA-01543,CLI-0356,2025-07-26,197,equipamento,true
CHA-01544,CLI-0356,2025-08-23,222,equipamento,true
CHA-01545,CLI-0356,2026-07-07,73,conexão,true
CHA-01546,CLI-0356,2026-04-06,187,conexão,true
CHA-01547,CLI-0356,2025-06-23,27,equipamento,true
CHA-01548,CLI-0356,2025-12-26,16,equipamento,true
CHA-01549,CLI-0356,2025-09-07,68,financeiro,true
CHA-01550,CLI-0357,2026-05-12,96,financeiro,true
CHA-01551,CLI-0357,2026-01-05,75,financeiro,true
CHA-01552,CLI-0358,2025-07-29,109,conexão,true
CHA-01553,CLI-0358,2026-03-27,16,instalação,true
CHA-01554,CLI-0358,2025-11-13,29,equipamento,true
CHA-01555,CLI-0359,2026-06-22,118,instalação,true
CHA-01556,CLI-0359,2026-06-09,206,financeiro,true
CHA-01557,CLI-0359,2025-09-17,52,equipamento,true
CHA-01558,CLI-0360,2025-06-28,127,instalação,true
CHA-01559,CLI-0360,2026-01-18,232,conexão,true
CHA-01560,CLI-0360,2026-06-26,126,conexão,true
CHA-01561,CLI-0361,2025-10-20,162,equipamento,true
CHA-01562,CLI-0361,2026-01-03,17,instalação,true
CHA-01563,CLI-0361,2026-03-20,46,conexão,true
CHA-01564,CLI-0361,2026-02-23,85,equipamento,true
CHA-01565,CLI-0361,2025-11-24,198,equipamento,true
CHA-01566,CLI-0362,2026-07-28,182,equipamento,true
CHA-01567,CLI-0362,2026-04-28,35,financeiro,true
CHA-01568,CLI-0363,2026-05-05,152,instalação,true
CHA-01569,CLI-0363,2025-06-25,234,conexão,false
CHA-01570,CLI-0363,2026-03-15,119,financeiro,false
CHA-01571,CLI-0363,2026-01-04,207,instalação,true
CHA-01572,CLI-0363,2025-09-09,212,equipamento,true
CHA-01573,CLI-0363,2025-07-24,33,financeiro,true
CHA-01574,CLI-0363,2025-11-04,69,financeiro,true
CHA-01575,CLI-0363,2025-11-29,92,financeiro,true
CHA-01576,CLI-0364,2026-06-05,40,financeiro,true
CHA-01577,CLI-0364,2025-08-01,119,instalação,true
CHA-01578,CLI-0364,2025-09-21,200,equipamento,true
CHA-01579,CLI-0364,2025-09-18,192,conexão,true
CHA-01580,CLI-0364,2025-07-01,106,financeiro,true
CHA-01581,CLI-0364,2026-03-04,170,financeiro,true
CHA-01582,CLI-0365,2025-08-08,206,conexão,true
CHA-01583,CLI-0365,2025-07-31,228,equipamento,true
CHA-01584,CLI-0365,2025-11-16,78,conexão,true
CHA-01585,CLI-0365,2026-02-06,49,instalação,true
CHA-01586,CLI-0365,2025-08-23,97,instalação,true
CHA-01587,CLI-0365,2026-07-05,216,financeiro,true
CHA-01588,CLI-0365,2026-01-28,181,conexão,true
CHA-01589,CLI-0365,2025-09-18,60,equipamento,true
CHA-01590,CLI-0365,2025-10-23,32,conexão,true
CHA-01591,CLI-0365,2025-09-02,198,instalação,true
CHA-01592,CLI-0365,2025-09-30,36,financeiro,true
CHA-01593,CLI-0366,2026-05-04,73,financeiro,false
CHA-01594,CLI-0366,2025-10-20,171,financeiro,true
CHA-01595,CLI-0367,2025-11-07,103,equipamento,true
CHA-01596,CLI-0367,2026-06-04,16,conexão,true
CHA-01597,CLI-0367,2025-09-12,157,equipamento,true
CHA-01598,CLI-0367,2026-05-31,7,conexão,true
CHA-01599,CLI-0367,2026-04-27,100,equipamento,true
CHA-01600,CLI-0368,2026-02-14,195,equipamento,true
CHA-01601,CLI-0368,2026-06-24,89,conexão,false
CHA-01602,CLI-0368,2026-07-09,116,equipamento,false
CHA-01603,CLI-0368,2025-08-24,104,equipamento,true
CHA-01604,CLI-0368,2026-06-25,8,equipamento,false
CHA-01605,CLI-0368,2026-03-01,227,conexão,true
CHA-01606,CLI-0368,2025-08-06,220,financeiro,false
CHA-01607,CLI-0370,2025-10-13,99,financeiro,false
CHA-01608,CLI-0370,2025-06-26,123,instalação,true
CHA-01609,CLI-0370,2026-02-22,35,equipamento,true
CHA-01610,CLI-0370,2026-03-06,185,conexão,true
CHA-01611,CLI-0370,2026-05-23,129,instalação,true
CHA-01612,CLI-0370,2026-04-29,205,conexão,true
CHA-01613,CLI-0370,2025-08-22,209,financeiro,true
CHA-01614,CLI-0371,2025-07-22,17,conexão,true
CHA-01615,CLI-0371,2026-04-11,185,instalação,true
CHA-01616,CLI-0371,2026-07-05,122,financeiro,true
CHA-01617,CLI-0371,2026-05-24,76,equipamento,false
CHA-01618,CLI-0371,2025-11-17,46,instalação,true
CHA-01619,CLI-0371,2025-06-24,76,conexão,true
CHA-01620,CLI-0371,2025-11-26,138,financeiro,true
CHA-01621,CLI-0371,2026-03-20,188,equipamento,true
CHA-01622,CLI-0372,2025-06-21,117,conexão,true
CHA-01623,CLI-0372,2026-05-24,56,conexão,true
CHA-01624,CLI-0373,2025-09-16,208,financeiro,false
CHA-01625,CLI-0373,2026-04-20,211,instalação,true
CHA-01626,CLI-0373,2026-06-20,59,conexão,true
CHA-01627,CLI-0373,2026-02-12,16,financeiro,true
CHA-01628,CLI-0373,2025-10-18,174,equipamento,true
CHA-01629,CLI-0374,2025-06-19,237,instalação,true
CHA-01630,CLI-0374,2026-05-23,143,conexão,true
CHA-01631,CLI-0374,2026-07-05,119,equipamento,false
CHA-01632,CLI-0374,2025-08-06,17,equipamento,true
CHA-01633,CLI-0374,2025-09-18,90,instalação,true
CHA-01634,CLI-0374,2026-01-10,45,financeiro,true
CHA-01635,CLI-0375,2025-09-18,99,financeiro,true
CHA-01636,CLI-0375,2026-03-17,183,conexão,true
CHA-01637,CLI-0376,2025-08-06,53,financeiro,true
CHA-01638,CLI-0376,2025-10-24,17,instalação,true
CHA-01639,CLI-0376,2025-10-03,177,instalação,true
CHA-01640,CLI-0377,2025-07-08,197,financeiro,false
CHA-01641,CLI-0377,2025-08-15,150,instalação,true
CHA-01642,CLI-0377,2026-01-28,104,conexão,true
CHA-01643,CLI-0377,2026-01-05,129,conexão,true
CHA-01644,CLI-0377,2026-01-10,151,equipamento,false
CHA-01645,CLI-0377,2025-10-25,20,conexão,true
CHA-01646,CLI-0377,2025-07-30,117,equipamento,true
CHA-01647,CLI-0378,2026-05-13,90,instalação,true
CHA-01648,CLI-0378,2026-05-11,167,instalação,true
CHA-01649,CLI-0378,2026-06-25,131,financeiro,false
CHA-01650,CLI-0378,2026-02-22,70,financeiro,true
CHA-01651,CLI-0378,2026-04-29,78,conexão,true
CHA-01652,CLI-0378,2026-03-24,52,conexão,true
CHA-01653,CLI-0379,2025-12-11,90,equipamento,true
CHA-01654,CLI-0379,2025-10-16,225,financeiro,true
CHA-01655,CLI-0379,2025-10-02,193,equipamento,true
CHA-01656,CLI-0379,2026-01-11,16,financeiro,false
CHA-01657,CLI-0379,2026-03-31,112,financeiro,true
CHA-01658,CLI-0379,2025-08-11,41,equipamento,true
CHA-01659,CLI-0379,2025-11-08,52,conexão,true
CHA-01660,CLI-0379,2025-12-07,232,conexão,true
CHA-01661,CLI-0379,2026-05-29,5,equipamento,true
CHA-01662,CLI-0379,2025-06-17,93,financeiro,true
CHA-01663,CLI-0379,2025-07-13,145,conexão,true
CHA-01664,CLI-0380,2026-01-18,147,conexão,true
CHA-01665,CLI-0380,2025-07-13,202,instalação,false
CHA-01666,CLI-0380,2025-11-29,141,financeiro,true
CHA-01667,CLI-0380,2026-01-21,160,financeiro,true
CHA-01668,CLI-0381,2026-01-29,152,financeiro,true
CHA-01669,CLI-0381,2025-08-22,37,conexão,true
CHA-01670,CLI-0381,2025-09-11,58,conexão,true
CHA-01671,CLI-0381,2025-08-01,183,financeiro,true
CHA-01672,CLI-0381,2026-05-26,38,equipamento,true
CHA-01673,CLI-0381,2026-05-28,183,conexão,true
CHA-01674,CLI-0381,2025-07-30,54,conexão,true
CHA-01675,CLI-0381,2025-07-09,38,conexão,true
CHA-01676,CLI-0381,2026-07-08,109,instalação,true
CHA-01677,CLI-0381,2026-07-31,179,conexão,true
CHA-01678,CLI-0381,2025-06-21,157,financeiro,false
CHA-01679,CLI-0382,2025-06-07,75,conexão,true
CHA-01680,CLI-0382,2026-01-13,46,financeiro,true
CHA-01681,CLI-0382,2025-06-17,227,financeiro,false
CHA-01682,CLI-0382,2025-12-30,129,conexão,true
CHA-01683,CLI-0382,2026-01-26,108,instalação,false
CHA-01684,CLI-0382,2025-12-31,220,equipamento,true
CHA-01685,CLI-0382,2025-07-12,229,conexão,true
CHA-01686,CLI-0382,2025-08-08,105,financeiro,true
CHA-01687,CLI-0382,2025-11-12,210,equipamento,true
CHA-01688,CLI-0382,2026-07-02,82,instalação,true
CHA-01689,CLI-0383,2026-03-18,177,financeiro,true
CHA-01690,CLI-0384,2026-04-08,67,instalação,false
CHA-01691,CLI-0384,2025-06-10,13,financeiro,true
CHA-01692,CLI-0384,2025-08-05,218,instalação,true
CHA-01693,CLI-0384,2025-11-04,132,equipamento,true
CHA-01694,CLI-0384,2025-07-29,73,instalação,true
CHA-01695,CLI-0384,2025-06-29,191,equipamento,false
CHA-01696,CLI-0384,2025-10-17,177,instalação,true
CHA-01697,CLI-0385,2026-02-26,135,conexão,true
CHA-01698,CLI-0385,2026-04-29,199,equipamento,true
CHA-01699,CLI-0385,2026-02-17,206,instalação,true
CHA-01700,CLI-0385,2026-01-10,82,equipamento,true
CHA-01701,CLI-0385,2026-04-01,8,equipamento,true
CHA-01702,CLI-0385,2026-03-13,39,financeiro,true
CHA-01703,CLI-0386,2025-10-15,110,financeiro,true
CHA-01704,CLI-0386,2025-12-10,62,conexão,false
CHA-01705,CLI-0386,2025-08-18,236,conexão,true
CHA-01706,CLI-0386,2025-09-05,180,conexão,true
CHA-01707,CLI-0386,2025-11-03,215,instalação,false
CHA-01708,CLI-0386,2026-05-21,35,conexão,true
CHA-01709,CLI-0386,2025-10-24,119,conexão,false
CHA-01710,CLI-0386,2025-10-20,76,instalação,true
CHA-01711,CLI-0387,2025-12-05,5,conexão,true
CHA-01712,CLI-0387,2026-07-01,170,conexão,false
CHA-01713,CLI-0387,2025-09-13,184,instalação,true
CHA-01714,CLI-0388,2026-07-15,55,conexão,true
CHA-01715,CLI-0388,2025-09-17,93,instalação,true
CHA-01716,CLI-0388,2025-11-09,203,equipamento,true
CHA-01717,CLI-0389,2026-05-27,63,equipamento,true
CHA-01718,CLI-0389,2025-11-15,94,conexão,true
CHA-01719,CLI-0389,2026-06-16,237,conexão,true
CHA-01720,CLI-0389,2025-12-09,16,financeiro,true
CHA-01721,CLI-0390,2026-04-16,60,financeiro,true
CHA-01722,CLI-0390,2026-05-11,240,conexão,true
CHA-01723,CLI-0390,2025-07-11,160,instalação,true
CHA-01724,CLI-0390,2026-05-15,93,financeiro,true
CHA-01725,CLI-0390,2025-08-26,180,financeiro,true
CHA-01726,CLI-0390,2026-02-01,108,conexão,true
CHA-01727,CLI-0390,2025-06-07,232,instalação,true
CHA-01728,CLI-0390,2025-08-31,17,equipamento,true
CHA-01729,CLI-0391,2025-07-29,126,instalação,true
CHA-01730,CLI-0392,2025-06-12,40,conexão,true
CHA-01731,CLI-0392,2025-12-22,45,conexão,true
CHA-01732,CLI-0392,2025-09-02,132,conexão,true
CHA-01733,CLI-0392,2025-08-28,27,financeiro,true
CHA-01734,CLI-0393,2025-09-09,58,instalação,true
CHA-01735,CLI-0394,2026-01-11,83,instalação,true
CHA-01736,CLI-0394,2025-07-07,116,equipamento,true
CHA-01737,CLI-0394,2025-10-12,119,equipamento,false
CHA-01738,CLI-0394,2026-06-17,112,financeiro,true
CHA-01739,CLI-0395,2026-05-11,140,financeiro,true
CHA-01740,CLI-0395,2025-08-21,57,equipamento,true
CHA-01741,CLI-0395,2026-06-22,223,instalação,true
CHA-01742,CLI-0395,2025-11-06,163,instalação,true
CHA-01743,CLI-0395,2026-02-04,77,equipamento,true
CHA-01744,CLI-0396,2025-10-18,48,financeiro,true
CHA-01745,CLI-0396,2025-10-02,89,equipamento,true
CHA-01746,CLI-0396,2025-07-27,127,financeiro,false
CHA-01747,CLI-0398,2025-08-05,97,instalação,true
CHA-01748,CLI-0398,2025-08-10,88,equipamento,true
CHA-01749,CLI-0398,2026-06-19,23,financeiro,false
CHA-01750,CLI-0399,2026-04-30,72,equipamento,true
CHA-01751,CLI-0399,2026-06-07,9,instalação,true
CHA-01752,CLI-0399,2025-12-14,187,equipamento,true
CHA-01753,CLI-0399,2025-08-12,177,equipamento,true
CHA-01754,CLI-0399,2025-10-29,217,conexão,true
CHA-01755,CLI-0401,2025-06-10,7,equipamento,true
CHA-01756,CLI-0402,2026-04-05,193,instalação,true
CHA-01757,CLI-0402,2026-05-06,65,conexão,true
CHA-01758,CLI-0402,2025-07-31,239,financeiro,true
CHA-01759,CLI-0402,2025-10-29,80,equipamento,true
CHA-01760,CLI-0402,2025-06-18,153,conexão,true
CHA-01761,CLI-0402,2025-07-30,46,financeiro,true
CHA-01762,CLI-0403,2025-11-16,228,conexão,true
CHA-01763,CLI-0403,2026-02-20,158,conexão,true
CHA-01764,CLI-0404,2026-06-18,17,conexão,true
CHA-01765,CLI-0404,2025-11-12,15,financeiro,true
CHA-01766,CLI-0404,2025-08-14,146,equipamento,true
CHA-01767,CLI-0404,2025-07-17,162,conexão,true
CHA-01768,CLI-0404,2026-06-25,121,conexão,true
CHA-01769,CLI-0406,2026-03-23,164,financeiro,true
CHA-01770,CLI-0406,2025-09-11,173,financeiro,true
CHA-01771,CLI-0406,2025-09-29,194,instalação,true
CHA-01772,CLI-0406,2026-03-17,52,equipamento,false
CHA-01773,CLI-0406,2025-12-02,86,financeiro,true
CHA-01774,CLI-0406,2026-01-30,150,financeiro,true
CHA-01775,CLI-0406,2026-06-21,231,equipamento,true
CHA-01776,CLI-0406,2026-06-20,41,financeiro,true
CHA-01777,CLI-0406,2026-01-25,151,financeiro,true
CHA-01778,CLI-0407,2025-10-30,199,conexão,true
CHA-01779,CLI-0407,2025-10-12,141,financeiro,true
CHA-01780,CLI-0407,2026-05-13,21,conexão,true
CHA-01781,CLI-0407,2026-05-16,29,financeiro,true
CHA-01782,CLI-0408,2025-07-13,39,conexão,true
CHA-01783,CLI-0408,2026-01-15,50,equipamento,true
CHA-01784,CLI-0408,2025-11-06,127,financeiro,true
CHA-01785,CLI-0409,2025-07-31,116,financeiro,true
CHA-01786,CLI-0409,2026-04-25,51,conexão,true
CHA-01787,CLI-0409,2026-06-30,16,instalação,true
CHA-01788,CLI-0409,2026-03-25,141,financeiro,true
CHA-01789,CLI-0409,2026-06-05,77,equipamento,false
CHA-01790,CLI-0409,2025-10-15,202,conexão,true
CHA-01791,CLI-0410,2026-06-13,5,instalação,true
CHA-01792,CLI-0410,2026-02-15,212,financeiro,true
CHA-01793,CLI-0410,2025-11-03,235,financeiro,true
CHA-01794,CLI-0410,2026-08-01,95,financeiro,false
CHA-01795,CLI-0412,2025-11-14,192,financeiro,true
CHA-01796,CLI-0412,2026-04-28,123,conexão,true
CHA-01797,CLI-0412,2026-02-16,186,conexão,true
CHA-01798,CLI-0414,2025-12-17,73,equipamento,true
CHA-01799,CLI-0415,2025-10-08,142,conexão,false
CHA-01800,CLI-0415,2026-03-05,203,conexão,true
CHA-01801,CLI-0416,2025-08-26,210,conexão,true
CHA-01802,CLI-0417,2025-12-20,143,instalação,true
CHA-01803,CLI-0417,2025-10-14,18,equipamento,false
CHA-01804,CLI-0417,2026-07-23,172,conexão,true
CHA-01805,CLI-0417,2026-05-11,111,conexão,true
CHA-01806,CLI-0418,2026-07-13,101,financeiro,true
CHA-01807,CLI-0419,2026-05-06,29,financeiro,true
CHA-01808,CLI-0419,2026-02-22,6,equipamento,true
CHA-01809,CLI-0419,2026-05-23,78,instalação,true
CHA-01810,CLI-0419,2026-04-12,31,financeiro,true
CHA-01811,CLI-0419,2025-09-30,19,conexão,true
CHA-01812,CLI-0420,2025-11-24,99,conexão,true
CHA-01813,CLI-0420,2026-07-04,91,conexão,true
CHA-01814,CLI-0420,2025-09-09,17,instalação,true
CHA-01815,CLI-0420,2026-06-15,71,equipamento,true
CHA-01816,CLI-0420,2026-03-17,125,financeiro,true
CHA-01817,CLI-0420,2025-09-09,59,instalação,true
CHA-01818,CLI-0420,2026-03-02,117,instalação,true
CHA-01819,CLI-0420,2025-06-23,221,equipamento,true
CHA-01820,CLI-0420,2025-10-08,81,equipamento,true
CHA-01821,CLI-0421,2025-08-16,21,instalação,true
CHA-01822,CLI-0421,2025-12-17,182,instalação,true
CHA-01823,CLI-0422,2025-06-21,115,instalação,false
CHA-01824,CLI-0422,2026-02-08,18,conexão,true
CHA-01825,CLI-0422,2026-06-05,17,instalação,true
CHA-01826,CLI-0423,2025-11-09,194,conexão,true
CHA-01827,CLI-0423,2026-07-06,50,financeiro,true
CHA-01828,CLI-0423,2025-07-16,154,equipamento,true
CHA-01829,CLI-0423,2025-09-24,174,conexão,true
CHA-01830,CLI-0425,2025-07-28,123,conexão,true
CHA-01831,CLI-0425,2025-08-24,86,financeiro,true
CHA-01832,CLI-0425,2026-01-11,10,conexão,true
CHA-01833,CLI-0426,2025-08-10,208,equipamento,true
CHA-01834,CLI-0426,2025-07-10,107,financeiro,false
CHA-01835,CLI-0426,2026-06-22,60,instalação,true
CHA-01836,CLI-0426,2025-09-29,107,financeiro,true
CHA-01837,CLI-0426,2026-03-31,209,conexão,true
CHA-01838,CLI-0427,2026-01-04,6,instalação,false
CHA-01839,CLI-0427,2026-03-03,50,conexão,true
CHA-01840,CLI-0427,2026-03-24,70,conexão,true
CHA-01841,CLI-0427,2025-08-17,110,conexão,true
CHA-01842,CLI-0427,2026-06-09,164,equipamento,false
CHA-01843,CLI-0427,2026-02-17,167,financeiro,true
CHA-01844,CLI-0427,2025-06-09,167,instalação,true
CHA-01845,CLI-0427,2026-03-19,15,instalação,false
CHA-01846,CLI-0428,2026-06-10,72,instalação,true
CHA-01847,CLI-0428,2025-12-12,34,financeiro,true
CHA-01848,CLI-0428,2025-06-21,59,conexão,true
CHA-01849,CLI-0428,2025-10-11,209,conexão,true
CHA-01850,CLI-0428,2026-01-08,71,conexão,true
CHA-01851,CLI-0428,2026-05-05,134,instalação,false
CHA-01852,CLI-0428,2025-11-14,121,instalação,true
CHA-01853,CLI-0430,2025-12-14,123,financeiro,true
CHA-01854,CLI-0430,2025-07-09,76,conexão,true
CHA-01855,CLI-0430,2025-08-04,181,equipamento,true
CHA-01856,CLI-0430,2025-08-06,74,conexão,true
CHA-01857,CLI-0431,2025-08-22,59,financeiro,true
CHA-01858,CLI-0431,2026-06-07,141,conexão,true
CHA-01859,CLI-0431,2026-02-26,102,equipamento,true
CHA-01860,CLI-0431,2026-01-18,60,conexão,true
CHA-01861,CLI-0431,2026-05-17,144,equipamento,true
CHA-01862,CLI-0431,2025-09-01,48,conexão,false
CHA-01863,CLI-0432,2025-08-31,120,financeiro,true
CHA-01864,CLI-0432,2026-06-07,57,equipamento,true
CHA-01865,CLI-0432,2025-07-17,135,equipamento,true
CHA-01866,CLI-0432,2025-08-31,104,equipamento,true
CHA-01867,CLI-0433,2025-07-22,238,conexão,true
CHA-01868,CLI-0433,2026-02-26,194,equipamento,true
CHA-01869,CLI-0433,2025-12-02,231,financeiro,true
CHA-01870,CLI-0433,2026-07-21,58,financeiro,true
CHA-01871,CLI-0434,2025-10-29,230,equipamento,false
CHA-01872,CLI-0434,2025-08-07,78,equipamento,true
CHA-01873,CLI-0434,2025-10-21,114,equipamento,true
CHA-01874,CLI-0435,2026-03-17,135,equipamento,true
CHA-01875,CLI-0435,2026-07-12,134,financeiro,true
CHA-01876,CLI-0435,2025-10-12,140,equipamento,true
CHA-01877,CLI-0435,2025-12-23,52,financeiro,true
CHA-01878,CLI-0435,2026-07-28,48,conexão,false
CHA-01879,CLI-0435,2026-04-21,195,equipamento,true
CHA-01880,CLI-0436,2026-06-15,103,financeiro,true
CHA-01881,CLI-0436,2026-05-22,180,equipamento,true
CHA-01882,CLI-0436,2025-12-11,194,equipamento,true
CHA-01883,CLI-0437,2026-05-21,199,instalação,true
CHA-01884,CLI-0437,2026-07-23,53,instalação,true
CHA-01885,CLI-0437,2025-08-26,8,conexão,true
CHA-01886,CLI-0438,2026-08-01,43,equipamento,true
CHA-01887,CLI-0438,2025-11-03,93,conexão,true
CHA-01888,CLI-0438,2025-08-14,88,financeiro,true
CHA-01889,CLI-0438,2025-06-23,238,instalação,true
CHA-01890,CLI-0439,2025-10-18,67,financeiro,true
CHA-01891,CLI-0439,2026-07-17,27,financeiro,true
CHA-01892,CLI-0439,2026-05-28,150,equipamento,true
CHA-01893,CLI-0439,2026-06-17,37,conexão,true
CHA-01894,CLI-0439,2026-03-19,141,instalação,true
CHA-01895,CLI-0440,2026-04-11,223,instalação,true
CHA-01896,CLI-0440,2026-07-20,32,conexão,true
CHA-01897,CLI-0440,2026-07-29,98,equipamento,true
CHA-01898,CLI-0440,2025-06-19,165,financeiro,false
CHA-01899,CLI-0440,2026-02-24,130,financeiro,true
CHA-01900,CLI-0440,2026-02-03,147,equipamento,true
CHA-01901,CLI-0441,2026-07-02,168,financeiro,true
CHA-01902,CLI-0441,2026-07-14,110,conexão,true
CHA-01903,CLI-0441,2026-02-27,133,equipamento,false
CHA-01904,CLI-0441,2026-05-19,37,financeiro,true
CHA-01905,CLI-0441,2026-03-15,212,financeiro,true
CHA-01906,CLI-0441,2026-02-25,190,equipamento,true
CHA-01907,CLI-0442,2025-08-24,114,financeiro,true
CHA-01908,CLI-0442,2026-02-10,178,instalação,true
CHA-01909,CLI-0442,2025-11-17,211,financeiro,true
CHA-01910,CLI-0442,2025-11-04,137,instalação,true
CHA-01911,CLI-0442,2025-12-30,142,conexão,false
CHA-01912,CLI-0443,2026-04-20,31,equipamento,true
CHA-01913,CLI-0443,2025-10-02,164,conexão,true
CHA-01914,CLI-0443,2025-06-14,75,conexão,false
CHA-01915,CLI-0443,2026-04-16,81,equipamento,true
CHA-01916,CLI-0443,2026-03-31,32,equipamento,true
CHA-01917,CLI-0443,2025-10-04,215,equipamento,true
CHA-01918,CLI-0443,2025-10-21,111,conexão,true
CHA-01919,CLI-0443,2026-06-09,231,equipamento,true
CHA-01920,CLI-0443,2026-05-14,199,instalação,true
CHA-01921,CLI-0443,2025-09-20,197,conexão,true
CHA-01922,CLI-0444,2026-02-08,62,instalação,true
CHA-01923,CLI-0444,2025-08-05,35,conexão,true
CHA-01924,CLI-0444,2026-05-08,147,equipamento,true
CHA-01925,CLI-0445,2025-10-19,226,conexão,true
CHA-01926,CLI-0445,2026-07-29,51,instalação,true
CHA-01927,CLI-0445,2025-08-22,190,instalação,true
CHA-01928,CLI-0445,2025-12-06,226,conexão,true
CHA-01929,CLI-0445,2025-09-02,70,instalação,true
CHA-01930,CLI-0445,2025-07-04,39,financeiro,true
CHA-01931,CLI-0445,2026-04-28,46,conexão,true
CHA-01932,CLI-0445,2026-07-13,207,equipamento,true
CHA-01933,CLI-0445,2025-07-07,102,instalação,true
CHA-01934,CLI-0445,2026-03-22,106,equipamento,true
CHA-01935,CLI-0447,2026-06-15,5,instalação,true
CHA-01936,CLI-0447,2026-06-02,230,instalação,false
CHA-01937,CLI-0447,2025-12-29,71,financeiro,true
CHA-01938,CLI-0447,2025-06-08,211,equipamento,true
CHA-01939,CLI-0448,2025-07-09,193,instalação,true
CHA-01940,CLI-0448,2025-12-28,202,equipamento,true
CHA-01941,CLI-0448,2026-07-14,96,conexão,true
CHA-01942,CLI-0448,2026-07-19,122,financeiro,true
CHA-01943,CLI-0450,2025-06-19,72,equipamento,true
CHA-01944,CLI-0450,2026-04-04,50,conexão,true
CHA-01945,CLI-0450,2025-06-28,99,financeiro,true
CHA-01946,CLI-0450,2026-02-05,206,conexão,true
CHA-01947,CLI-0451,2025-11-30,58,equipamento,true
CHA-01948,CLI-0451,2026-05-27,121,financeiro,true
CHA-01949,CLI-0451,2025-08-05,50,financeiro,false
CHA-01950,CLI-0451,2026-05-18,128,conexão,true
CHA-01951,CLI-0452,2025-10-14,208,conexão,true
CHA-01952,CLI-0452,2026-03-18,52,equipamento,true
CHA-01953,CLI-0452,2026-06-23,20,equipamento,true
CHA-01954,CLI-0452,2026-06-26,120,equipamento,true
CHA-01955,CLI-0452,2025-07-09,9,financeiro,true
CHA-01956,CLI-0452,2026-06-21,107,financeiro,true
CHA-01957,CLI-0452,2025-06-29,15,instalação,true
CHA-01958,CLI-0452,2026-07-16,79,financeiro,true
CHA-01959,CLI-0452,2026-01-02,218,equipamento,true
CHA-01960,CLI-0452,2026-03-11,101,financeiro,true
CHA-01961,CLI-0453,2025-06-07,104,financeiro,true
CHA-01962,CLI-0453,2026-07-08,81,equipamento,true
CHA-01963,CLI-0453,2025-12-24,188,equipamento,true
CHA-01964,CLI-0453,2025-09-05,89,financeiro,true
CHA-01965,CLI-0453,2026-05-08,146,instalação,true
CHA-01966,CLI-0453,2026-04-18,155,equipamento,true
CHA-01967,CLI-0455,2026-02-06,223,conexão,true
CHA-01968,CLI-0455,2025-07-24,62,instalação,true
CHA-01969,CLI-0455,2025-06-20,188,conexão,true
CHA-01970,CLI-0455,2026-01-06,153,instalação,true
CHA-01971,CLI-0455,2026-04-17,164,financeiro,true
CHA-01972,CLI-0455,2026-03-29,54,financeiro,true
CHA-01973,CLI-0455,2026-03-28,105,financeiro,true
CHA-01974,CLI-0455,2026-05-26,6,conexão,true
CHA-01975,CLI-0455,2025-07-15,194,financeiro,true
CHA-01976,CLI-0456,2025-12-15,92,conexão,true
CHA-01977,CLI-0456,2026-05-01,106,equipamento,true
CHA-01978,CLI-0456,2026-04-06,30,equipamento,true
CHA-01979,CLI-0456,2025-07-28,107,financeiro,false
CHA-01980,CLI-0456,2026-03-14,126,instalação,true
CHA-01981,CLI-0457,2026-02-01,181,financeiro,true
CHA-01982,CLI-0457,2026-02-01,7,instalação,true
CHA-01983,CLI-0457,2026-04-16,189,financeiro,true
CHA-01984,CLI-0457,2025-09-08,31,instalação,true
CHA-01985,CLI-0457,2026-07-07,137,equipamento,true
CHA-01986,CLI-0458,2026-03-24,165,instalação,true
CHA-01987,CLI-0458,2025-10-29,207,conexão,true
CHA-01988,CLI-0458,2025-07-21,6,instalação,true
CHA-01989,CLI-0458,2025-11-27,131,conexão,true
CHA-01990,CLI-0458,2025-09-11,102,financeiro,false
CHA-01991,CLI-0458,2026-04-03,198,financeiro,true
CHA-01992,CLI-0459,2025-11-14,73,equipamento,true
CHA-01993,CLI-0459,2025-08-29,154,financeiro,true
CHA-01994,CLI-0459,2026-04-13,225,instalação,true
CHA-01995,CLI-0459,2026-06-21,206,equipamento,true
CHA-01996,CLI-0460,2025-08-11,118,conexão,true
CHA-01997,CLI-0461,2025-10-30,163,financeiro,true
CHA-01998,CLI-0461,2026-03-02,219,equipamento,true
CHA-01999,CLI-0461,2025-10-02,61,equipamento,true
CHA-02000,CLI-0461,2025-08-11,16,equipamento,false
CHA-02001,CLI-0462,2026-04-22,206,equipamento,true
CHA-02002,CLI-0462,2025-09-06,207,instalação,true
CHA-02003,CLI-0462,2026-06-15,116,instalação,true
CHA-02004,CLI-0462,2026-04-21,188,conexão,true
CHA-02005,CLI-0462,2026-03-13,235,instalação,true
CHA-02006,CLI-0463,2026-03-18,202,instalação,true
CHA-02007,CLI-0464,2026-03-04,202,instalação,true
CHA-02008,CLI-0464,2026-01-20,220,financeiro,true
CHA-02009,CLI-0464,2025-10-15,15,instalação,true
CHA-02010,CLI-0464,2026-05-05,55,equipamento,true
CHA-02011,CLI-0465,2025-11-16,237,instalação,true
CHA-02012,CLI-0465,2025-12-10,18,equipamento,true
CHA-02013,CLI-0465,2026-06-20,143,equipamento,true
CHA-02014,CLI-0465,2026-02-03,229,equipamento,true
CHA-02015,CLI-0465,2026-01-01,222,equipamento,true
CHA-02016,CLI-0465,2026-01-15,198,financeiro,true
CHA-02017,CLI-0466,2026-02-10,235,conexão,true
CHA-02018,CLI-0466,2026-03-28,118,instalação,false
CHA-02019,CLI-0466,2025-10-02,135,financeiro,true
CHA-02020,CLI-0466,2026-01-11,128,equipamento,true
CHA-02021,CLI-0466,2026-07-21,214,equipamento,true
CHA-02022,CLI-0466,2025-06-22,232,conexão,true
CHA-02023,CLI-0466,2026-05-24,51,financeiro,true
CHA-02024,CLI-0466,2025-12-01,238,instalação,true
CHA-02025,CLI-0467,2025-10-18,113,conexão,true
CHA-02026,CLI-0467,2026-01-08,179,equipamento,true
CHA-02027,CLI-0468,2025-09-23,72,financeiro,true
CHA-02028,CLI-0468,2026-03-05,45,conexão,true
CHA-02029,CLI-0468,2025-08-10,156,financeiro,false
CHA-02030,CLI-0468,2026-06-18,177,financeiro,false
CHA-02031,CLI-0469,2026-07-30,103,equipamento,false
CHA-02032,CLI-0470,2025-11-09,168,conexão,true
CHA-02033,CLI-0470,2026-01-08,43,financeiro,true
CHA-02034,CLI-0470,2026-01-01,145,financeiro,true
CHA-02035,CLI-0470,2025-07-03,80,instalação,true
CHA-02036,CLI-0472,2026-07-28,51,instalação,true
CHA-02037,CLI-0472,2026-01-06,215,conexão,true
CHA-02038,CLI-0472,2026-01-21,171,equipamento,true
CHA-02039,CLI-0472,2025-07-11,80,financeiro,true
CHA-02040,CLI-0472,2026-05-25,221,instalação,true
CHA-02041,CLI-0472,2026-02-01,61,equipamento,true
CHA-02042,CLI-0473,2026-01-23,153,instalação,true
CHA-02043,CLI-0473,2025-11-26,238,financeiro,true
CHA-02044,CLI-0473,2026-07-07,70,financeiro,true
CHA-02045,CLI-0473,2026-01-15,52,financeiro,false
CHA-02046,CLI-0474,2026-02-28,36,financeiro,true
CHA-02047,CLI-0474,2026-05-05,17,instalação,true
CHA-02048,CLI-0474,2025-06-11,68,conexão,true
CHA-02049,CLI-0474,2025-09-27,140,financeiro,false
CHA-02050,CLI-0474,2025-09-29,26,financeiro,false
CHA-02051,CLI-0474,2026-01-07,7,conexão,true
CHA-02052,CLI-0474,2026-06-28,79,instalação,true
CHA-02053,CLI-0474,2025-08-29,183,equipamento,false
CHA-02054,CLI-0474,2026-05-18,220,conexão,false
CHA-02055,CLI-0474,2026-02-26,194,financeiro,true
CHA-02056,CLI-0475,2025-09-24,209,conexão,true
CHA-02057,CLI-0476,2026-03-29,165,conexão,true
CHA-02058,CLI-0476,2026-01-04,109,conexão,false
CHA-02059,CLI-0476,2025-12-24,151,instalação,false
CHA-02060,CLI-0476,2026-05-15,198,instalação,true
CHA-02061,CLI-0476,2026-07-29,84,financeiro,true
CHA-02062,CLI-0477,2025-09-17,195,conexão,true
CHA-02063,CLI-0477,2025-11-10,128,financeiro,true
CHA-02064,CLI-0477,2026-07-12,53,instalação,true
CHA-02065,CLI-0477,2025-06-13,80,instalação,true
CHA-02066,CLI-0477,2025-12-15,78,conexão,true
CHA-02067,CLI-0477,2025-11-22,115,conexão,true
CHA-02068,CLI-0477,2025-11-01,111,financeiro,true
CHA-02069,CLI-0477,2026-02-21,21,conexão,true
CHA-02070,CLI-0478,2026-01-17,54,instalação,true
CHA-02071,CLI-0478,2025-06-11,23,instalação,true
CHA-02072,CLI-0478,2026-02-06,93,conexão,true
CHA-02073,CLI-0479,2026-03-13,9,financeiro,true
CHA-02074,CLI-0479,2025-06-24,187,financeiro,true
CHA-02075,CLI-0479,2025-06-16,143,conexão,true
CHA-02076,CLI-0479,2025-10-04,102,equipamento,true
CHA-02077,CLI-0479,2025-07-05,194,conexão,true
CHA-02078,CLI-0480,2025-08-09,91,conexão,false
CHA-02079,CLI-0480,2026-01-18,77,equipamento,true
CHA-02080,CLI-0480,2026-04-18,226,financeiro,true
CHA-02081,CLI-0480,2026-02-07,189,equipamento,true
CHA-02082,CLI-0481,2026-02-09,148,conexão,true
CHA-02083,CLI-0481,2025-06-18,107,financeiro,true
CHA-02084,CLI-0481,2026-06-01,33,equipamento,true
CHA-02085,CLI-0482,2026-01-05,38,equipamento,true
CHA-02086,CLI-0482,2026-02-15,184,equipamento,false
CHA-02087,CLI-0482,2026-01-27,64,conexão,true
CHA-02088,CLI-0482,2026-01-17,23,instalação,true
CHA-02089,CLI-0482,2026-01-22,129,equipamento,true
CHA-02090,CLI-0482,2026-01-15,137,equipamento,true
CHA-02091,CLI-0482,2025-06-11,18,equipamento,true
CHA-02092,CLI-0484,2025-11-11,28,conexão,true
CHA-02093,CLI-0484,2025-09-13,148,conexão,true
CHA-02094,CLI-0484,2025-10-01,104,instalação,true
CHA-02095,CLI-0484,2025-11-03,59,instalação,true
CHA-02096,CLI-0484,2026-03-10,200,instalação,true
CHA-02097,CLI-0484,2026-01-06,45,financeiro,true
CHA-02098,CLI-0485,2025-12-15,7,instalação,true
CHA-02099,CLI-0485,2025-09-08,44,equipamento,false
CHA-02100,CLI-0485,2026-01-06,9,financeiro,true
CHA-02101,CLI-0486,2026-03-19,192,instalação,true
CHA-02102,CLI-0486,2025-08-18,212,instalação,true
CHA-02103,CLI-0486,2025-12-05,154,conexão,true
CHA-02104,CLI-0486,2025-12-09,36,conexão,true
CHA-02105,CLI-0486,2025-11-06,168,equipamento,true
CHA-02106,CLI-0487,2026-04-26,222,financeiro,true
CHA-02107,CLI-0487,2025-09-26,183,equipamento,true
CHA-02108,CLI-0488,2026-04-09,189,instalação,true
CHA-02109,CLI-0488,2026-07-09,39,financeiro,true
CHA-02110,CLI-0489,2025-10-23,61,conexão,true
CHA-02111,CLI-0489,2025-07-31,218,equipamento,true
CHA-02112,CLI-0489,2026-03-29,59,financeiro,true
CHA-02113,CLI-0493,2026-05-23,237,financeiro,true
CHA-02114,CLI-0493,2025-11-03,185,instalação,false
CHA-02115,CLI-0493,2026-03-01,49,financeiro,true
CHA-02116,CLI-0493,2025-07-31,123,equipamento,true
CHA-02117,CLI-0493,2025-11-12,203,financeiro,false
CHA-02118,CLI-0493,2026-05-28,57,equipamento,true
CHA-02119,CLI-0493,2025-10-26,171,equipamento,true
CHA-02120,CLI-0493,2025-08-30,144,instalação,true
CHA-02121,CLI-0493,2025-11-07,17,equipamento,true
CHA-02122,CLI-0493,2025-07-23,56,instalação,true
CHA-02123,CLI-0494,2026-02-19,192,equipamento,true
CHA-02124,CLI-0494,2026-01-05,76,instalação,true
CHA-02125,CLI-0494,2025-11-07,107,instalação,true
CHA-02126,CLI-0494,2025-07-09,96,equipamento,true
CHA-02127,CLI-0494,2026-05-05,70,equipamento,true
CHA-02128,CLI-0495,2026-06-27,202,equipamento,false
CHA-02129,CLI-0495,2026-07-30,41,financeiro,true
CHA-02130,CLI-0495,2026-01-05,238,equipamento,true
CHA-02131,CLI-0495,2025-06-30,64,instalação,true
CHA-02132,CLI-0497,2025-08-13,130,instalação,false
CHA-02133,CLI-0497,2026-07-25,151,instalação,true
CHA-02134,CLI-0497,2025-09-08,62,instalação,true
CHA-02135,CLI-0497,2026-02-10,154,conexão,true
CHA-02136,CLI-0498,2025-12-09,125,instalação,true
CHA-02137,CLI-0498,2025-12-09,97,instalação,false
CHA-02138,CLI-0498,2026-06-04,173,instalação,true
CHA-02139,CLI-0498,2025-12-27,193,instalação,false
CHA-02140,CLI-0498,2025-08-15,138,financeiro,true
CHA-02141,CLI-0498,2025-11-18,138,financeiro,true
CHA-02142,CLI-0498,2026-02-19,206,equipamento,true
CHA-02143,CLI-0498,2025-06-15,75,conexão,true
CHA-02144,CLI-0499,2025-12-17,54,conexão,true
CHA-02145,CLI-0499,2026-04-30,220,financeiro,true
CHA-02146,CLI-0499,2025-09-07,239,conexão,true
CHA-02147,CLI-0499,2025-06-12,140,conexão,true
CHA-02148,CLI-0499,2025-11-18,43,instalação,true
CHA-02149,CLI-0499,2026-01-18,215,instalação,true
CHA-02150,CLI-0500,2025-10-09,11,financeiro,true
CHA-02151,CLI-0500,2026-04-07,125,conexão,true
CHA-02152,CLI-0500,2025-06-11,208,equipamento,true
CHA-02153,CLI-0500,2026-03-15,228,equipamento,true
CHA-02154,CLI-0500,2025-10-23,76,equipamento,false
CHA-02155,CLI-0501,2026-05-14,9,equipamento,true
CHA-02156,CLI-0504,2025-09-02,240,conexão,true
CHA-02157,CLI-0504,2026-04-07,170,instalação,true
CHA-02158,CLI-0504,2026-04-22,107,equipamento,true
CHA-02159,CLI-0504,2025-09-14,197,equipamento,true
CHA-02160,CLI-0504,2025-06-30,141,conexão,true
CHA-02161,CLI-0504,2025-10-07,168,equipamento,true
CHA-02162,CLI-0505,2026-02-01,154,equipamento,true
CHA-02163,CLI-0506,2026-05-24,149,conexão,true
CHA-02164,CLI-0506,2026-01-25,240,instalação,true
CHA-02165,CLI-0507,2025-12-27,21,equipamento,true
CHA-02166,CLI-0507,2026-07-26,46,financeiro,true
CHA-02167,CLI-0507,2025-08-26,29,equipamento,true
CHA-02168,CLI-0507,2026-06-26,170,instalação,true
CHA-02169,CLI-0507,2026-06-12,63,instalação,true
CHA-02170,CLI-0507,2025-08-25,127,equipamento,true
CHA-02171,CLI-0507,2026-07-03,185,instalação,true
CHA-02172,CLI-0507,2026-04-19,182,equipamento,true
CHA-02173,CLI-0508,2025-07-15,105,financeiro,true
CHA-02174,CLI-0508,2025-06-12,240,conexão,true
CHA-02175,CLI-0508,2026-05-28,39,financeiro,true
CHA-02176,CLI-0508,2025-10-04,144,conexão,true
CHA-02177,CLI-0509,2025-12-22,230,instalação,true
CHA-02178,CLI-0509,2025-06-13,101,conexão,true
CHA-02179,CLI-0509,2026-01-17,68,equipamento,true
CHA-02180,CLI-0509,2026-01-19,60,conexão,true
CHA-02181,CLI-0509,2025-06-27,197,instalação,true
CHA-02182,CLI-0509,2025-09-06,102,instalação,true
CHA-02183,CLI-0509,2025-07-09,45,financeiro,true
CHA-02184,CLI-0509,2025-12-20,101,instalação,true
CHA-02185,CLI-0510,2026-01-22,180,equipamento,true
CHA-02186,CLI-0510,2026-04-22,43,instalação,true
CHA-02187,CLI-0510,2026-03-21,183,equipamento,true
CHA-02188,CLI-0510,2025-12-06,155,instalação,true
CHA-02189,CLI-0510,2026-05-25,228,conexão,true
CHA-02190,CLI-0510,2025-10-07,87,instalação,true
CHA-02191,CLI-0510,2025-11-21,171,equipamento,true
CHA-02192,CLI-0510,2025-11-11,54,conexão,true
CHA-02193,CLI-0510,2025-06-16,100,conexão,true
CHA-02194,CLI-0511,2025-09-02,219,conexão,true
CHA-02195,CLI-0511,2025-12-25,215,financeiro,true
CHA-02196,CLI-0511,2025-06-13,189,conexão,true
CHA-02197,CLI-0511,2026-03-20,50,financeiro,true
CHA-02198,CLI-0511,2026-07-15,18,financeiro,true
CHA-02199,CLI-0511,2026-04-29,133,equipamento,true
CHA-02200,CLI-0511,2025-09-04,181,instalação,false
CHA-02201,CLI-0511,2026-07-23,177,instalação,false
CHA-02202,CLI-0512,2026-05-21,37,financeiro,true
CHA-02203,CLI-0512,2026-03-12,14,conexão,false
CHA-02204,CLI-0512,2026-04-05,227,financeiro,true
CHA-02205,CLI-0513,2026-05-29,60,instalação,true
CHA-02206,CLI-0513,2026-01-09,81,instalação,true
CHA-02207,CLI-0516,2026-01-12,192,financeiro,true
CHA-02208,CLI-0516,2025-12-04,156,financeiro,true
CHA-02209,CLI-0516,2025-07-12,232,conexão,true
CHA-02210,CLI-0517,2026-05-26,36,instalação,true
CHA-02211,CLI-0517,2026-04-23,156,instalação,true
CHA-02212,CLI-0517,2025-12-18,106,financeiro,true
CHA-02213,CLI-0517,2026-03-12,219,financeiro,true
CHA-02214,CLI-0518,2026-06-17,163,equipamento,true
CHA-02215,CLI-0519,2026-03-14,141,conexão,true
CHA-02216,CLI-0519,2025-10-17,144,instalação,true
CHA-02217,CLI-0519,2026-07-01,23,equipamento,true
CHA-02218,CLI-0519,2026-04-13,14,conexão,false
CHA-02219,CLI-0519,2025-10-27,28,conexão,true
CHA-02220,CLI-0519,2026-03-10,153,conexão,true
CHA-02221,CLI-0520,2025-12-27,20,equipamento,true
CHA-02222,CLI-0520,2025-08-23,29,equipamento,true
CHA-02223,CLI-0520,2025-10-03,30,financeiro,false
CHA-02224,CLI-0520,2026-01-18,20,conexão,true
CHA-02225,CLI-0521,2025-12-21,126,instalação,true
CHA-02226,CLI-0521,2026-03-04,225,equipamento,true
CHA-02227,CLI-0521,2026-06-26,66,conexão,true
CHA-02228,CLI-0521,2025-09-09,132,instalação,true
CHA-02229,CLI-0521,2026-06-06,173,equipamento,true
CHA-02230,CLI-0522,2025-08-31,132,instalação,true
CHA-02231,CLI-0522,2026-07-31,40,instalação,true
CHA-02232,CLI-0522,2025-07-29,212,conexão,false
CHA-02233,CLI-0522,2025-12-06,154,instalação,true
CHA-02234,CLI-0522,2026-01-30,114,equipamento,true
CHA-02235,CLI-0522,2025-11-15,150,financeiro,false
CHA-02236,CLI-0522,2026-07-17,99,conexão,true
CHA-02237,CLI-0522,2025-09-14,184,instalação,true
CHA-02238,CLI-0522,2026-02-04,174,equipamento,true
CHA-02239,CLI-0522,2026-01-27,204,instalação,true
CHA-02240,CLI-0522,2026-04-29,119,conexão,true
CHA-02241,CLI-0522,2026-01-14,108,financeiro,true
CHA-02242,CLI-0522,2026-01-28,108,instalação,true
CHA-02243,CLI-0524,2026-05-04,147,financeiro,true
CHA-02244,CLI-0524,2025-10-31,76,equipamento,true
CHA-02245,CLI-0524,2026-05-14,139,financeiro,true
CHA-02246,CLI-0525,2026-07-12,158,equipamento,true
CHA-02247,CLI-0525,2026-07-18,37,conexão,true
CHA-02248,CLI-0525,2026-07-20,234,instalação,true
CHA-02249,CLI-0525,2026-03-07,237,instalação,true
CHA-02250,CLI-0525,2026-06-23,161,instalação,true
CHA-02251,CLI-0525,2026-05-29,206,conexão,false
CHA-02252,CLI-0525,2026-03-20,78,equipamento,true
CHA-02253,CLI-0525,2025-06-18,121,instalação,true
CHA-02254,CLI-0526,2026-07-25,86,instalação,true
CHA-02255,CLI-0526,2026-02-06,239,equipamento,true
CHA-02256,CLI-0526,2025-10-02,151,instalação,true
CHA-02257,CLI-0526,2026-07-22,144,instalação,true
CHA-02258,CLI-0526,2025-07-20,5,equipamento,true
CHA-02259,CLI-0526,2025-12-24,150,conexão,true
CHA-02260,CLI-0526,2026-01-30,233,financeiro,true
CHA-02261,CLI-0526,2025-06-17,144,equipamento,true
CHA-02262,CLI-0526,2026-06-28,191,conexão,true
CHA-02263,CLI-0527,2025-09-08,161,equipamento,true
CHA-02264,CLI-0528,2025-11-19,149,equipamento,true
CHA-02265,CLI-0528,2026-03-12,47,instalação,true
CHA-02266,CLI-0529,2026-03-03,45,financeiro,true
CHA-02267,CLI-0529,2026-07-19,82,conexão,true
CHA-02268,CLI-0529,2025-10-28,201,financeiro,false
CHA-02269,CLI-0530,2025-09-26,129,conexão,true
CHA-02270,CLI-0530,2026-07-31,19,conexão,true
CHA-02271,CLI-0530,2025-10-08,170,instalação,true
CHA-02272,CLI-0530,2026-01-21,42,financeiro,true
CHA-02273,CLI-0530,2026-01-21,188,instalação,true
CHA-02274,CLI-0530,2026-06-30,136,instalação,true
CHA-02275,CLI-0530,2025-09-28,84,conexão,true
CHA-02276,CLI-0531,2025-12-13,132,equipamento,false
CHA-02277,CLI-0531,2025-08-02,114,instalação,true
CHA-02278,CLI-0531,2026-05-03,173,equipamento,true
CHA-02279,CLI-0531,2025-07-09,112,conexão,true
CHA-02280,CLI-0531,2025-06-26,152,financeiro,true
CHA-02281,CLI-0532,2025-06-08,167,instalação,true
CHA-02282,CLI-0532,2026-01-25,111,financeiro,false
CHA-02283,CLI-0532,2026-06-20,26,instalação,true
CHA-02284,CLI-0533,2026-02-07,150,conexão,true
CHA-02285,CLI-0533,2026-02-08,234,financeiro,false
CHA-02286,CLI-0533,2026-05-22,15,conexão,true
CHA-02287,CLI-0533,2026-03-14,175,conexão,true
CHA-02288,CLI-0533,2025-06-16,95,financeiro,true
CHA-02289,CLI-0534,2026-06-01,10,instalação,true
CHA-02290,CLI-0534,2026-05-23,85,conexão,false
CHA-02291,CLI-0535,2026-03-05,233,equipamento,true
CHA-02292,CLI-0535,2025-08-13,223,conexão,true
CHA-02293,CLI-0535,2026-02-06,131,equipamento,true
CHA-02294,CLI-0535,2026-05-23,100,conexão,true
CHA-02295,CLI-0535,2026-03-05,183,conexão,true
CHA-02296,CLI-0535,2026-04-19,63,financeiro,true
CHA-02297,CLI-0536,2026-07-19,215,conexão,true
CHA-02298,CLI-0536,2025-07-29,178,instalação,true
CHA-02299,CLI-0536,2026-03-17,37,equipamento,true
CHA-02300,CLI-0536,2025-07-02,227,financeiro,true
CHA-02301,CLI-0537,2025-07-07,226,conexão,false
CHA-02302,CLI-0537,2026-04-13,100,conexão,true
CHA-02303,CLI-0537,2026-08-01,24,conexão,true
CHA-02304,CLI-0537,2026-03-05,105,conexão,true
CHA-02305,CLI-0537,2025-06-25,235,conexão,true
CHA-02306,CLI-0537,2026-07-08,60,conexão,true
CHA-02307,CLI-0537,2025-09-09,22,conexão,true
CHA-02308,CLI-0538,2026-04-12,127,instalação,true
CHA-02309,CLI-0538,2026-02-02,134,conexão,true
CHA-02310,CLI-0538,2025-09-16,168,conexão,true
CHA-02311,CLI-0539,2026-01-31,153,financeiro,true
CHA-02312,CLI-0539,2026-05-12,110,conexão,true
CHA-02313,CLI-0539,2026-07-11,189,instalação,true
CHA-02314,CLI-0539,2026-02-12,142,financeiro,true
CHA-02315,CLI-0539,2026-03-24,96,conexão,true
CHA-02316,CLI-0540,2026-07-29,43,instalação,true
CHA-02317,CLI-0540,2025-12-08,50,equipamento,true
CHA-02318,CLI-0540,2025-12-24,156,financeiro,true
CHA-02319,CLI-0540,2026-06-27,168,instalação,true
CHA-02320,CLI-0540,2025-08-03,20,financeiro,true
CHA-02321,CLI-0540,2025-11-09,99,instalação,true
CHA-02322,CLI-0540,2026-04-01,6,equipamento,true
CHA-02323,CLI-0540,2026-07-29,142,equipamento,true
CHA-02324,CLI-0540,2025-07-28,220,conexão,true
CHA-02325,CLI-0541,2025-06-07,182,equipamento,false
CHA-02326,CLI-0543,2026-01-28,182,instalação,true
CHA-02327,CLI-0543,2026-03-30,112,conexão,true
CHA-02328,CLI-0543,2026-02-11,131,conexão,true
CHA-02329,CLI-0544,2025-12-03,150,conexão,true
CHA-02330,CLI-0544,2026-01-17,67,equipamento,false
CHA-02331,CLI-0544,2026-01-15,223,instalação,true
CHA-02332,CLI-0545,2025-10-04,11,instalação,true
CHA-02333,CLI-0545,2026-05-20,131,conexão,true
CHA-02334,CLI-0545,2025-09-02,56,conexão,true
CHA-02335,CLI-0545,2025-08-10,190,financeiro,false
CHA-02336,CLI-0545,2026-02-19,235,equipamento,true
CHA-02337,CLI-0546,2025-07-25,5,instalação,true
CHA-02338,CLI-0546,2025-11-02,16,financeiro,true
CHA-02339,CLI-0546,2026-04-05,90,instalação,true
CHA-02340,CLI-0546,2025-10-27,230,financeiro,true
CHA-02341,CLI-0546,2026-07-07,164,financeiro,true
CHA-02342,CLI-0546,2026-03-20,185,financeiro,true
CHA-02343,CLI-0546,2025-12-31,113,conexão,true
CHA-02344,CLI-0546,2025-12-31,105,financeiro,true
CHA-02345,CLI-0547,2026-04-11,23,conexão,true
CHA-02346,CLI-0547,2026-02-04,179,financeiro,true
CHA-02347,CLI-0547,2025-07-18,67,conexão,true
CHA-02348,CLI-0547,2025-12-23,132,financeiro,true
CHA-02349,CLI-0547,2025-09-19,133,instalação,false
CHA-02350,CLI-0547,2026-06-14,147,conexão,true
CHA-02351,CLI-0547,2026-05-22,175,equipamento,true
CHA-02352,CLI-0547,2025-12-02,109,instalação,true
CHA-02353,CLI-0547,2025-07-10,191,conexão,true
CHA-02354,CLI-0548,2026-01-10,230,financeiro,true
CHA-02355,CLI-0548,2026-01-08,49,financeiro,true
CHA-02356,CLI-0548,2025-12-23,116,equipamento,true
CHA-02357,CLI-0549,2026-04-27,238,instalação,false
CHA-02358,CLI-0549,2025-11-02,11,instalação,true
CHA-02359,CLI-0549,2026-06-25,240,instalação,true
CHA-02360,CLI-0550,2025-11-23,94,equipamento,false
CHA-02361,CLI-0550,2025-09-15,64,conexão,true
CHA-02362,CLI-0550,2025-10-04,55,conexão,true
CHA-02363,CLI-0550,2025-07-23,229,financeiro,true
CHA-02364,CLI-0550,2026-07-26,21,equipamento,true
CHA-02365,CLI-0550,2026-07-14,131,instalação,true
CHA-02366,CLI-0550,2025-07-11,10,equipamento,true
CHA-02367,CLI-0550,2025-09-28,93,financeiro,false
CHA-02368,CLI-0550,2026-05-11,63,financeiro,true
CHA-02369,CLI-0550,2026-04-16,215,conexão,true
CHA-02370,CLI-0550,2026-07-24,103,financeiro,true
CHA-02371,CLI-0551,2026-04-17,97,instalação,true
CHA-02372,CLI-0552,2025-08-27,212,equipamento,true
CHA-02373,CLI-0552,2025-11-06,125,conexão,false
CHA-02374,CLI-0552,2025-09-24,79,financeiro,true
CHA-02375,CLI-0552,2025-09-02,109,financeiro,true
CHA-02376,CLI-0552,2025-09-03,69,instalação,true
CHA-02377,CLI-0552,2025-07-24,115,instalação,true
CHA-02378,CLI-0553,2026-03-31,148,conexão,true
CHA-02379,CLI-0554,2025-08-30,95,conexão,true
CHA-02380,CLI-0554,2026-05-08,107,instalação,true
CHA-02381,CLI-0554,2025-12-09,214,instalação,true
CHA-02382,CLI-0555,2025-08-14,121,conexão,false
CHA-02383,CLI-0555,2025-12-31,39,equipamento,true
CHA-02384,CLI-0556,2025-09-27,218,equipamento,true
CHA-02385,CLI-0556,2025-06-23,221,financeiro,false
CHA-02386,CLI-0556,2025-09-29,91,conexão,true
CHA-02387,CLI-0557,2026-03-02,98,conexão,true
CHA-02388,CLI-0557,2026-05-19,146,financeiro,true
CHA-02389,CLI-0558,2025-08-19,169,conexão,true
CHA-02390,CLI-0559,2025-06-29,128,conexão,true
CHA-02391,CLI-0559,2026-01-30,40,equipamento,true
CHA-02392,CLI-0559,2025-12-18,169,instalação,true
CHA-02393,CLI-0559,2025-10-01,194,conexão,true
CHA-02394,CLI-0559,2026-04-23,19,instalação,true
CHA-02395,CLI-0560,2025-12-09,178,instalação,true
CHA-02396,CLI-0560,2026-06-27,142,financeiro,true
CHA-02397,CLI-0561,2025-06-28,168,equipamento,true
CHA-02398,CLI-0561,2026-07-28,65,conexão,true
CHA-02399,CLI-0561,2025-08-07,127,financeiro,true
CHA-02400,CLI-0562,2025-06-28,154,conexão,true
CHA-02401,CLI-0562,2025-06-19,169,instalação,true
CHA-02402,CLI-0562,2026-01-27,112,equipamento,true
CHA-02403,CLI-0562,2026-01-11,93,instalação,true
CHA-02404,CLI-0563,2025-07-24,40,financeiro,true
CHA-02405,CLI-0563,2025-07-30,199,instalação,true
CHA-02406,CLI-0563,2026-06-27,82,instalação,true
CHA-02407,CLI-0563,2026-01-18,50,equipamento,true
CHA-02408,CLI-0565,2025-12-13,48,financeiro,true
CHA-02409,CLI-0565,2026-03-11,127,conexão,true
CHA-02410,CLI-0565,2026-07-22,27,conexão,true
CHA-02411,CLI-0566,2025-12-23,24,equipamento,true
CHA-02412,CLI-0566,2025-06-17,180,instalação,true
CHA-02413,CLI-0566,2026-03-30,29,equipamento,true
CHA-02414,CLI-0566,2026-06-14,48,equipamento,false
CHA-02415,CLI-0566,2026-01-26,218,instalação,true
CHA-02416,CLI-0566,2026-05-02,195,equipamento,true
CHA-02417,CLI-0566,2025-09-30,83,equipamento,true
CHA-02418,CLI-0566,2025-10-18,134,conexão,true
CHA-02419,CLI-0567,2026-07-04,67,equipamento,true
CHA-02420,CLI-0567,2025-09-28,96,instalação,true
CHA-02421,CLI-0567,2025-06-30,90,financeiro,true
CHA-02422,CLI-0567,2025-12-29,236,financeiro,true
CHA-02423,CLI-0567,2025-10-05,145,conexão,true
CHA-02424,CLI-0567,2026-03-12,192,financeiro,true
CHA-02425,CLI-0567,2026-05-15,42,instalação,true
CHA-02426,CLI-0567,2026-02-07,32,equipamento,true
CHA-02427,CLI-0568,2026-04-04,29,instalação,true
CHA-02428,CLI-0568,2025-06-30,18,financeiro,true
CHA-02429,CLI-0568,2025-07-02,210,equipamento,true
CHA-02430,CLI-0568,2025-11-08,174,instalação,true
CHA-02431,CLI-0568,2025-09-17,16,equipamento,true
CHA-02432,CLI-0568,2026-02-26,97,equipamento,true
CHA-02433,CLI-0568,2026-03-12,239,conexão,true
CHA-02434,CLI-0568,2025-07-14,161,financeiro,true
CHA-02435,CLI-0568,2025-12-09,128,financeiro,true
CHA-02436,CLI-0569,2026-07-25,29,conexão,true
CHA-02437,CLI-0569,2026-02-24,79,instalação,true
CHA-02438,CLI-0570,2025-08-30,21,instalação,true
CHA-02439,CLI-0570,2026-03-14,7,instalação,true
CHA-02440,CLI-0570,2025-11-21,94,financeiro,true
CHA-02441,CLI-0570,2025-09-18,185,conexão,true
CHA-02442,CLI-0570,2025-12-05,14,instalação,true
CHA-02443,CLI-0570,2025-09-10,39,instalação,true
CHA-02444,CLI-0571,2025-10-14,69,conexão,true
CHA-02445,CLI-0571,2025-09-15,215,financeiro,true
CHA-02446,CLI-0571,2026-07-24,218,financeiro,true
CHA-02447,CLI-0571,2026-02-26,37,instalação,true
CHA-02448,CLI-0572,2026-05-25,146,instalação,true
CHA-02449,CLI-0572,2025-12-14,73,financeiro,true
CHA-02450,CLI-0572,2026-07-21,152,instalação,true
CHA-02451,CLI-0573,2026-03-14,77,equipamento,true
CHA-02452,CLI-0574,2025-09-01,91,conexão,true
CHA-02453,CLI-0574,2025-11-16,113,conexão,true
CHA-02454,CLI-0574,2026-01-17,130,instalação,true
CHA-02455,CLI-0574,2025-07-27,179,financeiro,true
CHA-02456,CLI-0574,2025-08-11,58,instalação,true
CHA-02457,CLI-0574,2025-09-08,116,instalação,true
CHA-02458,CLI-0575,2026-05-05,198,equipamento,true
CHA-02459,CLI-0575,2026-02-28,136,conexão,true
CHA-02460,CLI-0575,2025-07-08,198,financeiro,true
CHA-02461,CLI-0575,2026-03-07,151,financeiro,true
CHA-02462,CLI-0575,2026-01-05,225,conexão,true
CHA-02463,CLI-0575,2026-04-23,87,instalação,true
CHA-02464,CLI-0575,2025-07-29,220,conexão,true
CHA-02465,CLI-0576,2025-08-04,130,equipamento,true
CHA-02466,CLI-0576,2026-01-21,199,equipamento,true
CHA-02467,CLI-0576,2026-04-13,104,instalação,true
CHA-02468,CLI-0576,2026-07-06,54,equipamento,true
CHA-02469,CLI-0577,2026-02-22,183,conexão,true
CHA-02470,CLI-0577,2025-10-22,239,equipamento,true
CHA-02471,CLI-0577,2026-03-19,205,equipamento,false
CHA-02472,CLI-0577,2026-01-22,161,instalação,true
CHA-02473,CLI-0577,2025-09-03,66,instalação,true
CHA-02474,CLI-0577,2025-08-02,90,financeiro,true
CHA-02475,CLI-0577,2026-04-26,119,equipamento,true
CHA-02476,CLI-0579,2025-07-12,175,instalação,true
CHA-02477,CLI-0579,2026-06-23,25,equipamento,true
CHA-02478,CLI-0579,2026-06-21,27,conexão,true
CHA-02479,CLI-0579,2026-02-20,133,financeiro,true
CHA-02480,CLI-0579,2025-12-15,206,instalação,true
CHA-02481,CLI-0579,2026-06-23,84,instalação,true
CHA-02482,CLI-0580,2025-08-04,162,conexão,true
CHA-02483,CLI-0581,2026-02-25,120,financeiro,true
CHA-02484,CLI-0581,2025-10-03,219,conexão,true
CHA-02485,CLI-0582,2025-11-16,177,financeiro,true
CHA-02486,CLI-0582,2026-02-01,136,instalação,true
CHA-02487,CLI-0582,2025-12-30,202,instalação,true
CHA-02488,CLI-0582,2026-06-22,94,financeiro,false
CHA-02489,CLI-0582,2025-11-05,203,instalação,true
CHA-02490,CLI-0583,2025-07-06,15,conexão,false
CHA-02491,CLI-0583,2025-11-02,21,instalação,true
CHA-02492,CLI-0583,2026-04-27,71,financeiro,true
CHA-02493,CLI-0583,2025-06-09,49,instalação,false
CHA-02494,CLI-0583,2026-06-10,181,instalação,true
CHA-02495,CLI-0583,2025-07-16,220,financeiro,false
CHA-02496,CLI-0583,2026-07-06,220,conexão,true
CHA-02497,CLI-0583,2025-11-11,85,financeiro,true
CHA-02498,CLI-0583,2026-04-25,80,conexão,false
CHA-02499,CLI-0584,2026-04-02,196,instalação,true
CHA-02500,CLI-0584,2026-02-27,35,financeiro,true
CHA-02501,CLI-0584,2026-06-12,41,equipamento,false
CHA-02502,CLI-0584,2025-09-29,73,instalação,true
CHA-02503,CLI-0584,2025-12-31,83,conexão,false
CHA-02504,CLI-0585,2026-05-19,12,financeiro,true
CHA-02505,CLI-0586,2026-05-31,42,instalação,true
CHA-02506,CLI-0586,2026-02-11,52,conexão,true
CHA-02507,CLI-0586,2025-11-12,231,conexão,true
CHA-02508,CLI-0586,2026-05-18,238,equipamento,true
CHA-02509,CLI-0586,2026-01-19,16,instalação,true
CHA-02510,CLI-0586,2026-05-05,207,financeiro,true
CHA-02511,CLI-0587,2025-09-21,164,financeiro,true
CHA-02512,CLI-0587,2026-01-14,173,conexão,true
CHA-02513,CLI-0588,2025-10-04,187,conexão,true
CHA-02514,CLI-0588,2025-06-13,149,conexão,false
CHA-02515,CLI-0588,2026-04-04,83,equipamento,true
CHA-02516,CLI-0589,2026-05-12,139,financeiro,true
CHA-02517,CLI-0589,2026-08-01,199,conexão,true
CHA-02518,CLI-0590,2026-02-17,234,instalação,true
CHA-02519,CLI-0590,2025-08-03,89,financeiro,false
CHA-02520,CLI-0590,2025-08-08,164,equipamento,true
CHA-02521,CLI-0590,2025-08-04,122,instalação,true
CHA-02522,CLI-0590,2025-08-15,21,instalação,false
CHA-02523,CLI-0590,2026-01-16,180,financeiro,true
CHA-02524,CLI-0591,2025-07-09,193,instalação,true
CHA-02525,CLI-0591,2025-09-02,168,financeiro,true
CHA-02526,CLI-0591,2026-03-11,42,financeiro,true
CHA-02527,CLI-0591,2025-07-09,143,financeiro,true
CHA-02528,CLI-0592,2026-03-14,7,financeiro,true
CHA-02529,CLI-0592,2026-03-01,146,conexão,true
CHA-02530,CLI-0592,2026-02-12,227,financeiro,true
CHA-02531,CLI-0592,2026-03-31,100,equipamento,true
CHA-02532,CLI-0592,2025-07-15,129,conexão,false
CHA-02533,CLI-0592,2026-02-15,71,instalação,true
CHA-02534,CLI-0592,2026-07-24,93,financeiro,true
CHA-02535,CLI-0592,2026-01-12,15,equipamento,true
CHA-02536,CLI-0593,2026-05-12,103,financeiro,true
CHA-02537,CLI-0593,2026-04-12,160,instalação,true
CHA-02538,CLI-0593,2025-09-07,136,instalação,true
CHA-02539,CLI-0594,2025-10-13,126,instalação,true
CHA-02540,CLI-0594,2025-12-22,94,equipamento,true
CHA-02541,CLI-0594,2025-10-07,234,conexão,true
CHA-02542,CLI-0594,2026-01-28,88,instalação,true
CHA-02543,CLI-0594,2026-03-20,171,financeiro,true
CHA-02544,CLI-0594,2026-02-26,61,equipamento,true
CHA-02545,CLI-0594,2025-08-30,131,conexão,true
CHA-02546,CLI-0594,2026-01-03,209,financeiro,false
CHA-02547,CLI-0594,2025-07-26,5,instalação,true
CHA-02548,CLI-0595,2026-03-16,170,equipamento,true
CHA-02549,CLI-0595,2026-01-12,141,instalação,true
CHA-02550,CLI-0595,2026-01-22,124,financeiro,true
CHA-02551,CLI-0595,2026-02-22,43,financeiro,true
CHA-02552,CLI-0597,2025-08-19,12,conexão,true
CHA-02553,CLI-0597,2025-12-20,196,conexão,false
CHA-02554,CLI-0597,2025-12-09,151,instalação,true
CHA-02555,CLI-0597,2025-11-24,144,equipamento,true
CHA-02556,CLI-0597,2026-05-02,140,instalação,true
CHA-02557,CLI-0597,2026-06-12,106,financeiro,true
CHA-02558,CLI-0598,2026-06-24,74,financeiro,true
CHA-02559,CLI-0598,2025-12-05,238,instalação,true
CHA-02560,CLI-0598,2025-09-10,84,financeiro,true
CHA-02561,CLI-0598,2025-08-22,62,instalação,true
CHA-02562,CLI-0598,2025-07-02,191,equipamento,true
CHA-02563,CLI-0598,2025-06-08,231,conexão,false
CHA-02564,CLI-0598,2026-03-17,138,conexão,true
CHA-02565,CLI-0599,2025-08-22,37,financeiro,true
CHA-02566,CLI-0599,2026-05-08,24,instalação,true
CHA-02567,CLI-0599,2026-05-08,87,financeiro,true
CHA-02568,CLI-0599,2026-06-20,32,equipamento,true
CHA-02569,CLI-0599,2025-10-26,150,financeiro,true
CHA-02570,CLI-0599,2025-06-13,163,instalação,true
CHA-02571,CLI-0599,2025-07-09,199,instalação,true
CHA-02572,CLI-0599,2026-03-19,166,instalação,true
CHA-02573,CLI-0600,2025-11-20,25,instalação,true
CHA-02574,CLI-0600,2026-05-25,47,conexão,false
CHA-02575,CLI-0600,2026-03-21,174,financeiro,true
CHA-02576,CLI-0600,2026-02-17,73,conexão,true
CHA-02577,CLI-0600,2026-06-06,52,equipamento,true
