pagamento_id,cliente_id,data_vencimento,data_pagamento,valor,status
PAG-000001,CLI-0001,2026-08-01,2026-08-03,142.9,pago
PAG-000002,CLI-0001,2026-07-02,2026-07-03,142.9,pago
PAG-000003,CLI-0001,2026-06-02,2026-06-20,142.9,pago
PAG-000004,CLI-0001,2026-05-03,2026-05-01,142.9,pago
PAG-000005,CLI-0001,2026-04-03,2026-04-07,142.9,pago
PAG-000006,CLI-0001,2026-03-04,2026-03-12,142.9,pago
PAG-000007,CLI-0001,2026-02-02,2026-02-17,142.9,pago
PAG-000008,CLI-0001,2026-01-03,,142.9,pendente
PAG-000009,CLI-0001,2025-12-04,2025-12-15,142.9,pago
PAG-000010,CLI-0001,2025-11-04,2025-11-12,142.9,pago
PAG-000011,CLI-0001,2025-10-05,2025-10-04,142.9,pago
PAG-000012,CLI-0001,2025-09-05,2025-09-18,142.9,pago
PAG-000013,CLI-0002,2026-08-01,2026-08-06,145.39,pago
PAG-000014,CLI-0002,2026-07-02,2026-07-13,145.39,pago
PAG-000015,CLI-0002,2026-06-02,2026-06-18,145.39,pago
PAG-000016,CLI-0002,2026-05-03,2026-05-15,145.39,pago
PAG-000017,CLI-0002,2026-04-03,2026-04-04,145.39,pago
PAG-000018,CLI-0002,2026-03-04,2026-03-15,145.39,pago
PAG-000019,CLI-0002,2026-02-02,2026-02-13,145.39,pago
PAG-000020,CLI-0002,2026-01-03,2026-01-21,145.39,pago
PAG-000021,CLI-0002,2025-12-04,2025-12-11,145.39,pago
PAG-000022,CLI-0002,2025-11-04,2025-11-03,145.39,pago
PAG-000023,CLI-0002,2025-10-05,2025-10-11,145.39,pago
PAG-000024,CLI-0002,2025-09-05,2025-09-07,145.39,pago
PAG-000025,CLI-0003,2026-08-01,2026-07-31,103.78,pago
PAG-000026,CLI-0003,2026-07-02,,103.78,pendente
PAG-000027,CLI-0003,2026-06-02,2026-06-14,103.78,pago
PAG-000028,CLI-0003,2026-05-03,2026-05-13,103.78,pago
PAG-000029,CLI-0003,2026-04-03,2026-04-02,103.78,pago
PAG-000030,CLI-0003,2026-03-04,2026-03-11,103.78,pago
PAG-000031,CLI-0003,2026-02-02,2026-02-13,103.78,pago
PAG-000032,CLI-0003,2026-01-03,2026-01-16,103.78,pago
PAG-000033,CLI-0003,2025-12-04,2025-12-18,103.78,pago
PAG-000034,CLI-0003,2025-11-04,2025-11-06,103.78,pago
PAG-000035,CLI-0003,2025-10-05,2025-10-06,103.78,pago
PAG-000036,CLI-0003,2025-09-05,2025-09-03,103.78,pago
PAG-000037,CLI-0004,2026-08-01,2026-08-15,76.14,pago
PAG-000038,CLI-0004,2026-07-02,2026-07-19,76.14,pago
PAG-000039,CLI-0004,2026-06-02,2026-06-16,76.14,pago
PAG-000040,CLI-0004,2026-05-03,2026-05-20,76.14,pago
PAG-000041,CLI-0004,2026-04-03,2026-04-18,76.14,pago
PAG-000042,CLI-0004,2026-03-04,2026-03-22,76.14,pago
PAG-000043,CLI-0004,2026-02-02,2026-02-18,76.14,pago
PAG-000044,CLI-0004,2026-01-03,2026-01-18,76.14,pago
PAG-000045,CLI-0004,2025-12-04,2025-12-01,76.14,pago
PAG-000046,CLI-0004,2025-11-04,2025-11-21,76.14,pago
PAG-000047,CLI-0004,2025-10-05,2025-10-10,76.14,pago
PAG-000048,CLI-0004,2025-09-05,2025-09-20,76.14,pago
PAG-000049,CLI-0005,2026-08-01,2026-08-05,219.45,pago
PAG-000050,CLI-0005,2026-07-02,2026-07-07,219.45,pago
PAG-000051,CLI-0005,2026-06-02,2026-06-03,219.45,pago
PAG-000052,CLI-0005,2026-05-03,2026-05-09,219.45,pago
PAG-000053,CLI-0005,2026-04-03,2026-04-19,219.45,pago
PAG-000054,CLI-0005,2026-03-04,2026-03-06,219.45,pago
PAG-000055,CLI-0005,2026-02-02,2026-02-17,219.45,pago
PAG-000056,CLI-0005,2026-01-03,2026-01-06,219.45,pago
PAG-000057,CLI-0005,2025-12-04,2025-12-16,219.45,pago
PAG-000058,CLI-0005,2025-11-04,2025-11-15,219.45,pago
PAG-000059,CLI-0005,2025-10-05,2025-10-11,219.45,pago
PAG-000060,CLI-0005,2025-09-05,2025-09-04,219.45,pago
PAG-000061,CLI-0006,2026-08-01,2026-08-14,192.51,pago
PAG-000062,CLI-0006,2026-07-02,2026-07-16,192.51,pago
PAG-000063,CLI-0006,2026-06-02,2026-06-18,192.51,pago
PAG-000064,CLI-0006,2026-05-03,2026-05-03,192.51,pago
PAG-000065,CLI-0006,2026-04-03,2026-04-03,192.51,pago
PAG-000066,CLI-0006,2026-03-04,2026-03-11,192.51,pago
PAG-000067,CLI-0006,2026-02-02,2026-02-10,192.51,pago
PAG-000068,CLI-0006,2026-01-03,2026-01-06,192.51,pago
PAG-000069,CLI-0006,2025-12-04,2025-12-13,192.51,pago
PAG-000070,CLI-0006,2025-11-04,2025-11-02,192.51,pago
PAG-000071,CLI-0006,2025-10-05,,192.51,pendente
PAG-000072,CLI-0006,2025-09-05,2025-09-17,192.51,pago
PAG-000073,CLI-0007,2026-08-01,2026-08-18,295.58,pago
PAG-000074,CLI-0007,2026-07-02,,295.58,pendente
PAG-000075,CLI-0007,2026-06-02,2026-06-19,295.58,pago
PAG-000076,CLI-0007,2026-05-03,2026-05-18,295.58,pago
PAG-000077,CLI-0007,2026-04-03,2026-04-01,295.58,pago
PAG-000078,CLI-0007,2026-03-04,2026-03-06,295.58,pago
PAG-000079,CLI-0007,2026-02-02,2026-02-18,295.58,pago
PAG-000080,CLI-0007,2026-01-03,2026-01-12,295.58,pago
PAG-000081,CLI-0007,2025-12-04,,295.58,pendente
PAG-000082,CLI-0007,2025-11-04,2025-11-02,295.58,pago
PAG-000083,CLI-0007,2025-10-05,2025-10-05,295.58,pago
PAG-000084,CLI-0007,2025-09-05,,295.58,pendente
PAG-000085,CLI-0008,2026-08-01,2026-08-19,200.42,pago
PAG-000086,CLI-0008,2026-07-02,2026-07-07,200.42,pago
PAG-000087,CLI-0008,2026-06-02,2026-06-05,200.42,pago
PAG-000088,CLI-0008,2026-05-03,2026-05-08,200.42,pago
PAG-000089,CLI-0008,2026-04-03,2026-04-07,200.42,pago
PAG-000090,CLI-0008,2026-03-04,2026-03-10,200.42,pago
PAG-000091,CLI-0008,2026-02-02,2026-02-05,200.42,pago
PAG-000092,CLI-0008,2026-01-03,2026-01-15,200.42,pago
PAG-000093,CLI-0008,2025-12-04,2025-12-12,200.42,pago
PAG-000094,CLI-0008,2025-11-04,2025-11-09,200.42,pago
PAG-000095,CLI-0008,2025-10-05,2025-10-20,200.42,pago
PAG-000096,CLI-0008,2025-09-05,2025-09-14,200.42,pago
PAG-000097,CLI-0009,2026-08-01,2026-08-19,185.59,pago
PAG-000098,CLI-0009,2026-07-02,2026-06-29,185.59,pago
PAG-000099,CLI-0009,2026-06-02,2026-06-04,185.59,pago
PAG-000100,CLI-0009,2026-05-03,2026-05-15,185.59,pago
PAG-000101,CLI-0009,2026-04-03,2026-04-06,185.59,pago
PAG-000102,CLI-0009,2026-03-04,2026-03-10,185.59,pago
PAG-000103,CLI-0009,2026-02-02,2026-02-19,185.59,pago
PAG-000104,CLI-0009,2026-01-03,,185.59,pendente
PAG-000105,CLI-0009,2025-12-04,2025-12-21,185.59,pago
PAG-000106,CLI-0009,2025-11-04,2025-11-18,185.59,pago
PAG-000107,CLI-0009,2025-10-05,2025-10-03,185.59,pago
PAG-000108,CLI-0009,2025-09-05,2025-09-07,185.59,pago
PAG-000109,CLI-0010,2026-08-01,,215.41,pendente
PAG-000110,CLI-0010,2026-07-02,2026-07-18,215.41,pago
PAG-000111,CLI-0010,2026-06-02,2026-06-09,215.41,pago
PAG-000112,CLI-0010,2026-05-03,2026-05-20,215.41,pago
PAG-000113,CLI-0010,2026-04-03,2026-04-15,215.41,pago
PAG-000114,CLI-0010,2026-03-04,2026-03-05,215.41,pago
PAG-000115,CLI-0010,2026-02-02,2026-02-13,215.41,pago
PAG-000116,CLI-0010,2026-01-03,2026-01-03,215.41,pago
PAG-000117,CLI-0010,2025-12-04,2025-12-15,215.41,pago
PAG-000118,CLI-0010,2025-11-04,2025-11-06,215.41,pago
PAG-000119,CLI-0010,2025-10-05,,215.41,pendente
PAG-000120,CLI-0010,2025-09-05,2025-09-11,215.41,pago
PAG-000121,CLI-0011,2026-08-01,2026-07-29,312.55,pago
PAG-000122,CLI-0011,2026-07-02,2026-07-10,312.55,pago
PAG-000123,CLI-0011,2026-06-02,2026-05-31,312.55,pago
PAG-000124,CLI-0011,2026-05-03,2026-05-14,312.55,pago
PAG-000125,CLI-0011,2026-04-03,2026-04-12,312.55,pago
PAG-000126,CLI-0011,2026-03-04,2026-03-10,312.55,pago
PAG-000127,CLI-0011,2026-02-02,2026-02-19,312.55,pago
PAG-000128,CLI-0011,2026-01-03,2026-01-09,312.55,pago
PAG-000129,CLI-0011,2025-12-04,2025-12-08,312.55,pago
PAG-000130,CLI-0011,2025-11-04,2025-11-05,312.55,pago
PAG-000131,CLI-0011,2025-10-05,2025-10-16,312.55,pago
PAG-000132,CLI-0011,2025-09-05,2025-09-21,312.55,pago
PAG-000133,CLI-0012,2026-08-01,2026-07-31,160.61,pago
PAG-000134,CLI-0012,2026-07-02,2026-07-15,160.61,pago
PAG-000135,CLI-0012,2026-06-02,2026-06-01,160.61,pago
PAG-000136,CLI-0012,2026-05-03,2026-05-03,160.61,pago
PAG-000137,CLI-0012,2026-04-03,,160.61,pendente
PAG-000138,CLI-0012,2026-03-04,2026-03-17,160.61,pago
PAG-000139,CLI-0012,2026-02-02,2026-02-16,160.61,pago
PAG-000140,CLI-0012,2026-01-03,2026-01-10,160.61,pago
PAG-000141,CLI-0012,2025-12-04,2025-12-15,160.61,pago
PAG-000142,CLI-0012,2025-11-04,,160.61,pendente
PAG-000143,CLI-0012,2025-10-05,2025-10-20,160.61,pago
PAG-000144,CLI-0012,2025-09-05,2025-09-18,160.61,pago
PAG-000145,CLI-0013,2026-08-01,2026-08-07,204.43,pago
PAG-000146,CLI-0013,2026-07-02,2026-07-03,204.43,pago
PAG-000147,CLI-0013,2026-06-02,2026-06-19,204.43,pago
PAG-000148,CLI-0013,2026-05-03,2026-05-11,204.43,pago
PAG-000149,CLI-0014,2026-08-01,2026-08-05,187.12,pago
PAG-000150,CLI-0014,2026-07-02,2026-07-03,187.12,pago
PAG-000151,CLI-0014,2026-06-02,,187.12,pendente
PAG-000152,CLI-0014,2026-05-03,2026-05-03,187.12,pago
PAG-000153,CLI-0014,2026-04-03,,187.12,pendente
PAG-000154,CLI-0014,2026-03-04,2026-03-20,187.12,pago
PAG-000155,CLI-0014,2026-02-02,2026-01-30,187.12,pago
PAG-000156,CLI-0014,2026-01-03,,187.12,pendente
PAG-000157,CLI-0014,2025-12-04,,187.12,pendente
PAG-000158,CLI-0014,2025-11-04,2025-11-15,187.12,pago
PAG-000159,CLI-0014,2025-10-05,2025-10-03,187.12,pago
PAG-000160,CLI-0014,2025-09-05,,187.12,pendente
PAG-000161,CLI-0015,2026-08-01,2026-08-11,82.13,pago
PAG-000162,CLI-0015,2026-07-02,2026-07-08,82.13,pago
PAG-000163,CLI-0015,2026-06-02,2026-06-16,82.13,pago
PAG-000164,CLI-0015,2026-05-03,2026-05-07,82.13,pago
PAG-000165,CLI-0015,2026-04-03,2026-04-04,82.13,pago
PAG-000166,CLI-0015,2026-03-04,2026-03-02,82.13,pago
PAG-000167,CLI-0015,2026-02-02,2026-02-12,82.13,pago
PAG-000168,CLI-0015,2026-01-03,2026-01-04,82.13,pago
PAG-000169,CLI-0015,2025-12-04,2025-12-09,82.13,pago
PAG-000170,CLI-0015,2025-11-04,2025-11-21,82.13,pago
PAG-000171,CLI-0015,2025-10-05,2025-10-16,82.13,pago
PAG-000172,CLI-0015,2025-09-05,2025-09-04,82.13,pago
PAG-000173,CLI-0016,2026-08-01,2026-08-10,298.53,pago
PAG-000174,CLI-0016,2026-07-02,2026-07-16,298.53,pago
PAG-000175,CLI-0016,2026-06-02,2026-06-08,298.53,pago
PAG-000176,CLI-0016,2026-05-03,2026-05-17,298.53,pago
PAG-000177,CLI-0016,2026-04-03,2026-04-09,298.53,pago
PAG-000178,CLI-0016,2026-03-04,2026-03-17,298.53,pago
PAG-000179,CLI-0016,2026-02-02,2026-02-13,298.53,pago
PAG-000180,CLI-0016,2026-01-03,2026-01-15,298.53,pago
PAG-000181,CLI-0016,2025-12-04,2025-12-11,298.53,pago
PAG-000182,CLI-0016,2025-11-04,2025-11-12,298.53,pago
PAG-000183,CLI-0016,2025-10-05,2025-10-03,298.53,pago
PAG-000184,CLI-0016,2025-09-05,2025-09-09,298.53,pago
PAG-000185,CLI-0017,2026-08-01,2026-08-13,107.6,pago
PAG-000186,CLI-0017,2026-07-02,2026-07-19,107.6,pago
PAG-000187,CLI-0018,2026-08-01,2026-08-17,190.68,pago
PAG-000188,CLI-0018,2026-07-02,2026-07-18,190.68,pago
PAG-000189,CLI-0018,2026-06-02,2026-06-20,190.68,pago
PAG-000190,CLI-0018,2026-05-03,2026-04-30,190.68,pago
PAG-000191,CLI-0018,2026-04-03,2026-04-13,190.68,pago
PAG-000192,CLI-0018,2026-03-04,,190.68,pendente
PAG-000193,CLI-0018,2026-02-02,2026-02-07,190.68,pago
PAG-000194,CLI-0018,2026-01-03,2026-01-09,190.68,pago
PAG-000195,CLI-0018,2025-12-04,,190.68,pendente
PAG-000196,CLI-0018,2025-11-04,2025-11-22,190.68,pago
PAG-000197,CLI-0018,2025-10-05,2025-10-07,190.68,pago
PAG-000198,CLI-0018,2025-09-05,2025-09-05,190.68,pago
PAG-000199,CLI-0019,2026-08-01,2026-08-19,313.08,pago
PAG-000200,CLI-0019,2026-07-02,2026-07-16,313.08,pago
PAG-000201,CLI-0019,2026-06-02,2026-05-31,313.08,pago
PAG-000202,CLI-0019,2026-05-03,2026-05-10,313.08,pago
PAG-000203,CLI-0019,2026-04-03,,313.08,pendente
PAG-000204,CLI-0019,2026-03-04,2026-03-05,313.08,pago
PAG-000205,CLI-0019,2026-02-02,2026-02-11,313.08,pago
PAG-000206,CLI-0019,2026-01-03,2026-01-09,313.08,pago
PAG-000207,CLI-0019,2025-12-04,2025-12-08,313.08,pago
PAG-000208,CLI-0019,2025-11-04,2025-11-13,313.08,pago
PAG-000209,CLI-0019,2025-10-05,2025-10-19,313.08,pago
PAG-000210,CLI-0020,2026-08-01,,152.92,pendente
PAG-000211,CLI-0020,2026-07-02,,152.92,pendente
PAG-000212,CLI-0020,2026-06-02,,152.92,pendente
PAG-000213,CLI-0020,2026-05-03,,152.92,pendente
PAG-000214,CLI-0020,2026-04-03,2026-04-20,152.92,pago
PAG-000215,CLI-0020,2026-03-04,,152.92,pendente
PAG-000216,CLI-0020,2026-02-02,2026-02-10,152.92,pago
PAG-000217,CLI-0020,2026-01-03,,152.92,pendente
PAG-000218,CLI-0020,2025-12-04,,152.92,pendente
PAG-000219,CLI-0020,2025-11-04,,152.92,pendente
PAG-000220,CLI-0020,2025-10-05,2025-10-10,152.92,pago
PAG-000221,CLI-0020,2025-09-05,,152.92,pendente
PAG-000222,CLI-0021,2026-08-01,2026-07-29,82.41,pago
PAG-000223,CLI-0021,2026-07-02,2026-07-11,82.41,pago
PAG-000224,CLI-0021,2026-06-02,2026-06-16,82.41,pago
PAG-000225,CLI-0021,2026-05-03,2026-05-07,82.41,pago
PAG-000226,CLI-0021,2026-04-03,2026-04-05,82.41,pago
PAG-000227,CLI-0021,2026-03-04,2026-03-06,82.41,pago
PAG-000228,CLI-0021,2026-02-02,2026-02-08,82.41,pago
PAG-000229,CLI-0021,2026-01-03,2026-01-04,82.41,pago
PAG-000230,CLI-0021,2025-12-04,2025-12-14,82.41,pago
PAG-000231,CLI-0021,2025-11-04,2025-11-10,82.41,pago
PAG-000232,CLI-0021,2025-10-05,2025-10-04,82.41,pago
PAG-000233,CLI-0021,2025-09-05,2025-09-09,82.41,pago
PAG-000234,CLI-0022,2026-08-01,2026-08-13,202.21,pago
PAG-000235,CLI-0022,2026-07-02,2026-07-06,202.21,pago
PAG-000236,CLI-0022,2026-06-02,2026-06-07,202.21,pago
PAG-000237,CLI-0022,2026-05-03,2026-05-12,202.21,pago
PAG-000238,CLI-0022,2026-04-03,2026-04-18,202.21,pago
PAG-000239,CLI-0022,2026-03-04,2026-03-18,202.21,pago
PAG-000240,CLI-0022,2026-02-02,2026-02-16,202.21,pago
PAG-000241,CLI-0022,2026-01-03,,202.21,pendente
PAG-000242,CLI-0022,2025-12-04,2025-12-07,202.21,pago
PAG-000243,CLI-0022,2025-11-04,2025-11-10,202.21,pago
PAG-000244,CLI-0022,2025-10-05,2025-10-04,202.21,pago
PAG-000245,CLI-0022,2025-09-05,2025-09-15,202.21,pago
PAG-000246,CLI-0023,2026-08-01,2026-08-09,194.01,pago
PAG-000247,CLI-0023,2026-07-02,2026-07-16,194.01,pago
PAG-000248,CLI-0023,2026-06-02,2026-06-01,194.01,pago
PAG-000249,CLI-0023,2026-05-03,2026-05-07,194.01,pago
PAG-000250,CLI-0023,2026-04-03,2026-04-11,194.01,pago
PAG-000251,CLI-0023,2026-03-04,2026-03-20,194.01,pago
PAG-000252,CLI-0023,2026-02-02,2026-02-19,194.01,pago
PAG-000253,CLI-0023,2026-01-03,2026-01-12,194.01,pago
PAG-000254,CLI-0023,2025-12-04,2025-12-11,194.01,pago
PAG-000255,CLI-0023,2025-11-04,2025-11-14,194.01,pago
PAG-000256,CLI-0024,2026-08-01,,77.06,pendente
PAG-000257,CLI-0025,2026-08-01,2026-08-08,75.36,pago
PAG-000258,CLI-0025,2026-07-02,2026-07-13,75.36,pago
PAG-000259,CLI-0025,2026-06-02,2026-06-11,75.36,pago
PAG-000260,CLI-0025,2026-05-03,2026-05-05,75.36,pago
PAG-000261,CLI-0025,2026-04-03,2026-04-13,75.36,pago
PAG-000262,CLI-0025,2026-03-04,2026-03-20,75.36,pago
PAG-000263,CLI-0025,2026-02-02,2026-02-13,75.36,pago
PAG-000264,CLI-0025,2026-01-03,2026-01-12,75.36,pago
PAG-000265,CLI-0025,2025-12-04,,75.36,pendente
PAG-000266,CLI-0025,2025-11-04,2025-11-09,75.36,pago
PAG-000267,CLI-0025,2025-10-05,2025-10-04,75.36,pago
PAG-000268,CLI-0025,2025-09-05,2025-09-19,75.36,pago
PAG-000269,CLI-0026,2026-08-01,2026-08-12,111.16,pago
PAG-000270,CLI-0026,2026-07-02,2026-07-20,111.16,pago
PAG-000271,CLI-0026,2026-06-02,2026-06-08,111.16,pago
PAG-000272,CLI-0026,2026-05-03,2026-05-18,111.16,pago
PAG-000273,CLI-0026,2026-04-03,2026-04-04,111.16,pago
PAG-000274,CLI-0026,2026-03-04,2026-03-08,111.16,pago
PAG-000275,CLI-0026,2026-02-02,2026-02-04,111.16,pago
PAG-000276,CLI-0026,2026-01-03,2026-01-04,111.16,pago
PAG-000277,CLI-0026,2025-12-04,2025-12-14,111.16,pago
PAG-000278,CLI-0026,2025-11-04,2025-11-19,111.16,pago
PAG-000279,CLI-0026,2025-10-05,2025-10-07,111.16,pago
PAG-000280,CLI-0026,2025-09-05,2025-09-19,111.16,pago
PAG-000281,CLI-0027,2026-08-01,2026-08-01,107.46,pago
PAG-000282,CLI-0027,2026-07-02,2026-07-16,107.46,pago
PAG-000283,CLI-0027,2026-06-02,2026-06-10,107.46,pago
PAG-000284,CLI-0027,2026-05-03,2026-05-01,107.46,pago
PAG-000285,CLI-0027,2026-04-03,2026-04-14,107.46,pago
PAG-000286,CLI-0027,2026-03-04,2026-03-14,107.46,pago
PAG-000287,CLI-0027,2026-02-02,2026-02-19,107.46,pago
PAG-000288,CLI-0027,2026-01-03,2026-01-09,107.46,pago
PAG-000289,CLI-0027,2025-12-04,2025-12-02,107.46,pago
PAG-000290,CLI-0027,2025-11-04,2025-11-12,107.46,pago
PAG-000291,CLI-0027,2025-10-05,2025-10-04,107.46,pago
PAG-000292,CLI-0027,2025-09-05,2025-09-05,107.46,pago
PAG-000293,CLI-0028,2026-08-01,2026-08-02,120.03,pago
PAG-000294,CLI-0028,2026-07-02,2026-07-06,120.03,pago
PAG-000295,CLI-0028,2026-06-02,2026-06-20,120.03,pago
PAG-000296,CLI-0028,2026-05-03,2026-05-04,120.03,pago
PAG-000297,CLI-0028,2026-04-03,2026-04-08,120.03,pago
PAG-000298,CLI-0028,2026-03-04,2026-03-13,120.03,pago
PAG-000299,CLI-0028,2026-02-02,2026-02-19,120.03,pago
PAG-000300,CLI-0028,2026-01-03,2026-01-02,120.03,pago
PAG-000301,CLI-0028,2025-12-04,2025-12-09,120.03,pago
PAG-000302,CLI-0028,2025-11-04,2025-11-12,120.03,pago
PAG-000303,CLI-0028,2025-10-05,2025-10-17,120.03,pago
PAG-000304,CLI-0028,2025-09-05,2025-09-02,120.03,pago
PAG-000305,CLI-0029,2026-08-01,2026-08-12,86.22,pago
PAG-000306,CLI-0029,2026-07-02,,86.22,pendente
PAG-000307,CLI-0029,2026-06-02,2026-06-04,86.22,pago
PAG-000308,CLI-0029,2026-05-03,2026-04-30,86.22,pago
PAG-000309,CLI-0029,2026-04-03,2026-04-13,86.22,pago
PAG-000310,CLI-0029,2026-03-04,2026-03-05,86.22,pago
PAG-000311,CLI-0029,2026-02-02,2026-02-08,86.22,pago
PAG-000312,CLI-0029,2026-01-03,2026-01-08,86.22,pago
PAG-000313,CLI-0029,2025-12-04,,86.22,pendente
PAG-000314,CLI-0029,2025-11-04,2025-11-03,86.22,pago
PAG-000315,CLI-0029,2025-10-05,2025-10-22,86.22,pago
PAG-000316,CLI-0029,2025-09-05,2025-09-14,86.22,pago
PAG-000317,CLI-0030,2026-08-01,2026-08-08,157.56,pago
PAG-000318,CLI-0030,2026-07-02,2026-07-08,157.56,pago
PAG-000319,CLI-0030,2026-06-02,2026-06-03,157.56,pago
PAG-000320,CLI-0030,2026-05-03,2026-05-21,157.56,pago
PAG-000321,CLI-0030,2026-04-03,2026-04-16,157.56,pago
PAG-000322,CLI-0030,2026-03-04,2026-03-20,157.56,pago
PAG-000323,CLI-0030,2026-02-02,2026-02-13,157.56,pago
PAG-000324,CLI-0030,2026-01-03,2026-01-06,157.56,pago
PAG-000325,CLI-0030,2025-12-04,2025-12-05,157.56,pago
PAG-000326,CLI-0030,2025-11-04,2025-11-20,157.56,pago
PAG-000327,CLI-0030,2025-10-05,2025-10-08,157.56,pago
PAG-000328,CLI-0030,2025-09-05,,157.56,pendente
PAG-000329,CLI-0031,2026-08-01,2026-08-05,79.13,pago
PAG-000330,CLI-0031,2026-07-02,2026-07-02,79.13,pago
PAG-000331,CLI-0031,2026-06-02,2026-06-19,79.13,pago
PAG-000332,CLI-0031,2026-05-03,2026-05-16,79.13,pago
PAG-000333,CLI-0031,2026-04-03,2026-03-31,79.13,pago
PAG-000334,CLI-0031,2026-03-04,2026-03-11,79.13,pago
PAG-000335,CLI-0031,2026-02-02,2026-02-17,79.13,pago
PAG-000336,CLI-0031,2026-01-03,2026-01-17,79.13,pago
PAG-000337,CLI-0031,2025-12-04,2025-12-16,79.13,pago
PAG-000338,CLI-0031,2025-11-04,2025-11-03,79.13,pago
PAG-000339,CLI-0032,2026-08-01,2026-08-11,77.7,pago
PAG-000340,CLI-0032,2026-07-02,2026-07-18,77.7,pago
PAG-000341,CLI-0032,2026-06-02,2026-06-08,77.7,pago
PAG-000342,CLI-0032,2026-05-03,2026-05-21,77.7,pago
PAG-000343,CLI-0032,2026-04-03,2026-04-03,77.7,pago
PAG-000344,CLI-0032,2026-03-04,,77.7,pendente
PAG-000345,CLI-0032,2026-02-02,2026-01-30,77.7,pago
PAG-000346,CLI-0032,2026-01-03,2026-01-11,77.7,pago
PAG-000347,CLI-0032,2025-12-04,2025-12-09,77.7,pago
PAG-000348,CLI-0032,2025-11-04,2025-11-05,77.7,pago
PAG-000349,CLI-0032,2025-10-05,2025-10-10,77.7,pago
PAG-000350,CLI-0032,2025-09-05,2025-09-05,77.7,pago
PAG-000351,CLI-0033,2026-08-01,,81.88,pendente
PAG-000352,CLI-0033,2026-07-02,,81.88,pendente
PAG-000353,CLI-0033,2026-06-02,2026-06-03,81.88,pago
PAG-000354,CLI-0033,2026-05-03,2026-05-01,81.88,pago
PAG-000355,CLI-0033,2026-04-03,2026-04-20,81.88,pago
PAG-000356,CLI-0033,2026-03-04,2026-03-11,81.88,pago
PAG-000357,CLI-0033,2026-02-02,2026-02-09,81.88,pago
PAG-000358,CLI-0033,2026-01-03,2026-01-02,81.88,pago
PAG-000359,CLI-0033,2025-12-04,2025-12-04,81.88,pago
PAG-000360,CLI-0033,2025-11-04,2025-11-02,81.88,pago
PAG-000361,CLI-0033,2025-10-05,2025-10-18,81.88,pago
PAG-000362,CLI-0033,2025-09-05,2025-09-14,81.88,pago
PAG-000363,CLI-0034,2026-08-01,2026-07-29,78.74,pago
PAG-000364,CLI-0034,2026-07-02,2026-06-29,78.74,pago
PAG-000365,CLI-0034,2026-06-02,2026-06-11,78.74,pago
PAG-000366,CLI-0034,2026-05-03,2026-05-09,78.74,pago
PAG-000367,CLI-0034,2026-04-03,2026-04-16,78.74,pago
PAG-000368,CLI-0034,2026-03-04,2026-03-14,78.74,pago
PAG-000369,CLI-0034,2026-02-02,2026-01-31,78.74,pago
PAG-000370,CLI-0034,2026-01-03,2026-01-04,78.74,pago
PAG-000371,CLI-0034,2025-12-04,2025-12-03,78.74,pago
PAG-000372,CLI-0034,2025-11-04,2025-11-08,78.74,pago
PAG-000373,CLI-0034,2025-10-05,2025-10-18,78.74,pago
PAG-000374,CLI-0034,2025-09-05,2025-09-13,78.74,pago
PAG-000375,CLI-0035,2026-08-01,2026-08-12,204.12,pago
PAG-000376,CLI-0035,2026-07-02,2026-07-02,204.12,pago
PAG-000377,CLI-0035,2026-06-02,2026-06-05,204.12,pago
PAG-000378,CLI-0035,2026-05-03,2026-05-14,204.12,pago
PAG-000379,CLI-0035,2026-04-03,2026-04-03,204.12,pago
PAG-000380,CLI-0035,2026-03-04,2026-03-22,204.12,pago
PAG-000381,CLI-0036,2026-08-01,,144.35,pendente
PAG-000382,CLI-0036,2026-07-02,2026-07-13,144.35,pago
PAG-000383,CLI-0036,2026-06-02,2026-06-01,144.35,pago
PAG-000384,CLI-0036,2026-05-03,2026-05-10,144.35,pago
PAG-000385,CLI-0036,2026-04-03,,144.35,pendente
PAG-000386,CLI-0036,2026-03-04,2026-03-02,144.35,pago
PAG-000387,CLI-0036,2026-02-02,2026-02-17,144.35,pago
PAG-000388,CLI-0036,2026-01-03,2026-01-12,144.35,pago
PAG-000389,CLI-0036,2025-12-04,2025-12-13,144.35,pago
PAG-000390,CLI-0036,2025-11-04,2025-11-06,144.35,pago
PAG-000391,CLI-0036,2025-10-05,2025-10-07,144.35,pago
PAG-000392,CLI-0036,2025-09-05,2025-09-16,144.35,pago
PAG-000393,CLI-0037,2026-08-01,2026-08-09,115.34,pago
PAG-000394,CLI-0037,2026-07-02,2026-07-14,115.34,pago
PAG-000395,CLI-0037,2026-06-02,2026-06-17,115.34,pago
PAG-000396,CLI-0038,2026-08-01,2026-07-30,286.69,pago
PAG-000397,CLI-0038,2026-07-02,2026-07-06,286.69,pago
PAG-000398,CLI-0038,2026-06-02,2026-05-30,286.69,pago
PAG-000399,CLI-0038,2026-05-03,2026-04-30,286.69,pago
PAG-000400,CLI-0038,2026-04-03,2026-04-19,286.69,pago
PAG-000401,CLI-0038,2026-03-04,2026-03-05,286.69,pago
PAG-000402,CLI-0038,2026-02-02,2026-02-04,286.69,pago
PAG-000403,CLI-0038,2026-01-03,2026-01-10,286.69,pago
PAG-000404,CLI-0038,2025-12-04,2025-12-05,286.69,pago
PAG-000405,CLI-0038,2025-11-04,2025-11-05,286.69,pago
PAG-000406,CLI-0038,2025-10-05,2025-10-18,286.69,pago
PAG-000407,CLI-0038,2025-09-05,2025-09-04,286.69,pago
PAG-000408,CLI-0039,2026-08-01,2026-08-07,148.0,pago
PAG-000409,CLI-0039,2026-07-02,2026-06-29,148.0,pago
PAG-000410,CLI-0039,2026-06-02,2026-06-17,148.0,pago
PAG-000411,CLI-0039,2026-05-03,2026-05-18,148.0,pago
PAG-000412,CLI-0039,2026-04-03,,148.0,pendente
PAG-000413,CLI-0039,2026-03-04,2026-03-20,148.0,pago
PAG-000414,CLI-0039,2026-02-02,2026-02-17,148.0,pago
PAG-000415,CLI-0039,2026-01-03,2026-01-15,148.0,pago
PAG-000416,CLI-0039,2025-12-04,2025-12-03,148.0,pago
PAG-000417,CLI-0039,2025-11-04,2025-11-11,148.0,pago
PAG-000418,CLI-0039,2025-10-05,2025-10-04,148.0,pago
PAG-000419,CLI-0039,2025-09-05,2025-09-23,148.0,pago
PAG-000420,CLI-0040,2026-08-01,2026-08-13,144.19,pago
PAG-000421,CLI-0040,2026-07-02,2026-07-12,144.19,pago
PAG-000422,CLI-0040,2026-06-02,2026-06-04,144.19,pago
PAG-000423,CLI-0040,2026-05-03,2026-05-13,144.19,pago
PAG-000424,CLI-0040,2026-04-03,2026-04-03,144.19,pago
PAG-000425,CLI-0040,2026-03-04,2026-03-07,144.19,pago
PAG-000426,CLI-0040,2026-02-02,2026-02-16,144.19,pago
PAG-000427,CLI-0040,2026-01-03,2026-01-17,144.19,pago
PAG-000428,CLI-0040,2025-12-04,2025-12-10,144.19,pago
PAG-000429,CLI-0040,2025-11-04,2025-11-04,144.19,pago
PAG-000430,CLI-0040,2025-10-05,,144.19,pendente
PAG-000431,CLI-0040,2025-09-05,2025-09-17,144.19,pago
PAG-000432,CLI-0041,2026-08-01,2026-07-30,110.51,pago
PAG-000433,CLI-0041,2026-07-02,2026-07-20,110.51,pago
PAG-000434,CLI-0041,2026-06-02,2026-06-20,110.51,pago
PAG-000435,CLI-0041,2026-05-03,2026-05-17,110.51,pago
PAG-000436,CLI-0042,2026-08-01,2026-08-02,217.52,pago
PAG-000437,CLI-0042,2026-07-02,2026-07-07,217.52,pago
PAG-000438,CLI-0042,2026-06-02,2026-06-01,217.52,pago
PAG-000439,CLI-0042,2026-05-03,,217.52,pendente
PAG-000440,CLI-0042,2026-04-03,2026-04-17,217.52,pago
PAG-000441,CLI-0042,2026-03-04,2026-03-09,217.52,pago
PAG-000442,CLI-0042,2026-02-02,2026-01-30,217.52,pago
PAG-000443,CLI-0042,2026-01-03,2026-01-19,217.52,pago
PAG-000444,CLI-0042,2025-12-04,2025-12-14,217.52,pago
PAG-000445,CLI-0042,2025-11-04,,217.52,pendente
PAG-000446,CLI-0042,2025-10-05,2025-10-20,217.52,pago
PAG-000447,CLI-0042,2025-09-05,2025-09-05,217.52,pago
PAG-000448,CLI-0043,2026-08-01,2026-08-10,87.37,pago
PAG-000449,CLI-0043,2026-07-02,,87.37,pendente
PAG-000450,CLI-0043,2026-06-02,2026-06-09,87.37,pago
PAG-000451,CLI-0043,2026-05-03,2026-05-01,87.37,pago
PAG-000452,CLI-0043,2026-04-03,2026-04-08,87.37,pago
PAG-000453,CLI-0043,2026-03-04,2026-03-01,87.37,pago
PAG-000454,CLI-0043,2026-02-02,2026-02-08,87.37,pago
PAG-000455,CLI-0043,2026-01-03,2026-01-15,87.37,pago
PAG-000456,CLI-0043,2025-12-04,2025-12-22,87.37,pago
PAG-000457,CLI-0043,2025-11-04,2025-11-08,87.37,pago
PAG-000458,CLI-0043,2025-10-05,2025-10-16,87.37,pago
PAG-000459,CLI-0043,2025-09-05,2025-09-12,87.37,pago
PAG-000460,CLI-0044,2026-08-01,2026-07-30,143.54,pago
PAG-000461,CLI-0044,2026-07-02,2026-07-04,143.54,pago
PAG-000462,CLI-0044,2026-06-02,2026-06-15,143.54,pago
PAG-000463,CLI-0044,2026-05-03,2026-05-16,143.54,pago
PAG-000464,CLI-0044,2026-04-03,2026-03-31,143.54,pago
PAG-000465,CLI-0044,2026-03-04,2026-03-07,143.54,pago
PAG-000466,CLI-0044,2026-02-02,2026-02-06,143.54,pago
PAG-000467,CLI-0044,2026-01-03,,143.54,pendente
PAG-000468,CLI-0044,2025-12-04,2025-12-12,143.54,pago
PAG-000469,CLI-0044,2025-11-04,2025-11-09,143.54,pago
PAG-000470,CLI-0044,2025-10-05,2025-10-16,143.54,pago
PAG-000471,CLI-0044,2025-09-05,2025-09-22,143.54,pago
PAG-000472,CLI-0045,2026-08-01,2026-08-06,79.46,pago
PAG-000473,CLI-0045,2026-07-02,2026-07-15,79.46,pago
PAG-000474,CLI-0045,2026-06-02,,79.46,pendente
PAG-000475,CLI-0045,2026-05-03,2026-05-21,79.46,pago
PAG-000476,CLI-0045,2026-04-03,,79.46,pendente
PAG-000477,CLI-0045,2026-03-04,2026-03-21,79.46,pago
PAG-000478,CLI-0045,2026-02-02,2026-01-30,79.46,pago
PAG-000479,CLI-0045,2026-01-03,2026-01-19,79.46,pago
PAG-000480,CLI-0045,2025-12-04,2025-12-10,79.46,pago
PAG-000481,CLI-0045,2025-11-04,2025-11-21,79.46,pago
PAG-000482,CLI-0045,2025-10-05,2025-10-14,79.46,pago
PAG-000483,CLI-0045,2025-09-05,2025-09-16,79.46,pago
PAG-000484,CLI-0046,2026-08-01,2026-08-05,158.21,pago
PAG-000485,CLI-0046,2026-07-02,2026-07-18,158.21,pago
PAG-000486,CLI-0046,2026-06-02,2026-06-09,158.21,pago
PAG-000487,CLI-0046,2026-05-03,2026-04-30,158.21,pago
PAG-000488,CLI-0046,2026-04-03,2026-04-09,158.21,pago
PAG-000489,CLI-0046,2026-03-04,2026-03-14,158.21,pago
PAG-000490,CLI-0046,2026-02-02,2026-01-31,158.21,pago
PAG-000491,CLI-0046,2026-01-03,2026-01-18,158.21,pago
PAG-000492,CLI-0046,2025-12-04,2025-12-11,158.21,pago
PAG-000493,CLI-0046,2025-11-04,2025-11-08,158.21,pago
PAG-000494,CLI-0046,2025-10-05,2025-10-22,158.21,pago
PAG-000495,CLI-0046,2025-09-05,2025-09-23,158.21,pago
PAG-000496,CLI-0047,2026-08-01,2026-08-01,163.11,pago
PAG-000497,CLI-0047,2026-07-02,2026-07-19,163.11,pago
PAG-000498,CLI-0047,2026-06-02,2026-06-18,163.11,pago
PAG-000499,CLI-0047,2026-05-03,2026-05-06,163.11,pago
PAG-000500,CLI-0047,2026-04-03,2026-04-21,163.11,pago
PAG-000501,CLI-0047,2026-03-04,2026-03-10,163.11,pago
PAG-000502,CLI-0047,2026-02-02,2026-02-03,163.11,pago
PAG-000503,CLI-0047,2026-01-03,2026-01-06,163.11,pago
PAG-000504,CLI-0047,2025-12-04,2025-12-19,163.11,pago
PAG-000505,CLI-0047,2025-11-04,2025-11-15,163.11,pago
PAG-000506,CLI-0047,2025-10-05,2025-10-07,163.11,pago
PAG-000507,CLI-0047,2025-09-05,2025-09-17,163.11,pago
PAG-000508,CLI-0048,2026-08-01,2026-08-14,156.93,pago
PAG-000509,CLI-0048,2026-07-02,2026-07-20,156.93,pago
PAG-000510,CLI-0048,2026-06-02,2026-06-09,156.93,pago
PAG-000511,CLI-0048,2026-05-03,2026-05-15,156.93,pago
PAG-000512,CLI-0048,2026-04-03,2026-04-06,156.93,pago
PAG-000513,CLI-0048,2026-03-04,2026-03-13,156.93,pago
PAG-000514,CLI-0048,2026-02-02,,156.93,pendente
PAG-000515,CLI-0048,2026-01-03,2026-01-04,156.93,pago
PAG-000516,CLI-0048,2025-12-04,2025-12-01,156.93,pago
PAG-000517,CLI-0048,2025-11-04,2025-11-06,156.93,pago
PAG-000518,CLI-0048,2025-10-05,2025-10-22,156.93,pago
PAG-000519,CLI-0048,2025-09-05,2025-09-14,156.93,pago
PAG-000520,CLI-0049,2026-08-01,2026-08-11,155.71,pago
PAG-000521,CLI-0049,2026-07-02,2026-07-02,155.71,pago
PAG-000522,CLI-0049,2026-06-02,2026-06-18,155.71,pago
PAG-000523,CLI-0049,2026-05-03,,155.71,pendente
PAG-000524,CLI-0049,2026-04-03,,155.71,pendente
PAG-000525,CLI-0049,2026-03-04,,155.71,pendente
PAG-000526,CLI-0049,2026-02-02,2026-02-05,155.71,pago
PAG-000527,CLI-0049,2026-01-03,2026-01-16,155.71,pago
PAG-000528,CLI-0049,2025-12-04,2025-12-12,155.71,pago
PAG-000529,CLI-0049,2025-11-04,2025-11-10,155.71,pago
PAG-000530,CLI-0049,2025-10-05,2025-10-19,155.71,pago
PAG-000531,CLI-0049,2025-09-05,2025-09-08,155.71,pago
PAG-000532,CLI-0050,2026-08-01,2026-08-17,184.42,pago
PAG-000533,CLI-0050,2026-07-02,2026-07-01,184.42,pago
PAG-000534,CLI-0050,2026-06-02,2026-06-09,184.42,pago
PAG-000535,CLI-0050,2026-05-03,2026-05-12,184.42,pago
PAG-000536,CLI-0050,2026-04-03,2026-04-14,184.42,pago
PAG-000537,CLI-0050,2026-03-04,2026-03-13,184.42,pago
PAG-000538,CLI-0050,2026-02-02,2026-02-14,184.42,pago
PAG-000539,CLI-0050,2026-01-03,2026-01-20,184.42,pago
PAG-000540,CLI-0050,2025-12-04,2025-12-06,184.42,pago
PAG-000541,CLI-0050,2025-11-04,2025-11-02,184.42,pago
PAG-000542,CLI-0050,2025-10-05,2025-10-07,184.42,pago
PAG-000543,CLI-0050,2025-09-05,2025-09-20,184.42,pago
PAG-000544,CLI-0051,2026-08-01,2026-08-16,208.35,pago
PAG-000545,CLI-0051,2026-07-02,2026-07-06,208.35,pago
PAG-000546,CLI-0051,2026-06-02,2026-06-20,208.35,pago
PAG-000547,CLI-0051,2026-05-03,2026-05-16,208.35,pago
PAG-000548,CLI-0051,2026-04-03,2026-04-19,208.35,pago
PAG-000549,CLI-0051,2026-03-04,,208.35,pendente
PAG-000550,CLI-0051,2026-02-02,2026-02-06,208.35,pago
PAG-000551,CLI-0051,2026-01-03,2026-01-21,208.35,pago
PAG-000552,CLI-0051,2025-12-04,2025-12-13,208.35,pago
PAG-000553,CLI-0051,2025-11-04,2025-11-18,208.35,pago
PAG-000554,CLI-0051,2025-10-05,2025-10-21,208.35,pago
PAG-000555,CLI-0051,2025-09-05,,208.35,pendente
PAG-000556,CLI-0052,2026-08-01,2026-08-18,120.22,pago
PAG-000557,CLI-0052,2026-07-02,,120.22,pendente
PAG-000558,CLI-0052,2026-06-02,2026-05-31,120.22,pago
PAG-000559,CLI-0052,2026-05-03,2026-04-30,120.22,pago
PAG-000560,CLI-0052,2026-04-03,2026-04-19,120.22,pago
PAG-000561,CLI-0052,2026-03-04,2026-03-21,120.22,pago
PAG-000562,CLI-0052,2026-02-02,2026-02-15,120.22,pago
PAG-000563,CLI-0052,2026-01-03,2026-01-20,120.22,pago
PAG-000564,CLI-0052,2025-12-04,2025-12-11,120.22,pago
PAG-000565,CLI-0052,2025-11-04,2025-11-02,120.22,pago
PAG-000566,CLI-0052,2025-10-05,2025-10-16,120.22,pago
PAG-000567,CLI-0052,2025-09-05,2025-09-21,120.22,pago
PAG-000568,CLI-0053,2026-08-01,2026-08-18,282.75,pago
PAG-000569,CLI-0053,2026-07-02,2026-07-17,282.75,pago
PAG-000570,CLI-0053,2026-06-02,2026-06-13,282.75,pago
PAG-000571,CLI-0053,2026-05-03,2026-05-18,282.75,pago
PAG-000572,CLI-0053,2026-04-03,2026-04-04,282.75,pago
PAG-000573,CLI-0053,2026-03-04,2026-03-01,282.75,pago
PAG-000574,CLI-0053,2026-02-02,2026-01-31,282.75,pago
PAG-000575,CLI-0053,2026-01-03,2026-01-13,282.75,pago
PAG-000576,CLI-0053,2025-12-04,2025-12-16,282.75,pago
PAG-000577,CLI-0053,2025-11-04,2025-11-06,282.75,pago
PAG-000578,CLI-0053,2025-10-05,2025-10-07,282.75,pago
PAG-000579,CLI-0053,2025-09-05,2025-09-06,282.75,pago
PAG-000580,CLI-0054,2026-08-01,2026-08-08,81.56,pago
PAG-000581,CLI-0054,2026-07-02,2026-07-16,81.56,pago
PAG-000582,CLI-0054,2026-06-02,2026-06-05,81.56,pago
PAG-000583,CLI-0054,2026-05-03,2026-05-09,81.56,pago
PAG-000584,CLI-0054,2026-04-03,2026-04-21,81.56,pago
PAG-000585,CLI-0054,2026-03-04,2026-03-21,81.56,pago
PAG-000586,CLI-0054,2026-02-02,2026-02-04,81.56,pago
PAG-000587,CLI-0054,2026-01-03,2026-01-20,81.56,pago
PAG-000588,CLI-0054,2025-12-04,2025-12-04,81.56,pago
PAG-000589,CLI-0054,2025-11-04,2025-11-18,81.56,pago
PAG-000590,CLI-0054,2025-10-05,2025-10-20,81.56,pago
PAG-000591,CLI-0054,2025-09-05,2025-09-15,81.56,pago
PAG-000592,CLI-0055,2026-08-01,2026-08-05,307.26,pago
PAG-000593,CLI-0055,2026-07-02,2026-07-08,307.26,pago
PAG-000594,CLI-0055,2026-06-02,2026-05-31,307.26,pago
PAG-000595,CLI-0055,2026-05-03,2026-05-12,307.26,pago
PAG-000596,CLI-0055,2026-04-03,2026-04-21,307.26,pago
PAG-000597,CLI-0055,2026-03-04,2026-03-18,307.26,pago
PAG-000598,CLI-0055,2026-02-02,,307.26,pendente
PAG-000599,CLI-0055,2026-01-03,2026-01-06,307.26,pago
PAG-000600,CLI-0055,2025-12-04,2025-12-15,307.26,pago
PAG-000601,CLI-0055,2025-11-04,2025-11-21,307.26,pago
PAG-000602,CLI-0055,2025-10-05,2025-10-22,307.26,pago
PAG-000603,CLI-0055,2025-09-05,2025-09-20,307.26,pago
PAG-000604,CLI-0056,2026-08-01,2026-08-06,293.55,pago
PAG-000605,CLI-0056,2026-07-02,,293.55,pendente
PAG-000606,CLI-0056,2026-06-02,2026-06-03,293.55,pago
PAG-000607,CLI-0056,2026-05-03,,293.55,pendente
PAG-000608,CLI-0056,2026-04-03,2026-04-19,293.55,pago
PAG-000609,CLI-0056,2026-03-04,2026-03-21,293.55,pago
PAG-000610,CLI-0056,2026-02-02,2026-02-20,293.55,pago
PAG-000611,CLI-0056,2026-01-03,2026-01-18,293.55,pago
PAG-000612,CLI-0056,2025-12-04,2025-12-03,293.55,pago
PAG-000613,CLI-0056,2025-11-04,2025-11-11,293.55,pago
PAG-000614,CLI-0056,2025-10-05,2025-10-07,293.55,pago
PAG-000615,CLI-0056,2025-09-05,2025-09-18,293.55,pago
PAG-000616,CLI-0057,2026-08-01,2026-07-29,103.13,pago
PAG-000617,CLI-0057,2026-07-02,2026-07-10,103.13,pago
PAG-000618,CLI-0057,2026-06-02,2026-06-15,103.13,pago
PAG-000619,CLI-0057,2026-05-03,2026-05-01,103.13,pago
PAG-000620,CLI-0057,2026-04-03,2026-04-20,103.13,pago
PAG-000621,CLI-0057,2026-03-04,2026-03-17,103.13,pago
PAG-000622,CLI-0057,2026-02-02,2026-02-02,103.13,pago
PAG-000623,CLI-0057,2026-01-03,2026-01-17,103.13,pago
PAG-000624,CLI-0057,2025-12-04,2025-12-21,103.13,pago
PAG-000625,CLI-0057,2025-11-04,2025-11-22,103.13,pago
PAG-000626,CLI-0057,2025-10-05,2025-10-08,103.13,pago
PAG-000627,CLI-0057,2025-09-05,2025-09-15,103.13,pago
PAG-000628,CLI-0058,2026-08-01,2026-08-05,83.84,pago
PAG-000629,CLI-0058,2026-07-02,2026-07-12,83.84,pago
PAG-000630,CLI-0058,2026-06-02,2026-06-19,83.84,pago
PAG-000631,CLI-0058,2026-05-03,2026-05-10,83.84,pago
PAG-000632,CLI-0058,2026-04-03,,83.84,pendente
PAG-000633,CLI-0058,2026-03-04,2026-03-18,83.84,pago
PAG-000634,CLI-0058,2026-02-02,,83.84,pendente
PAG-000635,CLI-0058,2026-01-03,2026-01-02,83.84,pago
PAG-000636,CLI-0058,2025-12-04,2025-12-19,83.84,pago
PAG-000637,CLI-0058,2025-11-04,,83.84,pendente
PAG-000638,CLI-0058,2025-10-05,2025-10-13,83.84,pago
PAG-000639,CLI-0058,2025-09-05,2025-09-05,83.84,pago
PAG-000640,CLI-0059,2026-08-01,2026-08-14,146.35,pago
PAG-000641,CLI-0059,2026-07-02,2026-07-04,146.35,pago
PAG-000642,CLI-0059,2026-06-02,2026-06-07,146.35,pago
PAG-000643,CLI-0059,2026-05-03,2026-05-05,146.35,pago
PAG-000644,CLI-0059,2026-04-03,2026-04-18,146.35,pago
PAG-000645,CLI-0059,2026-03-04,2026-03-18,146.35,pago
PAG-000646,CLI-0059,2026-02-02,2026-02-16,146.35,pago
PAG-000647,CLI-0059,2026-01-03,,146.35,pendente
PAG-000648,CLI-0059,2025-12-04,2025-12-09,146.35,pago
PAG-000649,CLI-0059,2025-11-04,,146.35,pendente
PAG-000650,CLI-0059,2025-10-05,2025-10-17,146.35,pago
PAG-000651,CLI-0059,2025-09-05,2025-09-13,146.35,pago
PAG-000652,CLI-0060,2026-08-01,2026-08-06,107.38,pago
PAG-000653,CLI-0060,2026-07-02,2026-07-03,107.38,pago
PAG-000654,CLI-0060,2026-06-02,2026-06-05,107.38,pago
PAG-000655,CLI-0060,2026-05-03,2026-05-20,107.38,pago
PAG-000656,CLI-0060,2026-04-03,2026-04-02,107.38,pago
PAG-000657,CLI-0060,2026-03-04,2026-03-17,107.38,pago
PAG-000658,CLI-0060,2026-02-02,2026-02-17,107.38,pago
PAG-000659,CLI-0060,2026-01-03,2026-01-18,107.38,pago
PAG-000660,CLI-0060,2025-12-04,2025-12-02,107.38,pago
PAG-000661,CLI-0060,2025-11-04,2025-11-18,107.38,pago
PAG-000662,CLI-0060,2025-10-05,2025-10-19,107.38,pago
PAG-000663,CLI-0060,2025-09-05,2025-09-06,107.38,pago
PAG-000664,CLI-0061,2026-08-01,2026-08-10,141.92,pago
PAG-000665,CLI-0061,2026-07-02,2026-07-13,141.92,pago
PAG-000666,CLI-0061,2026-06-02,2026-05-31,141.92,pago
PAG-000667,CLI-0061,2026-05-03,2026-05-10,141.92,pago
PAG-000668,CLI-0061,2026-04-03,2026-04-16,141.92,pago
PAG-000669,CLI-0061,2026-03-04,2026-03-09,141.92,pago
PAG-000670,CLI-0061,2026-02-02,2026-02-07,141.92,pago
PAG-000671,CLI-0061,2026-01-03,2026-01-18,141.92,pago
PAG-000672,CLI-0061,2025-12-04,2025-12-21,141.92,pago
PAG-000673,CLI-0061,2025-11-04,2025-11-19,141.92,pago
PAG-000674,CLI-0061,2025-10-05,2025-10-04,141.92,pago
PAG-000675,CLI-0061,2025-09-05,2025-09-14,141.92,pago
PAG-000676,CLI-0062,2026-08-01,2026-08-05,119.07,pago
PAG-000677,CLI-0062,2026-07-02,2026-07-19,119.07,pago
PAG-000678,CLI-0062,2026-06-02,2026-06-03,119.07,pago
PAG-000679,CLI-0062,2026-05-03,2026-05-11,119.07,pago
PAG-000680,CLI-0062,2026-04-03,2026-04-03,119.07,pago
PAG-000681,CLI-0062,2026-03-04,2026-03-14,119.07,pago
PAG-000682,CLI-0062,2026-02-02,2026-02-02,119.07,pago
PAG-000683,CLI-0062,2026-01-03,2026-01-15,119.07,pago
PAG-000684,CLI-0062,2025-12-04,2025-12-19,119.07,pago
PAG-000685,CLI-0062,2025-11-04,2025-11-14,119.07,pago
PAG-000686,CLI-0062,2025-10-05,,119.07,pendente
PAG-000687,CLI-0062,2025-09-05,2025-09-20,119.07,pago
PAG-000688,CLI-0063,2026-08-01,2026-08-19,329.34,pago
PAG-000689,CLI-0063,2026-07-02,2026-07-01,329.34,pago
PAG-000690,CLI-0063,2026-06-02,2026-06-18,329.34,pago
PAG-000691,CLI-0063,2026-05-03,2026-05-15,329.34,pago
PAG-000692,CLI-0063,2026-04-03,,329.34,pendente
PAG-000693,CLI-0063,2026-03-04,2026-03-20,329.34,pago
PAG-000694,CLI-0063,2026-02-02,,329.34,pendente
PAG-000695,CLI-0063,2026-01-03,2026-01-05,329.34,pago
PAG-000696,CLI-0063,2025-12-04,2025-12-17,329.34,pago
PAG-000697,CLI-0063,2025-11-04,2025-11-22,329.34,pago
PAG-000698,CLI-0063,2025-10-05,2025-10-16,329.34,pago
PAG-000699,CLI-0064,2026-08-01,2026-08-18,298.59,pago
PAG-000700,CLI-0064,2026-07-02,2026-07-12,298.59,pago
PAG-000701,CLI-0064,2026-06-02,2026-05-31,298.59,pago
PAG-000702,CLI-0064,2026-05-03,2026-05-13,298.59,pago
PAG-000703,CLI-0064,2026-04-03,2026-04-15,298.59,pago
PAG-000704,CLI-0064,2026-03-04,2026-03-13,298.59,pago
PAG-000705,CLI-0064,2026-02-02,2026-02-17,298.59,pago
PAG-000706,CLI-0064,2026-01-03,2026-01-04,298.59,pago
PAG-000707,CLI-0064,2025-12-04,2025-12-08,298.59,pago
PAG-000708,CLI-0064,2025-11-04,2025-11-03,298.59,pago
PAG-000709,CLI-0064,2025-10-05,2025-10-19,298.59,pago
PAG-000710,CLI-0064,2025-09-05,2025-09-08,298.59,pago
PAG-000711,CLI-0065,2026-08-01,2026-08-02,81.81,pago
PAG-000712,CLI-0065,2026-07-02,2026-07-20,81.81,pago
PAG-000713,CLI-0065,2026-06-02,,81.81,pendente
PAG-000714,CLI-0065,2026-05-03,2026-05-05,81.81,pago
PAG-000715,CLI-0065,2026-04-03,,81.81,pendente
PAG-000716,CLI-0065,2026-03-04,2026-03-11,81.81,pago
PAG-000717,CLI-0065,2026-02-02,2026-02-18,81.81,pago
PAG-000718,CLI-0065,2026-01-03,2026-01-01,81.81,pago
PAG-000719,CLI-0065,2025-12-04,2025-12-21,81.81,pago
PAG-000720,CLI-0065,2025-11-04,,81.81,pendente
PAG-000721,CLI-0065,2025-10-05,,81.81,pendente
PAG-000722,CLI-0065,2025-09-05,2025-09-21,81.81,pago
PAG-000723,CLI-0066,2026-08-01,2026-08-09,192.77,pago
PAG-000724,CLI-0066,2026-07-02,2026-06-29,192.77,pago
PAG-000725,CLI-0066,2026-06-02,2026-06-01,192.77,pago
PAG-000726,CLI-0066,2026-05-03,2026-05-12,192.77,pago
PAG-000727,CLI-0066,2026-04-03,2026-04-12,192.77,pago
PAG-000728,CLI-0066,2026-03-04,2026-03-07,192.77,pago
PAG-000729,CLI-0066,2026-02-02,2026-02-01,192.77,pago
PAG-000730,CLI-0067,2026-08-01,2026-08-16,79.06,pago
PAG-000731,CLI-0067,2026-07-02,2026-07-06,79.06,pago
PAG-000732,CLI-0067,2026-06-02,2026-06-13,79.06,pago
PAG-000733,CLI-0067,2026-05-03,2026-05-18,79.06,pago
PAG-000734,CLI-0067,2026-04-03,2026-04-15,79.06,pago
PAG-000735,CLI-0067,2026-03-04,,79.06,pendente
PAG-000736,CLI-0067,2026-02-02,,79.06,pendente
PAG-000737,CLI-0067,2026-01-03,2026-01-07,79.06,pago
PAG-000738,CLI-0067,2025-12-04,2025-12-08,79.06,pago
PAG-000739,CLI-0067,2025-11-04,2025-11-14,79.06,pago
PAG-000740,CLI-0067,2025-10-05,2025-10-18,79.06,pago
PAG-000741,CLI-0067,2025-09-05,2025-09-10,79.06,pago
PAG-000742,CLI-0068,2026-08-01,2026-07-30,115.92,pago
PAG-000743,CLI-0068,2026-07-02,2026-07-10,115.92,pago
PAG-000744,CLI-0068,2026-06-02,2026-06-14,115.92,pago
PAG-000745,CLI-0068,2026-05-03,2026-05-18,115.92,pago
PAG-000746,CLI-0068,2026-04-03,2026-04-15,115.92,pago
PAG-000747,CLI-0068,2026-03-04,2026-03-17,115.92,pago
PAG-000748,CLI-0068,2026-02-02,2026-02-06,115.92,pago
PAG-000749,CLI-0068,2026-01-03,2026-01-04,115.92,pago
PAG-000750,CLI-0068,2025-12-04,,115.92,pendente
PAG-000751,CLI-0068,2025-11-04,2025-11-16,115.92,pago
PAG-000752,CLI-0068,2025-10-05,2025-10-03,115.92,pago
PAG-000753,CLI-0068,2025-09-05,2025-09-14,115.92,pago
PAG-000754,CLI-0069,2026-08-01,2026-08-05,108.05,pago
PAG-000755,CLI-0069,2026-07-02,2026-07-11,108.05,pago
PAG-000756,CLI-0069,2026-06-02,2026-06-03,108.05,pago
PAG-000757,CLI-0069,2026-05-03,2026-04-30,108.05,pago
PAG-000758,CLI-0069,2026-04-03,2026-04-15,108.05,pago
PAG-000759,CLI-0069,2026-03-04,2026-03-21,108.05,pago
PAG-000760,CLI-0069,2026-02-02,2026-02-09,108.05,pago
PAG-000761,CLI-0069,2026-01-03,2026-01-09,108.05,pago
PAG-000762,CLI-0069,2025-12-04,2025-12-19,108.05,pago
PAG-000763,CLI-0069,2025-11-04,2025-11-04,108.05,pago
PAG-000764,CLI-0069,2025-10-05,2025-10-03,108.05,pago
PAG-000765,CLI-0069,2025-09-05,2025-09-10,108.05,pago
PAG-000766,CLI-0070,2026-08-01,2026-08-11,213.68,pago
PAG-000767,CLI-0070,2026-07-02,2026-07-17,213.68,pago
PAG-000768,CLI-0070,2026-06-02,2026-06-01,213.68,pago
PAG-000769,CLI-0070,2026-05-03,2026-05-10,213.68,pago
PAG-000770,CLI-0070,2026-04-03,2026-04-10,213.68,pago
PAG-000771,CLI-0070,2026-03-04,2026-03-09,213.68,pago
PAG-000772,CLI-0070,2026-02-02,2026-02-11,213.68,pago
PAG-000773,CLI-0070,2026-01-03,2026-01-14,213.68,pago
PAG-000774,CLI-0070,2025-12-04,2025-12-12,213.68,pago
PAG-000775,CLI-0070,2025-11-04,2025-11-17,213.68,pago
PAG-000776,CLI-0070,2025-10-05,2025-10-15,213.68,pago
PAG-000777,CLI-0070,2025-09-05,2025-09-02,213.68,pago
PAG-000778,CLI-0071,2026-08-01,2026-08-07,105.74,pago
PAG-000779,CLI-0071,2026-07-02,2026-07-14,105.74,pago
PAG-000780,CLI-0071,2026-06-02,2026-06-01,105.74,pago
PAG-000781,CLI-0071,2026-05-03,2026-05-11,105.74,pago
PAG-000782,CLI-0071,2026-04-03,2026-04-04,105.74,pago
PAG-000783,CLI-0071,2026-03-04,2026-03-01,105.74,pago
PAG-000784,CLI-0071,2026-02-02,2026-02-03,105.74,pago
PAG-000785,CLI-0071,2026-01-03,2026-01-15,105.74,pago
PAG-000786,CLI-0071,2025-12-04,2025-12-16,105.74,pago
PAG-000787,CLI-0071,2025-11-04,2025-11-16,105.74,pago
PAG-000788,CLI-0071,2025-10-05,2025-10-15,105.74,pago
PAG-000789,CLI-0071,2025-09-05,2025-09-21,105.74,pago
PAG-000790,CLI-0072,2026-08-01,2026-08-17,105.25,pago
PAG-000791,CLI-0073,2026-08-01,2026-08-06,191.42,pago
PAG-000792,CLI-0073,2026-07-02,2026-06-29,191.42,pago
PAG-000793,CLI-0073,2026-06-02,2026-06-06,191.42,pago
PAG-000794,CLI-0073,2026-05-03,2026-05-14,191.42,pago
PAG-000795,CLI-0073,2026-04-03,2026-04-01,191.42,pago
PAG-000796,CLI-0073,2026-03-04,2026-03-04,191.42,pago
PAG-000797,CLI-0073,2026-02-02,2026-02-05,191.42,pago
PAG-000798,CLI-0073,2026-01-03,2026-01-21,191.42,pago
PAG-000799,CLI-0073,2025-12-04,2025-12-11,191.42,pago
PAG-000800,CLI-0073,2025-11-04,2025-11-02,191.42,pago
PAG-000801,CLI-0073,2025-10-05,2025-10-19,191.42,pago
PAG-000802,CLI-0073,2025-09-05,2025-09-10,191.42,pago
PAG-000803,CLI-0074,2026-08-01,2026-07-29,198.32,pago
PAG-000804,CLI-0074,2026-07-02,2026-07-07,198.32,pago
PAG-000805,CLI-0074,2026-06-02,2026-06-11,198.32,pago
PAG-000806,CLI-0074,2026-05-03,2026-04-30,198.32,pago
PAG-000807,CLI-0074,2026-04-03,2026-04-18,198.32,pago
PAG-000808,CLI-0074,2026-03-04,2026-03-16,198.32,pago
PAG-000809,CLI-0074,2026-02-02,2026-02-03,198.32,pago
PAG-000810,CLI-0074,2026-01-03,2026-01-02,198.32,pago
PAG-000811,CLI-0074,2025-12-04,2025-12-16,198.32,pago
PAG-000812,CLI-0074,2025-11-04,2025-11-20,198.32,pago
PAG-000813,CLI-0074,2025-10-05,2025-10-22,198.32,pago
PAG-000814,CLI-0074,2025-09-05,2025-09-13,198.32,pago
PAG-000815,CLI-0075,2026-08-01,2026-08-15,103.87,pago
PAG-000816,CLI-0075,2026-07-02,2026-07-15,103.87,pago
PAG-000817,CLI-0075,2026-06-02,2026-06-08,103.87,pago
PAG-000818,CLI-0075,2026-05-03,2026-05-17,103.87,pago
PAG-000819,CLI-0075,2026-04-03,2026-03-31,103.87,pago
PAG-000820,CLI-0075,2026-03-04,2026-03-17,103.87,pago
PAG-000821,CLI-0075,2026-02-02,2026-02-04,103.87,pago
PAG-000822,CLI-0075,2026-01-03,2026-01-19,103.87,pago
PAG-000823,CLI-0075,2025-12-04,2025-12-20,103.87,pago
PAG-000824,CLI-0075,2025-11-04,2025-11-03,103.87,pago
PAG-000825,CLI-0075,2025-10-05,2025-10-19,103.87,pago
PAG-000826,CLI-0075,2025-09-05,2025-09-08,103.87,pago
PAG-000827,CLI-0076,2026-08-01,2026-08-16,312.68,pago
PAG-000828,CLI-0076,2026-07-02,2026-07-10,312.68,pago
PAG-000829,CLI-0076,2026-06-02,2026-06-01,312.68,pago
PAG-000830,CLI-0076,2026-05-03,,312.68,pendente
PAG-000831,CLI-0076,2026-04-03,2026-04-20,312.68,pago
PAG-000832,CLI-0076,2026-03-04,2026-03-03,312.68,pago
PAG-000833,CLI-0076,2026-02-02,2026-02-19,312.68,pago
PAG-000834,CLI-0076,2026-01-03,2026-01-17,312.68,pago
PAG-000835,CLI-0076,2025-12-04,2025-12-14,312.68,pago
PAG-000836,CLI-0076,2025-11-04,2025-11-02,312.68,pago
PAG-000837,CLI-0076,2025-10-05,2025-10-10,312.68,pago
PAG-000838,CLI-0076,2025-09-05,2025-09-04,312.68,pago
PAG-000839,CLI-0077,2026-08-01,2026-08-15,140.94,pago
PAG-000840,CLI-0077,2026-07-02,2026-07-02,140.94,pago
PAG-000841,CLI-0077,2026-06-02,2026-06-17,140.94,pago
PAG-000842,CLI-0077,2026-05-03,2026-05-14,140.94,pago
PAG-000843,CLI-0077,2026-04-03,2026-04-13,140.94,pago
PAG-000844,CLI-0077,2026-03-04,2026-03-06,140.94,pago
PAG-000845,CLI-0078,2026-08-01,2026-08-08,115.56,pago
PAG-000846,CLI-0078,2026-07-02,2026-07-12,115.56,pago
PAG-000847,CLI-0078,2026-06-02,2026-06-12,115.56,pago
PAG-000848,CLI-0078,2026-05-03,2026-05-10,115.56,pago
PAG-000849,CLI-0078,2026-04-03,2026-04-18,115.56,pago
PAG-000850,CLI-0078,2026-03-04,2026-03-13,115.56,pago
PAG-000851,CLI-0078,2026-02-02,2026-02-07,115.56,pago
PAG-000852,CLI-0078,2026-01-03,2026-01-14,115.56,pago
PAG-000853,CLI-0078,2025-12-04,2025-12-13,115.56,pago
PAG-000854,CLI-0078,2025-11-04,,115.56,pendente
PAG-000855,CLI-0078,2025-10-05,,115.56,pendente
PAG-000856,CLI-0078,2025-09-05,2025-09-02,115.56,pago
PAG-000857,CLI-0079,2026-08-01,2026-07-31,293.92,pago
PAG-000858,CLI-0079,2026-07-02,2026-07-17,293.92,pago
PAG-000859,CLI-0079,2026-06-02,2026-06-01,293.92,pago
PAG-000860,CLI-0079,2026-05-03,2026-05-15,293.92,pago
PAG-000861,CLI-0079,2026-04-03,2026-04-18,293.92,pago
PAG-000862,CLI-0079,2026-03-04,2026-03-04,293.92,pago
PAG-000863,CLI-0079,2026-02-02,2026-02-08,293.92,pago
PAG-000864,CLI-0079,2026-01-03,,293.92,pendente
PAG-000865,CLI-0079,2025-12-04,2025-12-13,293.92,pago
PAG-000866,CLI-0079,2025-11-04,2025-11-02,293.92,pago
PAG-000867,CLI-0080,2026-08-01,2026-08-18,165.8,pago
PAG-000868,CLI-0080,2026-07-02,2026-07-11,165.8,pago
PAG-000869,CLI-0080,2026-06-02,2026-06-15,165.8,pago
PAG-000870,CLI-0080,2026-05-03,2026-05-17,165.8,pago
PAG-000871,CLI-0080,2026-04-03,2026-04-10,165.8,pago
PAG-000872,CLI-0080,2026-03-04,2026-03-08,165.8,pago
PAG-000873,CLI-0080,2026-02-02,2026-02-20,165.8,pago
PAG-000874,CLI-0080,2026-01-03,2026-01-12,165.8,pago
PAG-000875,CLI-0080,2025-12-04,2025-12-20,165.8,pago
PAG-000876,CLI-0080,2025-11-04,2025-11-03,165.8,pago
PAG-000877,CLI-0080,2025-10-05,2025-10-11,165.8,pago
PAG-000878,CLI-0080,2025-09-05,2025-09-06,165.8,pago
PAG-000879,CLI-0081,2026-08-01,2026-07-31,113.67,pago
PAG-000880,CLI-0081,2026-07-02,2026-07-12,113.67,pago
PAG-000881,CLI-0081,2026-06-02,2026-06-10,113.67,pago
PAG-000882,CLI-0081,2026-05-03,2026-05-11,113.67,pago
PAG-000883,CLI-0081,2026-04-03,2026-03-31,113.67,pago
PAG-000884,CLI-0081,2026-03-04,2026-03-06,113.67,pago
PAG-000885,CLI-0081,2026-02-02,2026-02-18,113.67,pago
PAG-000886,CLI-0081,2026-01-03,2026-01-14,113.67,pago
PAG-000887,CLI-0081,2025-12-04,2025-12-15,113.67,pago
PAG-000888,CLI-0081,2025-11-04,2025-11-08,113.67,pago
PAG-000889,CLI-0081,2025-10-05,2025-10-13,113.67,pago
PAG-000890,CLI-0081,2025-09-05,2025-09-04,113.67,pago
PAG-000891,CLI-0082,2026-08-01,2026-08-10,87.39,pago
PAG-000892,CLI-0082,2026-07-02,2026-07-20,87.39,pago
PAG-000893,CLI-0082,2026-06-02,2026-06-07,87.39,pago
PAG-000894,CLI-0082,2026-05-03,2026-05-09,87.39,pago
PAG-000895,CLI-0083,2026-08-01,2026-08-18,102.27,pago
PAG-000896,CLI-0083,2026-07-02,2026-07-15,102.27,pago
PAG-000897,CLI-0083,2026-06-02,2026-05-31,102.27,pago
PAG-000898,CLI-0083,2026-05-03,2026-05-12,102.27,pago
PAG-000899,CLI-0083,2026-04-03,2026-03-31,102.27,pago
PAG-000900,CLI-0083,2026-03-04,2026-03-09,102.27,pago
PAG-000901,CLI-0083,2026-02-02,2026-02-09,102.27,pago
PAG-000902,CLI-0083,2026-01-03,2026-01-21,102.27,pago
PAG-000903,CLI-0083,2025-12-04,2025-12-13,102.27,pago
PAG-000904,CLI-0083,2025-11-04,2025-11-22,102.27,pago
PAG-000905,CLI-0083,2025-10-05,2025-10-22,102.27,pago
PAG-000906,CLI-0083,2025-09-05,2025-09-15,102.27,pago
PAG-000907,CLI-0084,2026-08-01,,122.44,pendente
PAG-000908,CLI-0084,2026-07-02,,122.44,pendente
PAG-000909,CLI-0084,2026-06-02,,122.44,pendente
PAG-000910,CLI-0084,2026-05-03,2026-05-19,122.44,pago
PAG-000911,CLI-0084,2026-04-03,2026-04-18,122.44,pago
PAG-000912,CLI-0084,2026-03-04,2026-03-20,122.44,pago
PAG-000913,CLI-0084,2026-02-02,2026-02-20,122.44,pago
PAG-000914,CLI-0084,2026-01-03,,122.44,pendente
PAG-000915,CLI-0084,2025-12-04,,122.44,pendente
PAG-000916,CLI-0084,2025-11-04,2025-11-05,122.44,pago
PAG-000917,CLI-0084,2025-10-05,2025-10-21,122.44,pago
PAG-000918,CLI-0084,2025-09-05,2025-09-22,122.44,pago
PAG-000919,CLI-0085,2026-08-01,2026-08-03,152.11,pago
PAG-000920,CLI-0085,2026-07-02,2026-07-18,152.11,pago
PAG-000921,CLI-0085,2026-06-02,2026-06-15,152.11,pago
PAG-000922,CLI-0085,2026-05-03,2026-05-14,152.11,pago
PAG-000923,CLI-0085,2026-04-03,2026-04-14,152.11,pago
PAG-000924,CLI-0085,2026-03-04,2026-03-17,152.11,pago
PAG-000925,CLI-0085,2026-02-02,2026-02-17,152.11,pago
PAG-000926,CLI-0085,2026-01-03,2026-01-17,152.11,pago
PAG-000927,CLI-0085,2025-12-04,2025-12-14,152.11,pago
PAG-000928,CLI-0085,2025-11-04,2025-11-01,152.11,pago
PAG-000929,CLI-0085,2025-10-05,2025-10-20,152.11,pago
PAG-000930,CLI-0085,2025-09-05,2025-09-08,152.11,pago
PAG-000931,CLI-0086,2026-08-01,,211.56,pendente
PAG-000932,CLI-0086,2026-07-02,2026-07-10,211.56,pago
PAG-000933,CLI-0086,2026-06-02,,211.56,pendente
PAG-000934,CLI-0086,2026-05-03,2026-05-16,211.56,pago
PAG-000935,CLI-0086,2026-04-03,2026-04-05,211.56,pago
PAG-000936,CLI-0086,2026-03-04,2026-03-13,211.56,pago
PAG-000937,CLI-0086,2026-02-02,,211.56,pendente
PAG-000938,CLI-0087,2026-08-01,2026-07-29,104.67,pago
PAG-000939,CLI-0087,2026-07-02,2026-07-14,104.67,pago
PAG-000940,CLI-0087,2026-06-02,2026-06-17,104.67,pago
PAG-000941,CLI-0087,2026-05-03,2026-05-14,104.67,pago
PAG-000942,CLI-0087,2026-04-03,2026-04-02,104.67,pago
PAG-000943,CLI-0087,2026-03-04,2026-03-01,104.67,pago
PAG-000944,CLI-0087,2026-02-02,2026-02-16,104.67,pago
PAG-000945,CLI-0087,2026-01-03,2026-01-20,104.67,pago
PAG-000946,CLI-0087,2025-12-04,2025-12-07,104.67,pago
PAG-000947,CLI-0087,2025-11-04,2025-11-05,104.67,pago
PAG-000948,CLI-0087,2025-10-05,2025-10-13,104.67,pago
PAG-000949,CLI-0087,2025-09-05,,104.67,pendente
PAG-000950,CLI-0088,2026-08-01,2026-08-06,78.8,pago
PAG-000951,CLI-0088,2026-07-02,2026-07-18,78.8,pago
PAG-000952,CLI-0088,2026-06-02,2026-06-03,78.8,pago
PAG-000953,CLI-0088,2026-05-03,2026-05-15,78.8,pago
PAG-000954,CLI-0088,2026-04-03,2026-04-20,78.8,pago
PAG-000955,CLI-0088,2026-03-04,2026-03-06,78.8,pago
PAG-000956,CLI-0088,2026-02-02,2026-02-06,78.8,pago
PAG-000957,CLI-0088,2026-01-03,2026-01-06,78.8,pago
PAG-000958,CLI-0088,2025-12-04,,78.8,pendente
PAG-000959,CLI-0088,2025-11-04,,78.8,pendente
PAG-000960,CLI-0088,2025-10-05,2025-10-05,78.8,pago
PAG-000961,CLI-0088,2025-09-05,2025-09-08,78.8,pago
PAG-000962,CLI-0089,2026-08-01,2026-08-08,295.93,pago
PAG-000963,CLI-0089,2026-07-02,2026-07-14,295.93,pago
PAG-000964,CLI-0089,2026-06-02,2026-05-31,295.93,pago
PAG-000965,CLI-0089,2026-05-03,2026-05-15,295.93,pago
PAG-000966,CLI-0089,2026-04-03,2026-04-14,295.93,pago
PAG-000967,CLI-0089,2026-03-04,2026-03-18,295.93,pago
PAG-000968,CLI-0089,2026-02-02,2026-02-13,295.93,pago
PAG-000969,CLI-0089,2026-01-03,2026-01-13,295.93,pago
PAG-000970,CLI-0089,2025-12-04,2025-12-02,295.93,pago
PAG-000971,CLI-0089,2025-11-04,2025-11-10,295.93,pago
PAG-000972,CLI-0089,2025-10-05,2025-10-23,295.93,pago
PAG-000973,CLI-0089,2025-09-05,2025-09-19,295.93,pago
PAG-000974,CLI-0090,2026-08-01,2026-08-01,86.28,pago
PAG-000975,CLI-0090,2026-07-02,2026-07-15,86.28,pago
PAG-000976,CLI-0090,2026-06-02,2026-06-03,86.28,pago
PAG-000977,CLI-0090,2026-05-03,2026-05-01,86.28,pago
PAG-000978,CLI-0090,2026-04-03,2026-04-16,86.28,pago
PAG-000979,CLI-0090,2026-03-04,,86.28,pendente
PAG-000980,CLI-0090,2026-02-02,2026-01-31,86.28,pago
PAG-000981,CLI-0090,2026-01-03,2026-01-19,86.28,pago
PAG-000982,CLI-0090,2025-12-04,2025-12-11,86.28,pago
PAG-000983,CLI-0090,2025-11-04,2025-11-02,86.28,pago
PAG-000984,CLI-0090,2025-10-05,,86.28,pendente
PAG-000985,CLI-0090,2025-09-05,2025-09-11,86.28,pago
PAG-000986,CLI-0091,2026-08-01,2026-08-12,78.64,pago
PAG-000987,CLI-0091,2026-07-02,2026-06-29,78.64,pago
PAG-000988,CLI-0091,2026-06-02,2026-06-20,78.64,pago
PAG-000989,CLI-0091,2026-05-03,2026-05-12,78.64,pago
PAG-000990,CLI-0091,2026-04-03,2026-04-13,78.64,pago
PAG-000991,CLI-0091,2026-03-04,2026-03-20,78.64,pago
PAG-000992,CLI-0091,2026-02-02,2026-02-19,78.64,pago
PAG-000993,CLI-0091,2026-01-03,2026-01-14,78.64,pago
PAG-000994,CLI-0091,2025-12-04,2025-12-10,78.64,pago
PAG-000995,CLI-0091,2025-11-04,2025-11-07,78.64,pago
PAG-000996,CLI-0091,2025-10-05,2025-10-23,78.64,pago
PAG-000997,CLI-0091,2025-09-05,2025-09-04,78.64,pago
PAG-000998,CLI-0092,2026-08-01,2026-08-07,216.41,pago
PAG-000999,CLI-0092,2026-07-02,2026-07-18,216.41,pago
PAG-001000,CLI-0092,2026-06-02,2026-06-15,216.41,pago
PAG-001001,CLI-0092,2026-05-03,,216.41,pendente
PAG-001002,CLI-0092,2026-04-03,2026-04-03,216.41,pago
PAG-001003,CLI-0092,2026-03-04,2026-03-21,216.41,pago
PAG-001004,CLI-0092,2026-02-02,,216.41,pendente
PAG-001005,CLI-0092,2026-01-03,2026-01-14,216.41,pago
PAG-001006,CLI-0092,2025-12-04,2025-12-14,216.41,pago
PAG-001007,CLI-0092,2025-11-04,2025-11-08,216.41,pago
PAG-001008,CLI-0092,2025-10-05,2025-10-17,216.41,pago
PAG-001009,CLI-0092,2025-09-05,2025-09-12,216.41,pago
PAG-001010,CLI-0093,2026-08-01,2026-08-17,118.35,pago
PAG-001011,CLI-0093,2026-07-02,2026-07-18,118.35,pago
PAG-001012,CLI-0093,2026-06-02,2026-06-11,118.35,pago
PAG-001013,CLI-0093,2026-05-03,2026-05-20,118.35,pago
PAG-001014,CLI-0093,2026-04-03,2026-04-02,118.35,pago
PAG-001015,CLI-0093,2026-03-04,2026-03-05,118.35,pago
PAG-001016,CLI-0093,2026-02-02,2026-02-19,118.35,pago
PAG-001017,CLI-0093,2026-01-03,2026-01-04,118.35,pago
PAG-001018,CLI-0093,2025-12-04,2025-12-15,118.35,pago
PAG-001019,CLI-0093,2025-11-04,2025-11-13,118.35,pago
PAG-001020,CLI-0093,2025-10-05,2025-10-16,118.35,pago
PAG-001021,CLI-0093,2025-09-05,2025-09-23,118.35,pago
PAG-001022,CLI-0094,2026-08-01,2026-08-17,165.44,pago
PAG-001023,CLI-0094,2026-07-02,2026-07-11,165.44,pago
PAG-001024,CLI-0094,2026-06-02,2026-06-08,165.44,pago
PAG-001025,CLI-0094,2026-05-03,,165.44,pendente
PAG-001026,CLI-0094,2026-04-03,2026-04-01,165.44,pago
PAG-001027,CLI-0094,2026-03-04,,165.44,pendente
PAG-001028,CLI-0094,2026-02-02,2026-02-10,165.44,pago
PAG-001029,CLI-0094,2026-01-03,,165.44,pendente
PAG-001030,CLI-0094,2025-12-04,2025-12-01,165.44,pago
PAG-001031,CLI-0094,2025-11-04,2025-11-19,165.44,pago
PAG-001032,CLI-0094,2025-10-05,2025-10-12,165.44,pago
PAG-001033,CLI-0094,2025-09-05,2025-09-14,165.44,pago
PAG-001034,CLI-0095,2026-08-01,2026-08-11,210.39,pago
PAG-001035,CLI-0095,2026-07-02,2026-07-13,210.39,pago
PAG-001036,CLI-0095,2026-06-02,2026-06-16,210.39,pago
PAG-001037,CLI-0095,2026-05-03,2026-05-12,210.39,pago
PAG-001038,CLI-0095,2026-04-03,2026-04-05,210.39,pago
PAG-001039,CLI-0095,2026-03-04,2026-03-01,210.39,pago
PAG-001040,CLI-0095,2026-02-02,2026-02-06,210.39,pago
PAG-001041,CLI-0095,2026-01-03,2026-01-08,210.39,pago
PAG-001042,CLI-0095,2025-12-04,2025-12-18,210.39,pago
PAG-001043,CLI-0095,2025-11-04,2025-11-02,210.39,pago
PAG-001044,CLI-0095,2025-10-05,2025-10-20,210.39,pago
PAG-001045,CLI-0095,2025-09-05,2025-09-13,210.39,pago
PAG-001046,CLI-0096,2026-08-01,2026-08-16,75.78,pago
PAG-001047,CLI-0096,2026-07-02,2026-06-30,75.78,pago
PAG-001048,CLI-0096,2026-06-02,2026-06-16,75.78,pago
PAG-001049,CLI-0096,2026-05-03,2026-05-15,75.78,pago
PAG-001050,CLI-0096,2026-04-03,2026-04-15,75.78,pago
PAG-001051,CLI-0096,2026-03-04,2026-03-11,75.78,pago
PAG-001052,CLI-0096,2026-02-02,2026-02-08,75.78,pago
PAG-001053,CLI-0096,2026-01-03,2026-01-01,75.78,pago
PAG-001054,CLI-0096,2025-12-04,2025-12-20,75.78,pago
PAG-001055,CLI-0096,2025-11-04,2025-11-19,75.78,pago
PAG-001056,CLI-0096,2025-10-05,2025-10-22,75.78,pago
PAG-001057,CLI-0096,2025-09-05,2025-09-07,75.78,pago
PAG-001058,CLI-0097,2026-08-01,2026-08-11,293.11,pago
PAG-001059,CLI-0097,2026-07-02,2026-07-06,293.11,pago
PAG-001060,CLI-0097,2026-06-02,2026-06-19,293.11,pago
PAG-001061,CLI-0097,2026-05-03,2026-05-18,293.11,pago
PAG-001062,CLI-0098,2026-08-01,2026-08-11,139.48,pago
PAG-001063,CLI-0098,2026-07-02,2026-07-19,139.48,pago
PAG-001064,CLI-0098,2026-06-02,2026-06-09,139.48,pago
PAG-001065,CLI-0098,2026-05-03,2026-05-03,139.48,pago
PAG-001066,CLI-0099,2026-08-01,2026-08-08,151.73,pago
PAG-001067,CLI-0099,2026-07-02,2026-07-20,151.73,pago
PAG-001068,CLI-0099,2026-06-02,,151.73,pendente
PAG-001069,CLI-0099,2026-05-03,2026-05-13,151.73,pago
PAG-001070,CLI-0099,2026-04-03,2026-04-03,151.73,pago
PAG-001071,CLI-0099,2026-03-04,2026-03-12,151.73,pago
PAG-001072,CLI-0099,2026-02-02,2026-02-08,151.73,pago
PAG-001073,CLI-0099,2026-01-03,2026-01-01,151.73,pago
PAG-001074,CLI-0099,2025-12-04,,151.73,pendente
PAG-001075,CLI-0099,2025-11-04,2025-11-20,151.73,pago
PAG-001076,CLI-0099,2025-10-05,2025-10-08,151.73,pago
PAG-001077,CLI-0099,2025-09-05,2025-09-22,151.73,pago
PAG-001078,CLI-0100,2026-08-01,2026-08-01,87.19,pago
PAG-001079,CLI-0100,2026-07-02,2026-07-07,87.19,pago
PAG-001080,CLI-0100,2026-06-02,2026-06-20,87.19,pago
PAG-001081,CLI-0100,2026-05-03,2026-05-20,87.19,pago
PAG-001082,CLI-0100,2026-04-03,2026-04-08,87.19,pago
PAG-001083,CLI-0100,2026-03-04,2026-03-22,87.19,pago
PAG-001084,CLI-0100,2026-02-02,2026-02-09,87.19,pago
PAG-001085,CLI-0100,2026-01-03,2026-01-02,87.19,pago
PAG-001086,CLI-0100,2025-12-04,2025-12-02,87.19,pago
PAG-001087,CLI-0100,2025-11-04,2025-11-11,87.19,pago
PAG-001088,CLI-0100,2025-10-05,2025-10-10,87.19,pago
PAG-001089,CLI-0100,2025-09-05,2025-09-10,87.19,pago
PAG-001090,CLI-0101,2026-08-01,2026-08-01,122.64,pago
PAG-001091,CLI-0101,2026-07-02,,122.64,pendente
PAG-001092,CLI-0101,2026-06-02,2026-06-07,122.64,pago
PAG-001093,CLI-0101,2026-05-03,2026-04-30,122.64,pago
PAG-001094,CLI-0101,2026-04-03,2026-04-04,122.64,pago
PAG-001095,CLI-0101,2026-03-04,2026-03-01,122.64,pago
PAG-001096,CLI-0101,2026-02-02,2026-02-20,122.64,pago
PAG-001097,CLI-0101,2026-01-03,2026-01-04,122.64,pago
PAG-001098,CLI-0101,2025-12-04,2025-12-13,122.64,pago
PAG-001099,CLI-0101,2025-11-04,2025-11-17,122.64,pago
PAG-001100,CLI-0101,2025-10-05,2025-10-17,122.64,pago
PAG-001101,CLI-0101,2025-09-05,2025-09-14,122.64,pago
PAG-001102,CLI-0102,2026-08-01,2026-08-04,79.65,pago
PAG-001103,CLI-0102,2026-07-02,2026-06-30,79.65,pago
PAG-001104,CLI-0102,2026-06-02,2026-06-20,79.65,pago
PAG-001105,CLI-0102,2026-05-03,2026-05-12,79.65,pago
PAG-001106,CLI-0102,2026-04-03,2026-04-20,79.65,pago
PAG-001107,CLI-0102,2026-03-04,2026-03-16,79.65,pago
PAG-001108,CLI-0102,2026-02-02,2026-02-19,79.65,pago
PAG-001109,CLI-0102,2026-01-03,2026-01-06,79.65,pago
PAG-001110,CLI-0102,2025-12-04,2025-12-07,79.65,pago
PAG-001111,CLI-0102,2025-11-04,,79.65,pendente
PAG-001112,CLI-0102,2025-10-05,2025-10-09,79.65,pago
PAG-001113,CLI-0102,2025-09-05,2025-09-04,79.65,pago
PAG-001114,CLI-0103,2026-08-01,2026-07-29,307.93,pago
PAG-001115,CLI-0103,2026-07-02,,307.93,pendente
PAG-001116,CLI-0103,2026-06-02,,307.93,pendente
PAG-001117,CLI-0103,2026-05-03,,307.93,pendente
PAG-001118,CLI-0103,2026-04-03,2026-04-14,307.93,pago
PAG-001119,CLI-0103,2026-03-04,2026-03-19,307.93,pago
PAG-001120,CLI-0103,2026-02-02,,307.93,pendente
PAG-001121,CLI-0103,2026-01-03,2026-01-03,307.93,pago
PAG-001122,CLI-0103,2025-12-04,2025-12-20,307.93,pago
PAG-001123,CLI-0103,2025-11-04,,307.93,pendente
PAG-001124,CLI-0103,2025-10-05,2025-10-15,307.93,pago
PAG-001125,CLI-0103,2025-09-05,,307.93,pendente
PAG-001126,CLI-0104,2026-08-01,,196.77,pendente
PAG-001127,CLI-0104,2026-07-02,2026-07-19,196.77,pago
PAG-001128,CLI-0104,2026-06-02,2026-06-08,196.77,pago
PAG-001129,CLI-0104,2026-05-03,2026-05-15,196.77,pago
PAG-001130,CLI-0104,2026-04-03,2026-04-06,196.77,pago
PAG-001131,CLI-0104,2026-03-04,,196.77,pendente
PAG-001132,CLI-0104,2026-02-02,,196.77,pendente
PAG-001133,CLI-0104,2026-01-03,2026-01-07,196.77,pago
PAG-001134,CLI-0104,2025-12-04,2025-12-20,196.77,pago
PAG-001135,CLI-0104,2025-11-04,2025-11-20,196.77,pago
PAG-001136,CLI-0104,2025-10-05,,196.77,pendente
PAG-001137,CLI-0104,2025-09-05,2025-09-04,196.77,pago
PAG-001138,CLI-0105,2026-08-01,,154.63,pendente
PAG-001139,CLI-0105,2026-07-02,,154.63,pendente
PAG-001140,CLI-0105,2026-06-02,2026-06-09,154.63,pago
PAG-001141,CLI-0105,2026-05-03,,154.63,pendente
PAG-001142,CLI-0105,2026-04-03,,154.63,pendente
PAG-001143,CLI-0105,2026-03-04,,154.63,pendente
PAG-001144,CLI-0105,2026-02-02,,154.63,pendente
PAG-001145,CLI-0105,2026-01-03,2026-01-06,154.63,pago
PAG-001146,CLI-0105,2025-12-04,2025-12-08,154.63,pago
PAG-001147,CLI-0105,2025-11-04,,154.63,pendente
PAG-001148,CLI-0105,2025-10-05,2025-10-03,154.63,pago
PAG-001149,CLI-0105,2025-09-05,2025-09-06,154.63,pago
PAG-001150,CLI-0106,2026-08-01,2026-08-02,109.62,pago
PAG-001151,CLI-0106,2026-07-02,,109.62,pendente
PAG-001152,CLI-0106,2026-06-02,2026-06-07,109.62,pago
PAG-001153,CLI-0106,2026-05-03,2026-05-14,109.62,pago
PAG-001154,CLI-0106,2026-04-03,2026-04-05,109.62,pago
PAG-001155,CLI-0106,2026-03-04,2026-03-08,109.62,pago
PAG-001156,CLI-0106,2026-02-02,2026-02-18,109.62,pago
PAG-001157,CLI-0106,2026-01-03,2026-01-20,109.62,pago
PAG-001158,CLI-0106,2025-12-04,2025-12-06,109.62,pago
PAG-001159,CLI-0106,2025-11-04,2025-11-18,109.62,pago
PAG-001160,CLI-0106,2025-10-05,2025-10-04,109.62,pago
PAG-001161,CLI-0106,2025-09-05,2025-09-18,109.62,pago
PAG-001162,CLI-0107,2026-08-01,2026-08-11,217.37,pago
PAG-001163,CLI-0107,2026-07-02,2026-07-14,217.37,pago
PAG-001164,CLI-0107,2026-06-02,2026-06-02,217.37,pago
PAG-001165,CLI-0107,2026-05-03,2026-05-07,217.37,pago
PAG-001166,CLI-0107,2026-04-03,,217.37,pendente
PAG-001167,CLI-0107,2026-03-04,2026-03-14,217.37,pago
PAG-001168,CLI-0107,2026-02-02,2026-02-03,217.37,pago
PAG-001169,CLI-0107,2026-01-03,2026-01-07,217.37,pago
PAG-001170,CLI-0107,2025-12-04,2025-12-03,217.37,pago
PAG-001171,CLI-0107,2025-11-04,,217.37,pendente
PAG-001172,CLI-0107,2025-10-05,2025-10-07,217.37,pago
PAG-001173,CLI-0107,2025-09-05,2025-09-20,217.37,pago
PAG-001174,CLI-0108,2026-08-01,2026-07-31,322.2,pago
PAG-001175,CLI-0108,2026-07-02,2026-07-05,322.2,pago
PAG-001176,CLI-0109,2026-08-01,2026-08-19,115.37,pago
PAG-001177,CLI-0109,2026-07-02,2026-07-01,115.37,pago
PAG-001178,CLI-0109,2026-06-02,2026-06-13,115.37,pago
PAG-001179,CLI-0109,2026-05-03,,115.37,pendente
PAG-001180,CLI-0109,2026-04-03,2026-04-05,115.37,pago
PAG-001181,CLI-0109,2026-03-04,2026-03-03,115.37,pago
PAG-001182,CLI-0109,2026-02-02,,115.37,pendente
PAG-001183,CLI-0109,2026-01-03,2026-01-04,115.37,pago
PAG-001184,CLI-0109,2025-12-04,2025-12-07,115.37,pago
PAG-001185,CLI-0109,2025-11-04,2025-11-21,115.37,pago
PAG-001186,CLI-0109,2025-10-05,,115.37,pendente
PAG-001187,CLI-0109,2025-09-05,2025-09-23,115.37,pago
PAG-001188,CLI-0110,2026-08-01,2026-08-13,301.11,pago
PAG-001189,CLI-0110,2026-07-02,2026-07-08,301.11,pago
PAG-001190,CLI-0110,2026-06-02,2026-05-31,301.11,pago
PAG-001191,CLI-0110,2026-05-03,2026-05-09,301.11,pago
PAG-001192,CLI-0110,2026-04-03,2026-04-05,301.11,pago
PAG-001193,CLI-0110,2026-03-04,2026-03-06,301.11,pago
PAG-001194,CLI-0110,2026-02-02,2026-02-08,301.11,pago
PAG-001195,CLI-0110,2026-01-03,2026-01-05,301.11,pago
PAG-001196,CLI-0110,2025-12-04,2025-12-22,301.11,pago
PAG-001197,CLI-0110,2025-11-04,2025-11-06,301.11,pago
PAG-001198,CLI-0111,2026-08-01,2026-08-12,113.74,pago
PAG-001199,CLI-0111,2026-07-02,2026-07-04,113.74,pago
PAG-001200,CLI-0111,2026-06-02,2026-06-02,113.74,pago
PAG-001201,CLI-0111,2026-05-03,2026-05-12,113.74,pago
PAG-001202,CLI-0111,2026-04-03,2026-04-04,113.74,pago
PAG-001203,CLI-0111,2026-03-04,2026-03-11,113.74,pago
PAG-001204,CLI-0111,2026-02-02,2026-02-16,113.74,pago
PAG-001205,CLI-0111,2026-01-03,2026-01-10,113.74,pago
PAG-001206,CLI-0112,2026-08-01,2026-07-30,161.88,pago
PAG-001207,CLI-0112,2026-07-02,2026-07-05,161.88,pago
PAG-001208,CLI-0112,2026-06-02,2026-06-06,161.88,pago
PAG-001209,CLI-0112,2026-05-03,2026-05-08,161.88,pago
PAG-001210,CLI-0112,2026-04-03,2026-04-02,161.88,pago
PAG-001211,CLI-0112,2026-03-04,2026-03-15,161.88,pago
PAG-001212,CLI-0112,2026-02-02,2026-02-01,161.88,pago
PAG-001213,CLI-0112,2026-01-03,2026-01-12,161.88,pago
PAG-001214,CLI-0112,2025-12-04,2025-12-11,161.88,pago
PAG-001215,CLI-0112,2025-11-04,2025-11-17,161.88,pago
PAG-001216,CLI-0112,2025-10-05,2025-10-23,161.88,pago
PAG-001217,CLI-0112,2025-09-05,2025-09-06,161.88,pago
PAG-001218,CLI-0113,2026-08-01,2026-08-06,184.4,pago
PAG-001219,CLI-0113,2026-07-02,2026-07-16,184.4,pago
PAG-001220,CLI-0113,2026-06-02,2026-06-17,184.4,pago
PAG-001221,CLI-0113,2026-05-03,2026-05-04,184.4,pago
PAG-001222,CLI-0113,2026-04-03,2026-04-12,184.4,pago
PAG-001223,CLI-0113,2026-03-04,2026-03-16,184.4,pago
PAG-001224,CLI-0113,2026-02-02,2026-02-08,184.4,pago
PAG-001225,CLI-0113,2026-01-03,2026-01-09,184.4,pago
PAG-001226,CLI-0113,2025-12-04,2025-12-15,184.4,pago
PAG-001227,CLI-0113,2025-11-04,2025-11-01,184.4,pago
PAG-001228,CLI-0113,2025-10-05,2025-10-11,184.4,pago
PAG-001229,CLI-0113,2025-09-05,2025-09-22,184.4,pago
PAG-001230,CLI-0114,2026-08-01,2026-07-29,191.08,pago
PAG-001231,CLI-0114,2026-07-02,2026-07-04,191.08,pago
PAG-001232,CLI-0114,2026-06-02,2026-06-03,191.08,pago
PAG-001233,CLI-0114,2026-05-03,2026-05-04,191.08,pago
PAG-001234,CLI-0114,2026-04-03,2026-04-01,191.08,pago
PAG-001235,CLI-0114,2026-03-04,2026-03-14,191.08,pago
PAG-001236,CLI-0114,2026-02-02,2026-02-10,191.08,pago
PAG-001237,CLI-0114,2026-01-03,,191.08,pendente
PAG-001238,CLI-0114,2025-12-04,2025-12-21,191.08,pago
PAG-001239,CLI-0115,2026-08-01,2026-08-07,85.73,pago
PAG-001240,CLI-0115,2026-07-02,2026-07-03,85.73,pago
PAG-001241,CLI-0115,2026-06-02,2026-06-18,85.73,pago
PAG-001242,CLI-0115,2026-05-03,2026-05-10,85.73,pago
PAG-001243,CLI-0115,2026-04-03,2026-04-09,85.73,pago
PAG-001244,CLI-0115,2026-03-04,,85.73,pendente
PAG-001245,CLI-0115,2026-02-02,2026-02-06,85.73,pago
PAG-001246,CLI-0115,2026-01-03,2026-01-04,85.73,pago
PAG-001247,CLI-0115,2025-12-04,2025-12-10,85.73,pago
PAG-001248,CLI-0115,2025-11-04,2025-11-05,85.73,pago
PAG-001249,CLI-0115,2025-10-05,2025-10-15,85.73,pago
PAG-001250,CLI-0115,2025-09-05,2025-09-05,85.73,pago
PAG-001251,CLI-0116,2026-08-01,2026-07-29,74.19,pago
PAG-001252,CLI-0116,2026-07-02,2026-07-02,74.19,pago
PAG-001253,CLI-0117,2026-08-01,2026-08-14,286.99,pago
PAG-001254,CLI-0117,2026-07-02,2026-07-02,286.99,pago
PAG-001255,CLI-0117,2026-06-02,2026-06-09,286.99,pago
PAG-001256,CLI-0117,2026-05-03,,286.99,pendente
PAG-001257,CLI-0117,2026-04-03,,286.99,pendente
PAG-001258,CLI-0117,2026-03-04,,286.99,pendente
PAG-001259,CLI-0117,2026-02-02,2026-02-08,286.99,pago
PAG-001260,CLI-0117,2026-01-03,2026-01-01,286.99,pago
PAG-001261,CLI-0117,2025-12-04,,286.99,pendente
PAG-001262,CLI-0117,2025-11-04,2025-11-13,286.99,pago
PAG-001263,CLI-0117,2025-10-05,2025-10-21,286.99,pago
PAG-001264,CLI-0117,2025-09-05,2025-09-23,286.99,pago
PAG-001265,CLI-0118,2026-08-01,2026-08-17,195.53,pago
PAG-001266,CLI-0118,2026-07-02,2026-07-11,195.53,pago
PAG-001267,CLI-0118,2026-06-02,,195.53,pendente
PAG-001268,CLI-0118,2026-05-03,2026-05-15,195.53,pago
PAG-001269,CLI-0118,2026-04-03,2026-04-18,195.53,pago
PAG-001270,CLI-0118,2026-03-04,2026-03-21,195.53,pago
PAG-001271,CLI-0118,2026-02-02,2026-02-10,195.53,pago
PAG-001272,CLI-0118,2026-01-03,2026-01-19,195.53,pago
PAG-001273,CLI-0118,2025-12-04,2025-12-16,195.53,pago
PAG-001274,CLI-0118,2025-11-04,2025-11-05,195.53,pago
PAG-001275,CLI-0118,2025-10-05,2025-10-05,195.53,pago
PAG-001276,CLI-0118,2025-09-05,,195.53,pendente
PAG-001277,CLI-0119,2026-08-01,2026-08-19,185.1,pago
PAG-001278,CLI-0119,2026-07-02,2026-07-15,185.1,pago
PAG-001279,CLI-0119,2026-06-02,2026-06-09,185.1,pago
PAG-001280,CLI-0119,2026-05-03,2026-05-17,185.1,pago
PAG-001281,CLI-0119,2026-04-03,2026-04-01,185.1,pago
PAG-001282,CLI-0119,2026-03-04,2026-03-04,185.1,pago
PAG-001283,CLI-0119,2026-02-02,2026-02-09,185.1,pago
PAG-001284,CLI-0119,2026-01-03,2026-01-14,185.1,pago
PAG-001285,CLI-0119,2025-12-04,2025-12-02,185.1,pago
PAG-001286,CLI-0119,2025-11-04,2025-11-22,185.1,pago
PAG-001287,CLI-0119,2025-10-05,2025-10-11,185.1,pago
PAG-001288,CLI-0119,2025-09-05,2025-09-07,185.1,pago
PAG-001289,CLI-0120,2026-08-01,2026-08-09,212.52,pago
PAG-001290,CLI-0120,2026-07-02,2026-06-30,212.52,pago
PAG-001291,CLI-0120,2026-06-02,2026-06-06,212.52,pago
PAG-001292,CLI-0120,2026-05-03,2026-05-09,212.52,pago
PAG-001293,CLI-0120,2026-04-03,2026-04-02,212.52,pago
PAG-001294,CLI-0120,2026-03-04,2026-03-04,212.52,pago
PAG-001295,CLI-0120,2026-02-02,2026-01-30,212.52,pago
PAG-001296,CLI-0120,2026-01-03,2026-01-01,212.52,pago
PAG-001297,CLI-0120,2025-12-04,2025-12-14,212.52,pago
PAG-001298,CLI-0120,2025-11-04,2025-11-14,212.52,pago
PAG-001299,CLI-0120,2025-10-05,2025-10-17,212.52,pago
PAG-001300,CLI-0120,2025-09-05,2025-09-12,212.52,pago
PAG-001301,CLI-0121,2026-08-01,2026-08-17,206.8,pago
PAG-001302,CLI-0121,2026-07-02,2026-07-12,206.8,pago
PAG-001303,CLI-0121,2026-06-02,2026-06-19,206.8,pago
PAG-001304,CLI-0121,2026-05-03,2026-05-02,206.8,pago
PAG-001305,CLI-0121,2026-04-03,2026-04-17,206.8,pago
PAG-001306,CLI-0121,2026-03-04,2026-03-09,206.8,pago
PAG-001307,CLI-0121,2026-02-02,,206.8,pendente
PAG-001308,CLI-0121,2026-01-03,2026-01-12,206.8,pago
PAG-001309,CLI-0121,2025-12-04,2025-12-20,206.8,pago
PAG-001310,CLI-0121,2025-11-04,2025-11-03,206.8,pago
PAG-001311,CLI-0121,2025-10-05,2025-10-20,206.8,pago
PAG-001312,CLI-0121,2025-09-05,2025-09-12,206.8,pago
PAG-001313,CLI-0122,2026-08-01,2026-08-02,150.71,pago
PAG-001314,CLI-0122,2026-07-02,2026-07-20,150.71,pago
PAG-001315,CLI-0122,2026-06-02,2026-06-12,150.71,pago
PAG-001316,CLI-0122,2026-05-03,2026-05-02,150.71,pago
PAG-001317,CLI-0122,2026-04-03,2026-04-13,150.71,pago
PAG-001318,CLI-0123,2026-08-01,2026-08-18,158.5,pago
PAG-001319,CLI-0123,2026-07-02,2026-07-05,158.5,pago
PAG-001320,CLI-0123,2026-06-02,2026-06-03,158.5,pago
PAG-001321,CLI-0123,2026-05-03,,158.5,pendente
PAG-001322,CLI-0123,2026-04-03,2026-04-08,158.5,pago
PAG-001323,CLI-0123,2026-03-04,2026-03-06,158.5,pago
PAG-001324,CLI-0123,2026-02-02,2026-01-31,158.5,pago
PAG-001325,CLI-0123,2026-01-03,2026-01-15,158.5,pago
PAG-001326,CLI-0123,2025-12-04,2025-12-02,158.5,pago
PAG-001327,CLI-0123,2025-11-04,2025-11-03,158.5,pago
PAG-001328,CLI-0123,2025-10-05,2025-10-11,158.5,pago
PAG-001329,CLI-0123,2025-09-05,2025-09-15,158.5,pago
PAG-001330,CLI-0124,2026-08-01,2026-08-06,166.18,pago
PAG-001331,CLI-0124,2026-07-02,2026-06-30,166.18,pago
PAG-001332,CLI-0124,2026-06-02,2026-06-10,166.18,pago
PAG-001333,CLI-0124,2026-05-03,2026-05-03,166.18,pago
PAG-001334,CLI-0124,2026-04-03,2026-04-13,166.18,pago
PAG-001335,CLI-0124,2026-03-04,2026-03-08,166.18,pago
PAG-001336,CLI-0124,2026-02-02,2026-02-03,166.18,pago
PAG-001337,CLI-0124,2026-01-03,2026-01-11,166.18,pago
PAG-001338,CLI-0124,2025-12-04,2025-12-01,166.18,pago
PAG-001339,CLI-0124,2025-11-04,2025-11-20,166.18,pago
PAG-001340,CLI-0124,2025-10-05,,166.18,pendente
PAG-001341,CLI-0124,2025-09-05,2025-09-03,166.18,pago
PAG-001342,CLI-0125,2026-08-01,2026-08-11,107.91,pago
PAG-001343,CLI-0125,2026-07-02,2026-07-02,107.91,pago
PAG-001344,CLI-0125,2026-06-02,2026-06-07,107.91,pago
PAG-001345,CLI-0125,2026-05-03,2026-05-11,107.91,pago
PAG-001346,CLI-0125,2026-04-03,2026-04-17,107.91,pago
PAG-001347,CLI-0125,2026-03-04,2026-03-15,107.91,pago
PAG-001348,CLI-0125,2026-02-02,2026-01-31,107.91,pago
PAG-001349,CLI-0125,2026-01-03,2026-01-05,107.91,pago
PAG-001350,CLI-0125,2025-12-04,2025-12-21,107.91,pago
PAG-001351,CLI-0125,2025-11-04,,107.91,pendente
PAG-001352,CLI-0125,2025-10-05,2025-10-22,107.91,pago
PAG-001353,CLI-0125,2025-09-05,2025-09-20,107.91,pago
PAG-001354,CLI-0126,2026-08-01,2026-08-08,81.76,pago
PAG-001355,CLI-0126,2026-07-02,2026-07-03,81.76,pago
PAG-001356,CLI-0126,2026-06-02,,81.76,pendente
PAG-001357,CLI-0126,2026-05-03,2026-05-10,81.76,pago
PAG-001358,CLI-0126,2026-04-03,2026-04-06,81.76,pago
PAG-001359,CLI-0126,2026-03-04,,81.76,pendente
PAG-001360,CLI-0126,2026-02-02,2026-02-11,81.76,pago
PAG-001361,CLI-0126,2026-01-03,2026-01-18,81.76,pago
PAG-001362,CLI-0127,2026-08-01,2026-08-06,121.04,pago
PAG-001363,CLI-0127,2026-07-02,2026-07-14,121.04,pago
PAG-001364,CLI-0128,2026-08-01,2026-08-17,207.9,pago
PAG-001365,CLI-0128,2026-07-02,2026-06-30,207.9,pago
PAG-001366,CLI-0128,2026-06-02,,207.9,pendente
PAG-001367,CLI-0128,2026-05-03,2026-05-12,207.9,pago
PAG-001368,CLI-0128,2026-04-03,,207.9,pendente
PAG-001369,CLI-0128,2026-03-04,2026-03-12,207.9,pago
PAG-001370,CLI-0128,2026-02-02,,207.9,pendente
PAG-001371,CLI-0128,2026-01-03,2026-01-01,207.9,pago
PAG-001372,CLI-0128,2025-12-04,2025-12-09,207.9,pago
PAG-001373,CLI-0129,2026-08-01,2026-08-05,120.4,pago
PAG-001374,CLI-0129,2026-07-02,2026-07-14,120.4,pago
PAG-001375,CLI-0129,2026-06-02,2026-06-13,120.4,pago
PAG-001376,CLI-0129,2026-05-03,2026-05-15,120.4,pago
PAG-001377,CLI-0129,2026-04-03,2026-04-11,120.4,pago
PAG-001378,CLI-0129,2026-03-04,2026-03-18,120.4,pago
PAG-001379,CLI-0129,2026-02-02,2026-02-14,120.4,pago
PAG-001380,CLI-0129,2026-01-03,2026-01-04,120.4,pago
PAG-001381,CLI-0129,2025-12-04,2025-12-03,120.4,pago
PAG-001382,CLI-0129,2025-11-04,2025-11-10,120.4,pago
PAG-001383,CLI-0129,2025-10-05,2025-10-07,120.4,pago
PAG-001384,CLI-0129,2025-09-05,2025-09-10,120.4,pago
PAG-001385,CLI-0130,2026-08-01,2026-08-01,310.91,pago
PAG-001386,CLI-0130,2026-07-02,2026-07-03,310.91,pago
PAG-001387,CLI-0130,2026-06-02,,310.91,pendente
PAG-001388,CLI-0130,2026-05-03,2026-05-21,310.91,pago
PAG-001389,CLI-0130,2026-04-03,2026-04-20,310.91,pago
PAG-001390,CLI-0130,2026-03-04,2026-03-20,310.91,pago
PAG-001391,CLI-0130,2026-02-02,2026-02-09,310.91,pago
PAG-001392,CLI-0130,2026-01-03,2026-01-20,310.91,pago
PAG-001393,CLI-0130,2025-12-04,2025-12-15,310.91,pago
PAG-001394,CLI-0130,2025-11-04,,310.91,pendente
PAG-001395,CLI-0130,2025-10-05,2025-10-20,310.91,pago
PAG-001396,CLI-0130,2025-09-05,,310.91,pendente
PAG-001397,CLI-0131,2026-08-01,2026-08-19,86.26,pago
PAG-001398,CLI-0131,2026-07-02,2026-07-10,86.26,pago
PAG-001399,CLI-0131,2026-06-02,2026-06-10,86.26,pago
PAG-001400,CLI-0131,2026-05-03,2026-05-15,86.26,pago
PAG-001401,CLI-0131,2026-04-03,2026-04-12,86.26,pago
PAG-001402,CLI-0131,2026-03-04,2026-03-19,86.26,pago
PAG-001403,CLI-0131,2026-02-02,2026-02-01,86.26,pago
PAG-001404,CLI-0131,2026-01-03,2026-01-11,86.26,pago
PAG-001405,CLI-0131,2025-12-04,2025-12-14,86.26,pago
PAG-001406,CLI-0131,2025-11-04,2025-11-03,86.26,pago
PAG-001407,CLI-0131,2025-10-05,,86.26,pendente
PAG-001408,CLI-0131,2025-09-05,2025-09-16,86.26,pago
PAG-001409,CLI-0132,2026-08-01,2026-08-14,112.7,pago
PAG-001410,CLI-0132,2026-07-02,,112.7,pendente
PAG-001411,CLI-0132,2026-06-02,2026-06-13,112.7,pago
PAG-001412,CLI-0132,2026-05-03,2026-05-05,112.7,pago
PAG-001413,CLI-0132,2026-04-03,2026-04-01,112.7,pago
PAG-001414,CLI-0132,2026-03-04,2026-03-10,112.7,pago
PAG-001415,CLI-0132,2026-02-02,2026-02-13,112.7,pago
PAG-001416,CLI-0132,2026-01-03,2026-01-14,112.7,pago
PAG-001417,CLI-0132,2025-12-04,2025-12-09,112.7,pago
PAG-001418,CLI-0132,2025-11-04,2025-11-06,112.7,pago
PAG-001419,CLI-0132,2025-10-05,2025-10-04,112.7,pago
PAG-001420,CLI-0132,2025-09-05,2025-09-21,112.7,pago
PAG-001421,CLI-0133,2026-08-01,2026-08-19,153.93,pago
PAG-001422,CLI-0133,2026-07-02,2026-07-08,153.93,pago
PAG-001423,CLI-0133,2026-06-02,2026-06-03,153.93,pago
PAG-001424,CLI-0133,2026-05-03,,153.93,pendente
PAG-001425,CLI-0133,2026-04-03,2026-03-31,153.93,pago
PAG-001426,CLI-0133,2026-03-04,2026-03-07,153.93,pago
PAG-001427,CLI-0133,2026-02-02,2026-02-05,153.93,pago
PAG-001428,CLI-0133,2026-01-03,2026-01-04,153.93,pago
PAG-001429,CLI-0133,2025-12-04,2025-12-14,153.93,pago
PAG-001430,CLI-0133,2025-11-04,2025-11-18,153.93,pago
PAG-001431,CLI-0133,2025-10-05,2025-10-11,153.93,pago
PAG-001432,CLI-0133,2025-09-05,2025-09-06,153.93,pago
PAG-001433,CLI-0134,2026-08-01,2026-08-16,190.55,pago
PAG-001434,CLI-0134,2026-07-02,2026-07-08,190.55,pago
PAG-001435,CLI-0134,2026-06-02,2026-06-11,190.55,pago
PAG-001436,CLI-0134,2026-05-03,2026-04-30,190.55,pago
PAG-001437,CLI-0134,2026-04-03,2026-04-13,190.55,pago
PAG-001438,CLI-0134,2026-03-04,2026-03-16,190.55,pago
PAG-001439,CLI-0134,2026-02-02,2026-02-18,190.55,pago
PAG-001440,CLI-0134,2026-01-03,2026-01-09,190.55,pago
PAG-001441,CLI-0134,2025-12-04,,190.55,pendente
PAG-001442,CLI-0134,2025-11-04,2025-11-17,190.55,pago
PAG-001443,CLI-0134,2025-10-05,2025-10-21,190.55,pago
PAG-001444,CLI-0134,2025-09-05,2025-09-17,190.55,pago
PAG-001445,CLI-0135,2026-08-01,,110.38,pendente
PAG-001446,CLI-0135,2026-07-02,2026-07-05,110.38,pago
PAG-001447,CLI-0135,2026-06-02,2026-06-13,110.38,pago
PAG-001448,CLI-0135,2026-05-03,2026-05-07,110.38,pago
PAG-001449,CLI-0135,2026-04-03,2026-04-21,110.38,pago
PAG-001450,CLI-0135,2026-03-04,2026-03-20,110.38,pago
PAG-001451,CLI-0135,2026-02-02,2026-02-20,110.38,pago
PAG-001452,CLI-0135,2026-01-03,2026-01-09,110.38,pago
PAG-001453,CLI-0135,2025-12-04,2025-12-13,110.38,pago
PAG-001454,CLI-0135,2025-11-04,2025-11-22,110.38,pago
PAG-001455,CLI-0135,2025-10-05,2025-10-13,110.38,pago
PAG-001456,CLI-0135,2025-09-05,2025-09-07,110.38,pago
PAG-001457,CLI-0136,2026-08-01,2026-08-17,315.92,pago
PAG-001458,CLI-0136,2026-07-02,2026-06-30,315.92,pago
PAG-001459,CLI-0136,2026-06-02,2026-06-13,315.92,pago
PAG-001460,CLI-0136,2026-05-03,2026-05-03,315.92,pago
PAG-001461,CLI-0136,2026-04-03,2026-04-19,315.92,pago
PAG-001462,CLI-0136,2026-03-04,2026-03-04,315.92,pago
PAG-001463,CLI-0136,2026-02-02,2026-01-31,315.92,pago
PAG-001464,CLI-0136,2026-01-03,2026-01-05,315.92,pago
PAG-001465,CLI-0136,2025-12-04,2025-12-07,315.92,pago
PAG-001466,CLI-0136,2025-11-04,2025-11-06,315.92,pago
PAG-001467,CLI-0136,2025-10-05,2025-10-16,315.92,pago
PAG-001468,CLI-0136,2025-09-05,2025-09-17,315.92,pago
PAG-001469,CLI-0137,2026-08-01,2026-07-30,86.6,pago
PAG-001470,CLI-0137,2026-07-02,2026-07-19,86.6,pago
PAG-001471,CLI-0137,2026-06-02,,86.6,pendente
PAG-001472,CLI-0137,2026-05-03,2026-05-20,86.6,pago
PAG-001473,CLI-0137,2026-04-03,2026-04-21,86.6,pago
PAG-001474,CLI-0137,2026-03-04,2026-03-10,86.6,pago
PAG-001475,CLI-0137,2026-02-02,2026-02-20,86.6,pago
PAG-001476,CLI-0137,2026-01-03,2026-01-09,86.6,pago
PAG-001477,CLI-0137,2025-12-04,2025-12-11,86.6,pago
PAG-001478,CLI-0137,2025-11-04,2025-11-01,86.6,pago
PAG-001479,CLI-0137,2025-10-05,2025-10-18,86.6,pago
PAG-001480,CLI-0138,2026-08-01,2026-07-31,314.53,pago
PAG-001481,CLI-0138,2026-07-02,,314.53,pendente
PAG-001482,CLI-0138,2026-06-02,2026-06-03,314.53,pago
PAG-001483,CLI-0138,2026-05-03,2026-05-17,314.53,pago
PAG-001484,CLI-0138,2026-04-03,2026-04-02,314.53,pago
PAG-001485,CLI-0138,2026-03-04,2026-03-10,314.53,pago
PAG-001486,CLI-0138,2026-02-02,2026-02-19,314.53,pago
PAG-001487,CLI-0138,2026-01-03,2025-12-31,314.53,pago
PAG-001488,CLI-0138,2025-12-04,2025-12-18,314.53,pago
PAG-001489,CLI-0138,2025-11-04,2025-11-08,314.53,pago
PAG-001490,CLI-0138,2025-10-05,2025-10-11,314.53,pago
PAG-001491,CLI-0139,2026-08-01,2026-08-02,217.55,pago
PAG-001492,CLI-0139,2026-07-02,2026-07-13,217.55,pago
PAG-001493,CLI-0139,2026-06-02,2026-06-20,217.55,pago
PAG-001494,CLI-0139,2026-05-03,2026-05-18,217.55,pago
PAG-001495,CLI-0139,2026-04-03,2026-04-12,217.55,pago
PAG-001496,CLI-0139,2026-03-04,2026-03-19,217.55,pago
PAG-001497,CLI-0139,2026-02-02,2026-02-12,217.55,pago
PAG-001498,CLI-0139,2026-01-03,2026-01-15,217.55,pago
PAG-001499,CLI-0139,2025-12-04,2025-12-14,217.55,pago
PAG-001500,CLI-0139,2025-11-04,2025-11-05,217.55,pago
PAG-001501,CLI-0139,2025-10-05,2025-10-17,217.55,pago
PAG-001502,CLI-0139,2025-09-05,2025-09-06,217.55,pago
PAG-001503,CLI-0140,2026-08-01,2026-07-31,303.22,pago
PAG-001504,CLI-0140,2026-07-02,2026-07-12,303.22,pago
PAG-001505,CLI-0140,2026-06-02,2026-06-08,303.22,pago
PAG-001506,CLI-0140,2026-05-03,2026-05-10,303.22,pago
PAG-001507,CLI-0140,2026-04-03,2026-04-15,303.22,pago
PAG-001508,CLI-0140,2026-03-04,2026-03-20,303.22,pago
PAG-001509,CLI-0140,2026-02-02,2026-02-03,303.22,pago
PAG-001510,CLI-0140,2026-01-03,2026-01-14,303.22,pago
PAG-001511,CLI-0140,2025-12-04,2025-12-22,303.22,pago
PAG-001512,CLI-0140,2025-11-04,2025-11-11,303.22,pago
PAG-001513,CLI-0140,2025-10-05,2025-10-21,303.22,pago
PAG-001514,CLI-0140,2025-09-05,2025-09-15,303.22,pago
PAG-001515,CLI-0141,2026-08-01,2026-08-08,205.54,pago
PAG-001516,CLI-0141,2026-07-02,2026-06-30,205.54,pago
PAG-001517,CLI-0141,2026-06-02,2026-05-30,205.54,pago
PAG-001518,CLI-0141,2026-05-03,2026-05-05,205.54,pago
PAG-001519,CLI-0141,2026-04-03,2026-04-16,205.54,pago
PAG-001520,CLI-0141,2026-03-04,2026-03-09,205.54,pago
PAG-001521,CLI-0141,2026-02-02,2026-02-02,205.54,pago
PAG-001522,CLI-0141,2026-01-03,2026-01-09,205.54,pago
PAG-001523,CLI-0141,2025-12-04,2025-12-09,205.54,pago
PAG-001524,CLI-0141,2025-11-04,2025-11-05,205.54,pago
PAG-001525,CLI-0141,2025-10-05,2025-10-15,205.54,pago
PAG-001526,CLI-0141,2025-09-05,2025-09-03,205.54,pago
PAG-001527,CLI-0142,2026-08-01,2026-07-29,318.69,pago
PAG-001528,CLI-0142,2026-07-02,2026-07-17,318.69,pago
PAG-001529,CLI-0142,2026-06-02,2026-06-06,318.69,pago
PAG-001530,CLI-0142,2026-05-03,2026-05-20,318.69,pago
PAG-001531,CLI-0142,2026-04-03,2026-04-09,318.69,pago
PAG-001532,CLI-0142,2026-03-04,2026-03-15,318.69,pago
PAG-001533,CLI-0142,2026-02-02,2026-02-19,318.69,pago
PAG-001534,CLI-0142,2026-01-03,2026-01-04,318.69,pago
PAG-001535,CLI-0142,2025-12-04,2025-12-06,318.69,pago
PAG-001536,CLI-0142,2025-11-04,2025-11-18,318.69,pago
PAG-001537,CLI-0142,2025-10-05,2025-10-19,318.69,pago
PAG-001538,CLI-0142,2025-09-05,2025-09-02,318.69,pago
PAG-001539,CLI-0143,2026-08-01,2026-08-01,183.93,pago
PAG-001540,CLI-0143,2026-07-02,2026-07-16,183.93,pago
PAG-001541,CLI-0143,2026-06-02,2026-06-12,183.93,pago
PAG-001542,CLI-0143,2026-05-03,2026-05-16,183.93,pago
PAG-001543,CLI-0143,2026-04-03,2026-04-10,183.93,pago
PAG-001544,CLI-0143,2026-03-04,2026-03-11,183.93,pago
PAG-001545,CLI-0143,2026-02-02,2026-02-13,183.93,pago
PAG-001546,CLI-0143,2026-01-03,2026-01-21,183.93,pago
PAG-001547,CLI-0143,2025-12-04,2025-12-11,183.93,pago
PAG-001548,CLI-0143,2025-11-04,2025-11-20,183.93,pago
PAG-001549,CLI-0143,2025-10-05,2025-10-06,183.93,pago
PAG-001550,CLI-0143,2025-09-05,2025-09-02,183.93,pago
PAG-001551,CLI-0144,2026-08-01,2026-08-19,316.26,pago
PAG-001552,CLI-0144,2026-07-02,2026-07-02,316.26,pago
PAG-001553,CLI-0144,2026-06-02,2026-06-11,316.26,pago
PAG-001554,CLI-0144,2026-05-03,2026-05-11,316.26,pago
PAG-001555,CLI-0144,2026-04-03,2026-03-31,316.26,pago
PAG-001556,CLI-0144,2026-03-04,2026-03-12,316.26,pago
PAG-001557,CLI-0144,2026-02-02,2026-02-13,316.26,pago
PAG-001558,CLI-0144,2026-01-03,,316.26,pendente
PAG-001559,CLI-0144,2025-12-04,2025-12-09,316.26,pago
PAG-001560,CLI-0144,2025-11-04,2025-11-12,316.26,pago
PAG-001561,CLI-0144,2025-10-05,2025-10-21,316.26,pago
PAG-001562,CLI-0144,2025-09-05,2025-09-09,316.26,pago
PAG-001563,CLI-0145,2026-08-01,2026-08-19,107.28,pago
PAG-001564,CLI-0145,2026-07-02,2026-07-07,107.28,pago
PAG-001565,CLI-0145,2026-06-02,2026-06-13,107.28,pago
PAG-001566,CLI-0145,2026-05-03,,107.28,pendente
PAG-001567,CLI-0145,2026-04-03,2026-04-21,107.28,pago
PAG-001568,CLI-0145,2026-03-04,2026-03-02,107.28,pago
PAG-001569,CLI-0145,2026-02-02,2026-02-09,107.28,pago
PAG-001570,CLI-0145,2026-01-03,2026-01-13,107.28,pago
PAG-001571,CLI-0145,2025-12-04,2025-12-22,107.28,pago
PAG-001572,CLI-0145,2025-11-04,2025-11-16,107.28,pago
PAG-001573,CLI-0145,2025-10-05,2025-10-03,107.28,pago
PAG-001574,CLI-0145,2025-09-05,2025-09-09,107.28,pago
PAG-001575,CLI-0146,2026-08-01,2026-07-30,78.56,pago
PAG-001576,CLI-0146,2026-07-02,2026-07-01,78.56,pago
PAG-001577,CLI-0146,2026-06-02,2026-05-31,78.56,pago
PAG-001578,CLI-0146,2026-05-03,2026-05-14,78.56,pago
PAG-001579,CLI-0146,2026-04-03,2026-04-19,78.56,pago
PAG-001580,CLI-0146,2026-03-04,2026-03-03,78.56,pago
PAG-001581,CLI-0146,2026-02-02,2026-01-31,78.56,pago
PAG-001582,CLI-0146,2026-01-03,2026-01-09,78.56,pago
PAG-001583,CLI-0146,2025-12-04,2025-12-13,78.56,pago
PAG-001584,CLI-0146,2025-11-04,2025-11-14,78.56,pago
PAG-001585,CLI-0146,2025-10-05,2025-10-21,78.56,pago
PAG-001586,CLI-0146,2025-09-05,2025-09-21,78.56,pago
PAG-001587,CLI-0147,2026-08-01,2026-07-30,86.21,pago
PAG-001588,CLI-0147,2026-07-02,2026-07-17,86.21,pago
PAG-001589,CLI-0147,2026-06-02,2026-06-19,86.21,pago
PAG-001590,CLI-0147,2026-05-03,2026-05-09,86.21,pago
PAG-001591,CLI-0147,2026-04-03,2026-04-17,86.21,pago
PAG-001592,CLI-0147,2026-03-04,2026-03-05,86.21,pago
PAG-001593,CLI-0147,2026-02-02,2026-02-18,86.21,pago
PAG-001594,CLI-0147,2026-01-03,2026-01-11,86.21,pago
PAG-001595,CLI-0147,2025-12-04,2025-12-17,86.21,pago
PAG-001596,CLI-0147,2025-11-04,2025-11-22,86.21,pago
PAG-001597,CLI-0147,2025-10-05,2025-10-09,86.21,pago
PAG-001598,CLI-0147,2025-09-05,2025-09-19,86.21,pago
PAG-001599,CLI-0148,2026-08-01,2026-08-04,89.11,pago
PAG-001600,CLI-0148,2026-07-02,2026-07-09,89.11,pago
PAG-001601,CLI-0148,2026-06-02,2026-06-11,89.11,pago
PAG-001602,CLI-0148,2026-05-03,2026-05-05,89.11,pago
PAG-001603,CLI-0148,2026-04-03,2026-03-31,89.11,pago
PAG-001604,CLI-0148,2026-03-04,2026-03-03,89.11,pago
PAG-001605,CLI-0148,2026-02-02,2026-02-16,89.11,pago
PAG-001606,CLI-0148,2026-01-03,2026-01-09,89.11,pago
PAG-001607,CLI-0148,2025-12-04,2025-12-21,89.11,pago
PAG-001608,CLI-0148,2025-11-04,2025-11-12,89.11,pago
PAG-001609,CLI-0148,2025-10-05,,89.11,pendente
PAG-001610,CLI-0148,2025-09-05,,89.11,pendente
PAG-001611,CLI-0149,2026-08-01,2026-08-02,120.57,pago
PAG-001612,CLI-0149,2026-07-02,2026-06-30,120.57,pago
PAG-001613,CLI-0149,2026-06-02,2026-06-07,120.57,pago
PAG-001614,CLI-0149,2026-05-03,2026-05-16,120.57,pago
PAG-001615,CLI-0149,2026-04-03,2026-04-15,120.57,pago
PAG-001616,CLI-0149,2026-03-04,2026-03-03,120.57,pago
PAG-001617,CLI-0149,2026-02-02,2026-02-20,120.57,pago
PAG-001618,CLI-0149,2026-01-03,2026-01-05,120.57,pago
PAG-001619,CLI-0149,2025-12-04,2025-12-21,120.57,pago
PAG-001620,CLI-0149,2025-11-04,2025-11-12,120.57,pago
PAG-001621,CLI-0149,2025-10-05,2025-10-16,120.57,pago
PAG-001622,CLI-0149,2025-09-05,2025-09-13,120.57,pago
PAG-001623,CLI-0150,2026-08-01,2026-08-04,304.32,pago
PAG-001624,CLI-0150,2026-07-02,2026-07-06,304.32,pago
PAG-001625,CLI-0150,2026-06-02,2026-06-08,304.32,pago
PAG-001626,CLI-0150,2026-05-03,2026-05-12,304.32,pago
PAG-001627,CLI-0150,2026-04-03,2026-04-11,304.32,pago
PAG-001628,CLI-0150,2026-03-04,2026-03-03,304.32,pago
PAG-001629,CLI-0150,2026-02-02,2026-02-01,304.32,pago
PAG-001630,CLI-0150,2026-01-03,2026-01-16,304.32,pago
PAG-001631,CLI-0150,2025-12-04,2025-12-19,304.32,pago
PAG-001632,CLI-0150,2025-11-04,,304.32,pendente
PAG-001633,CLI-0150,2025-10-05,2025-10-12,304.32,pago
PAG-001634,CLI-0150,2025-09-05,2025-09-16,304.32,pago
PAG-001635,CLI-0151,2026-08-01,2026-08-06,196.58,pago
PAG-001636,CLI-0151,2026-07-02,2026-07-20,196.58,pago
PAG-001637,CLI-0151,2026-06-02,2026-06-05,196.58,pago
PAG-001638,CLI-0151,2026-05-03,2026-05-04,196.58,pago
PAG-001639,CLI-0151,2026-04-03,2026-04-17,196.58,pago
PAG-001640,CLI-0151,2026-03-04,2026-03-01,196.58,pago
PAG-001641,CLI-0151,2026-02-02,2026-02-08,196.58,pago
PAG-001642,CLI-0151,2026-01-03,2026-01-12,196.58,pago
PAG-001643,CLI-0151,2025-12-04,2025-12-19,196.58,pago
PAG-001644,CLI-0151,2025-11-04,2025-11-01,196.58,pago
PAG-001645,CLI-0151,2025-10-05,2025-10-18,196.58,pago
PAG-001646,CLI-0151,2025-09-05,2025-09-06,196.58,pago
PAG-001647,CLI-0152,2026-08-01,2026-07-31,202.88,pago
PAG-001648,CLI-0152,2026-07-02,2026-07-05,202.88,pago
PAG-001649,CLI-0152,2026-06-02,2026-06-12,202.88,pago
PAG-001650,CLI-0152,2026-05-03,2026-05-14,202.88,pago
PAG-001651,CLI-0152,2026-04-03,2026-03-31,202.88,pago
PAG-001652,CLI-0152,2026-03-04,2026-03-19,202.88,pago
PAG-001653,CLI-0152,2026-02-02,2026-02-08,202.88,pago
PAG-001654,CLI-0152,2026-01-03,2025-12-31,202.88,pago
PAG-001655,CLI-0152,2025-12-04,2025-12-22,202.88,pago
PAG-001656,CLI-0152,2025-11-04,2025-11-11,202.88,pago
PAG-001657,CLI-0152,2025-10-05,2025-10-15,202.88,pago
PAG-001658,CLI-0152,2025-09-05,2025-09-14,202.88,pago
PAG-001659,CLI-0153,2026-08-01,2026-08-16,309.95,pago
PAG-001660,CLI-0153,2026-07-02,2026-07-11,309.95,pago
PAG-001661,CLI-0153,2026-06-02,,309.95,pendente
PAG-001662,CLI-0153,2026-05-03,2026-05-17,309.95,pago
PAG-001663,CLI-0153,2026-04-03,2026-04-15,309.95,pago
PAG-001664,CLI-0153,2026-03-04,,309.95,pendente
PAG-001665,CLI-0153,2026-02-02,2026-02-13,309.95,pago
PAG-001666,CLI-0153,2026-01-03,2026-01-09,309.95,pago
PAG-001667,CLI-0153,2025-12-04,,309.95,pendente
PAG-001668,CLI-0153,2025-11-04,,309.95,pendente
PAG-001669,CLI-0153,2025-10-05,2025-10-03,309.95,pago
PAG-001670,CLI-0153,2025-09-05,2025-09-21,309.95,pago
PAG-001671,CLI-0154,2026-08-01,2026-08-03,186.69,pago
PAG-001672,CLI-0154,2026-07-02,2026-07-08,186.69,pago
PAG-001673,CLI-0155,2026-08-01,2026-08-03,292.43,pago
PAG-001674,CLI-0155,2026-07-02,2026-07-02,292.43,pago
PAG-001675,CLI-0155,2026-06-02,2026-05-31,292.43,pago
PAG-001676,CLI-0155,2026-05-03,2026-05-05,292.43,pago
PAG-001677,CLI-0155,2026-04-03,2026-04-20,292.43,pago
PAG-001678,CLI-0155,2026-03-04,2026-03-22,292.43,pago
PAG-001679,CLI-0155,2026-02-02,2026-02-05,292.43,pago
PAG-001680,CLI-0155,2026-01-03,2026-01-13,292.43,pago
PAG-001681,CLI-0155,2025-12-04,2025-12-18,292.43,pago
PAG-001682,CLI-0155,2025-11-04,2025-11-12,292.43,pago
PAG-001683,CLI-0155,2025-10-05,2025-10-05,292.43,pago
PAG-001684,CLI-0155,2025-09-05,2025-09-12,292.43,pago
PAG-001685,CLI-0156,2026-08-01,2026-08-13,192.2,pago
PAG-001686,CLI-0156,2026-07-02,2026-07-04,192.2,pago
PAG-001687,CLI-0156,2026-06-02,2026-05-30,192.2,pago
PAG-001688,CLI-0156,2026-05-03,2026-05-05,192.2,pago
PAG-001689,CLI-0156,2026-04-03,2026-04-17,192.2,pago
PAG-001690,CLI-0156,2026-03-04,2026-03-06,192.2,pago
PAG-001691,CLI-0156,2026-02-02,2026-01-30,192.2,pago
PAG-001692,CLI-0156,2026-01-03,2026-01-04,192.2,pago
PAG-001693,CLI-0156,2025-12-04,2025-12-06,192.2,pago
PAG-001694,CLI-0156,2025-11-04,2025-11-02,192.2,pago
PAG-001695,CLI-0156,2025-10-05,2025-10-19,192.2,pago
PAG-001696,CLI-0156,2025-09-05,2025-09-03,192.2,pago
PAG-001697,CLI-0157,2026-08-01,2026-08-18,317.31,pago
PAG-001698,CLI-0157,2026-07-02,2026-07-05,317.31,pago
PAG-001699,CLI-0157,2026-06-02,2026-06-11,317.31,pago
PAG-001700,CLI-0157,2026-05-03,2026-05-03,317.31,pago
PAG-001701,CLI-0157,2026-04-03,2026-04-03,317.31,pago
PAG-001702,CLI-0157,2026-03-04,2026-03-06,317.31,pago
PAG-001703,CLI-0157,2026-02-02,,317.31,pendente
PAG-001704,CLI-0157,2026-01-03,2025-12-31,317.31,pago
PAG-001705,CLI-0157,2025-12-04,2025-12-15,317.31,pago
PAG-001706,CLI-0157,2025-11-04,2025-11-22,317.31,pago
PAG-001707,CLI-0157,2025-10-05,2025-10-22,317.31,pago
PAG-001708,CLI-0157,2025-09-05,2025-09-03,317.31,pago
PAG-001709,CLI-0158,2026-08-01,2026-07-31,85.77,pago
PAG-001710,CLI-0158,2026-07-02,2026-07-18,85.77,pago
PAG-001711,CLI-0158,2026-06-02,2026-06-13,85.77,pago
PAG-001712,CLI-0158,2026-05-03,2026-05-20,85.77,pago
PAG-001713,CLI-0158,2026-04-03,2026-04-16,85.77,pago
PAG-001714,CLI-0158,2026-03-04,2026-03-01,85.77,pago
PAG-001715,CLI-0158,2026-02-02,2026-02-18,85.77,pago
PAG-001716,CLI-0158,2026-01-03,2026-01-03,85.77,pago
PAG-001717,CLI-0158,2025-12-04,2025-12-14,85.77,pago
PAG-001718,CLI-0158,2025-11-04,2025-11-20,85.77,pago
PAG-001719,CLI-0158,2025-10-05,2025-10-06,85.77,pago
PAG-001720,CLI-0158,2025-09-05,2025-09-11,85.77,pago
PAG-001721,CLI-0159,2026-08-01,2026-08-08,115.22,pago
PAG-001722,CLI-0159,2026-07-02,,115.22,pendente
PAG-001723,CLI-0159,2026-06-02,2026-06-01,115.22,pago
PAG-001724,CLI-0159,2026-05-03,2026-05-02,115.22,pago
PAG-001725,CLI-0159,2026-04-03,2026-04-01,115.22,pago
PAG-001726,CLI-0159,2026-03-04,2026-03-05,115.22,pago
PAG-001727,CLI-0159,2026-02-02,2026-02-03,115.22,pago
PAG-001728,CLI-0159,2026-01-03,,115.22,pendente
PAG-001729,CLI-0159,2025-12-04,2025-12-07,115.22,pago
PAG-001730,CLI-0159,2025-11-04,,115.22,pendente
PAG-001731,CLI-0159,2025-10-05,,115.22,pendente
PAG-001732,CLI-0160,2026-08-01,2026-08-17,193.7,pago
PAG-001733,CLI-0160,2026-07-02,2026-07-16,193.7,pago
PAG-001734,CLI-0160,2026-06-02,2026-06-07,193.7,pago
PAG-001735,CLI-0160,2026-05-03,2026-05-09,193.7,pago
PAG-001736,CLI-0160,2026-04-03,2026-04-12,193.7,pago
PAG-001737,CLI-0160,2026-03-04,2026-03-16,193.7,pago
PAG-001738,CLI-0160,2026-02-02,2026-02-03,193.7,pago
PAG-001739,CLI-0160,2026-01-03,2026-01-06,193.7,pago
PAG-001740,CLI-0160,2025-12-04,2025-12-07,193.7,pago
PAG-001741,CLI-0160,2025-11-04,,193.7,pendente
PAG-001742,CLI-0160,2025-10-05,2025-10-13,193.7,pago
PAG-001743,CLI-0160,2025-09-05,2025-09-15,193.7,pago
PAG-001744,CLI-0161,2026-08-01,2026-08-18,196.21,pago
PAG-001745,CLI-0161,2026-07-02,2026-07-11,196.21,pago
PAG-001746,CLI-0161,2026-06-02,2026-06-17,196.21,pago
PAG-001747,CLI-0161,2026-05-03,2026-05-02,196.21,pago
PAG-001748,CLI-0161,2026-04-03,2026-04-06,196.21,pago
PAG-001749,CLI-0161,2026-03-04,2026-03-06,196.21,pago
PAG-001750,CLI-0161,2026-02-02,2026-02-07,196.21,pago
PAG-001751,CLI-0161,2026-01-03,2026-01-16,196.21,pago
PAG-001752,CLI-0161,2025-12-04,2025-12-22,196.21,pago
PAG-001753,CLI-0161,2025-11-04,2025-11-19,196.21,pago
PAG-001754,CLI-0161,2025-10-05,2025-10-15,196.21,pago
PAG-001755,CLI-0161,2025-09-05,2025-09-04,196.21,pago
PAG-001756,CLI-0162,2026-08-01,2026-07-31,86.52,pago
PAG-001757,CLI-0162,2026-07-02,2026-07-17,86.52,pago
PAG-001758,CLI-0162,2026-06-02,2026-06-14,86.52,pago
PAG-001759,CLI-0162,2026-05-03,2026-05-03,86.52,pago
PAG-001760,CLI-0162,2026-04-03,,86.52,pendente
PAG-001761,CLI-0162,2026-03-04,2026-03-01,86.52,pago
PAG-001762,CLI-0162,2026-02-02,2026-01-31,86.52,pago
PAG-001763,CLI-0162,2026-01-03,2026-01-16,86.52,pago
PAG-001764,CLI-0162,2025-12-04,2025-12-13,86.52,pago
PAG-001765,CLI-0162,2025-11-04,2025-11-09,86.52,pago
PAG-001766,CLI-0162,2025-10-05,2025-10-17,86.52,pago
PAG-001767,CLI-0162,2025-09-05,2025-09-21,86.52,pago
PAG-001768,CLI-0163,2026-08-01,2026-07-31,223.87,pago
PAG-001769,CLI-0163,2026-07-02,2026-07-14,223.87,pago
PAG-001770,CLI-0163,2026-06-02,2026-06-02,223.87,pago
PAG-001771,CLI-0163,2026-05-03,2026-05-09,223.87,pago
PAG-001772,CLI-0163,2026-04-03,2026-04-04,223.87,pago
PAG-001773,CLI-0163,2026-03-04,2026-03-19,223.87,pago
PAG-001774,CLI-0163,2026-02-02,2026-02-15,223.87,pago
PAG-001775,CLI-0163,2026-01-03,,223.87,pendente
PAG-001776,CLI-0163,2025-12-04,2025-12-03,223.87,pago
PAG-001777,CLI-0163,2025-11-04,2025-11-22,223.87,pago
PAG-001778,CLI-0163,2025-10-05,2025-10-16,223.87,pago
PAG-001779,CLI-0163,2025-09-05,2025-09-16,223.87,pago
PAG-001780,CLI-0164,2026-08-01,2026-08-06,77.4,pago
PAG-001781,CLI-0164,2026-07-02,2026-07-20,77.4,pago
PAG-001782,CLI-0164,2026-06-02,2026-06-03,77.4,pago
PAG-001783,CLI-0164,2026-05-03,2026-05-20,77.4,pago
PAG-001784,CLI-0164,2026-04-03,2026-04-02,77.4,pago
PAG-001785,CLI-0164,2026-03-04,2026-03-11,77.4,pago
PAG-001786,CLI-0164,2026-02-02,2026-02-17,77.4,pago
PAG-001787,CLI-0164,2026-01-03,2026-01-19,77.4,pago
PAG-001788,CLI-0164,2025-12-04,2025-12-11,77.4,pago
PAG-001789,CLI-0164,2025-11-04,2025-11-13,77.4,pago
PAG-001790,CLI-0164,2025-10-05,2025-10-19,77.4,pago
PAG-001791,CLI-0164,2025-09-05,2025-09-15,77.4,pago
PAG-001792,CLI-0165,2026-08-01,2026-07-30,107.5,pago
PAG-001793,CLI-0165,2026-07-02,2026-07-08,107.5,pago
PAG-001794,CLI-0165,2026-06-02,2026-06-02,107.5,pago
PAG-001795,CLI-0165,2026-05-03,2026-05-18,107.5,pago
PAG-001796,CLI-0165,2026-04-03,2026-04-06,107.5,pago
PAG-001797,CLI-0165,2026-03-04,2026-03-13,107.5,pago
PAG-001798,CLI-0165,2026-02-02,,107.5,pendente
PAG-001799,CLI-0165,2026-01-03,2026-01-04,107.5,pago
PAG-001800,CLI-0165,2025-12-04,2025-12-07,107.5,pago
PAG-001801,CLI-0165,2025-11-04,2025-11-08,107.5,pago
PAG-001802,CLI-0165,2025-10-05,2025-10-03,107.5,pago
PAG-001803,CLI-0165,2025-09-05,2025-09-07,107.5,pago
PAG-001804,CLI-0166,2026-08-01,,223.53,pendente
PAG-001805,CLI-0166,2026-07-02,2026-07-17,223.53,pago
PAG-001806,CLI-0166,2026-06-02,2026-06-03,223.53,pago
PAG-001807,CLI-0166,2026-05-03,2026-05-13,223.53,pago
PAG-001808,CLI-0166,2026-04-03,2026-04-05,223.53,pago
PAG-001809,CLI-0166,2026-03-04,2026-03-04,223.53,pago
PAG-001810,CLI-0166,2026-02-02,2026-02-14,223.53,pago
PAG-001811,CLI-0166,2026-01-03,2026-01-01,223.53,pago
PAG-001812,CLI-0166,2025-12-04,2025-12-17,223.53,pago
PAG-001813,CLI-0166,2025-11-04,2025-11-19,223.53,pago
PAG-001814,CLI-0166,2025-10-05,2025-10-06,223.53,pago
PAG-001815,CLI-0166,2025-09-05,2025-09-14,223.53,pago
PAG-001816,CLI-0167,2026-08-01,2026-08-16,109.83,pago
PAG-001817,CLI-0167,2026-07-02,2026-07-02,109.83,pago
PAG-001818,CLI-0167,2026-06-02,2026-06-04,109.83,pago
PAG-001819,CLI-0168,2026-08-01,2026-08-06,206.75,pago
PAG-001820,CLI-0168,2026-07-02,2026-06-30,206.75,pago
PAG-001821,CLI-0168,2026-06-02,2026-06-02,206.75,pago
PAG-001822,CLI-0168,2026-05-03,2026-05-11,206.75,pago
PAG-001823,CLI-0168,2026-04-03,2026-04-05,206.75,pago
PAG-001824,CLI-0168,2026-03-04,2026-03-22,206.75,pago
PAG-001825,CLI-0168,2026-02-02,,206.75,pendente
PAG-001826,CLI-0168,2026-01-03,2026-01-16,206.75,pago
PAG-001827,CLI-0168,2025-12-04,2025-12-10,206.75,pago
PAG-001828,CLI-0168,2025-11-04,2025-11-15,206.75,pago
PAG-001829,CLI-0168,2025-10-05,2025-10-17,206.75,pago
PAG-001830,CLI-0168,2025-09-05,2025-09-18,206.75,pago
PAG-001831,CLI-0169,2026-08-01,2026-08-04,158.53,pago
PAG-001832,CLI-0169,2026-07-02,2026-07-07,158.53,pago
PAG-001833,CLI-0169,2026-06-02,2026-06-19,158.53,pago
PAG-001834,CLI-0169,2026-05-03,2026-05-11,158.53,pago
PAG-001835,CLI-0169,2026-04-03,2026-04-20,158.53,pago
PAG-001836,CLI-0169,2026-03-04,2026-03-20,158.53,pago
PAG-001837,CLI-0169,2026-02-02,2026-02-03,158.53,pago
PAG-001838,CLI-0169,2026-01-03,2026-01-13,158.53,pago
PAG-001839,CLI-0169,2025-12-04,2025-12-20,158.53,pago
PAG-001840,CLI-0169,2025-11-04,2025-11-09,158.53,pago
PAG-001841,CLI-0169,2025-10-05,2025-10-05,158.53,pago
PAG-001842,CLI-0169,2025-09-05,2025-09-15,158.53,pago
PAG-001843,CLI-0170,2026-08-01,2026-07-29,88.04,pago
PAG-001844,CLI-0170,2026-07-02,2026-07-03,88.04,pago
PAG-001845,CLI-0170,2026-06-02,2026-06-03,88.04,pago
PAG-001846,CLI-0170,2026-05-03,2026-05-08,88.04,pago
PAG-001847,CLI-0170,2026-04-03,,88.04,pendente
PAG-001848,CLI-0170,2026-03-04,2026-03-12,88.04,pago
PAG-001849,CLI-0170,2026-02-02,2026-02-06,88.04,pago
PAG-001850,CLI-0170,2026-01-03,2026-01-13,88.04,pago
PAG-001851,CLI-0170,2025-12-04,2025-12-06,88.04,pago
PAG-001852,CLI-0170,2025-11-04,2025-11-12,88.04,pago
PAG-001853,CLI-0170,2025-10-05,2025-10-18,88.04,pago
PAG-001854,CLI-0170,2025-09-05,2025-09-15,88.04,pago
PAG-001855,CLI-0171,2026-08-01,2026-08-19,332.74,pago
PAG-001856,CLI-0171,2026-07-02,2026-07-02,332.74,pago
PAG-001857,CLI-0171,2026-06-02,2026-06-18,332.74,pago
PAG-001858,CLI-0171,2026-05-03,2026-04-30,332.74,pago
PAG-001859,CLI-0171,2026-04-03,2026-04-17,332.74,pago
PAG-001860,CLI-0171,2026-03-04,2026-03-08,332.74,pago
PAG-001861,CLI-0171,2026-02-02,2026-02-20,332.74,pago
PAG-001862,CLI-0171,2026-01-03,2026-01-16,332.74,pago
PAG-001863,CLI-0171,2025-12-04,2025-12-02,332.74,pago
PAG-001864,CLI-0171,2025-11-04,2025-11-06,332.74,pago
PAG-001865,CLI-0171,2025-10-05,2025-10-18,332.74,pago
PAG-001866,CLI-0171,2025-09-05,2025-09-07,332.74,pago
PAG-001867,CLI-0172,2026-08-01,2026-07-29,88.73,pago
PAG-001868,CLI-0172,2026-07-02,2026-07-04,88.73,pago
PAG-001869,CLI-0172,2026-06-02,2026-05-30,88.73,pago
PAG-001870,CLI-0172,2026-05-03,2026-05-15,88.73,pago
PAG-001871,CLI-0172,2026-04-03,2026-04-16,88.73,pago
PAG-001872,CLI-0172,2026-03-04,2026-03-05,88.73,pago
PAG-001873,CLI-0172,2026-02-02,2026-02-14,88.73,pago
PAG-001874,CLI-0172,2026-01-03,,88.73,pendente
PAG-001875,CLI-0172,2025-12-04,2025-12-09,88.73,pago
PAG-001876,CLI-0172,2025-11-04,2025-11-13,88.73,pago
PAG-001877,CLI-0172,2025-10-05,2025-10-13,88.73,pago
PAG-001878,CLI-0172,2025-09-05,2025-09-07,88.73,pago
PAG-001879,CLI-0173,2026-08-01,2026-07-29,315.27,pago
PAG-001880,CLI-0173,2026-07-02,2026-07-10,315.27,pago
PAG-001881,CLI-0173,2026-06-02,2026-06-20,315.27,pago
PAG-001882,CLI-0173,2026-05-03,2026-05-21,315.27,pago
PAG-001883,CLI-0173,2026-04-03,2026-04-13,315.27,pago
PAG-001884,CLI-0173,2026-03-04,2026-03-01,315.27,pago
PAG-001885,CLI-0173,2026-02-02,2026-02-08,315.27,pago
PAG-001886,CLI-0173,2026-01-03,2026-01-02,315.27,pago
PAG-001887,CLI-0173,2025-12-04,2025-12-08,315.27,pago
PAG-001888,CLI-0173,2025-11-04,2025-11-17,315.27,pago
PAG-001889,CLI-0173,2025-10-05,2025-10-10,315.27,pago
PAG-001890,CLI-0173,2025-09-05,2025-09-10,315.27,pago
PAG-001891,CLI-0174,2026-08-01,2026-08-09,111.52,pago
PAG-001892,CLI-0174,2026-07-02,2026-07-06,111.52,pago
PAG-001893,CLI-0174,2026-06-02,2026-05-31,111.52,pago
PAG-001894,CLI-0174,2026-05-03,2026-04-30,111.52,pago
PAG-001895,CLI-0174,2026-04-03,,111.52,pendente
PAG-001896,CLI-0174,2026-03-04,2026-03-07,111.52,pago
PAG-001897,CLI-0174,2026-02-02,2026-02-07,111.52,pago
PAG-001898,CLI-0174,2026-01-03,2026-01-03,111.52,pago
PAG-001899,CLI-0174,2025-12-04,2025-12-09,111.52,pago
PAG-001900,CLI-0174,2025-11-04,2025-11-12,111.52,pago
PAG-001901,CLI-0174,2025-10-05,2025-10-05,111.52,pago
PAG-001902,CLI-0174,2025-09-05,2025-09-02,111.52,pago
PAG-001903,CLI-0175,2026-08-01,2026-08-01,320.37,pago
PAG-001904,CLI-0175,2026-07-02,2026-07-16,320.37,pago
PAG-001905,CLI-0175,2026-06-02,2026-06-08,320.37,pago
PAG-001906,CLI-0175,2026-05-03,2026-05-06,320.37,pago
PAG-001907,CLI-0175,2026-04-03,2026-04-04,320.37,pago
PAG-001908,CLI-0175,2026-03-04,2026-03-07,320.37,pago
PAG-001909,CLI-0175,2026-02-02,2026-02-07,320.37,pago
PAG-001910,CLI-0175,2026-01-03,2026-01-17,320.37,pago
PAG-001911,CLI-0175,2025-12-04,2025-12-12,320.37,pago
PAG-001912,CLI-0176,2026-08-01,2026-08-10,186.61,pago
PAG-001913,CLI-0176,2026-07-02,2026-07-11,186.61,pago
PAG-001914,CLI-0176,2026-06-02,2026-06-07,186.61,pago
PAG-001915,CLI-0176,2026-05-03,2026-04-30,186.61,pago
PAG-001916,CLI-0176,2026-04-03,2026-04-06,186.61,pago
PAG-001917,CLI-0176,2026-03-04,2026-03-01,186.61,pago
PAG-001918,CLI-0176,2026-02-02,2026-02-15,186.61,pago
PAG-001919,CLI-0176,2026-01-03,2026-01-16,186.61,pago
PAG-001920,CLI-0176,2025-12-04,2025-12-08,186.61,pago
PAG-001921,CLI-0176,2025-11-04,2025-11-09,186.61,pago
PAG-001922,CLI-0176,2025-10-05,2025-10-07,186.61,pago
PAG-001923,CLI-0176,2025-09-05,2025-09-19,186.61,pago
PAG-001924,CLI-0177,2026-08-01,2026-08-06,121.81,pago
PAG-001925,CLI-0177,2026-07-02,2026-06-29,121.81,pago
PAG-001926,CLI-0177,2026-06-02,2026-06-17,121.81,pago
PAG-001927,CLI-0177,2026-05-03,,121.81,pendente
PAG-001928,CLI-0177,2026-04-03,2026-04-12,121.81,pago
PAG-001929,CLI-0177,2026-03-04,2026-03-09,121.81,pago
PAG-001930,CLI-0177,2026-02-02,2026-02-19,121.81,pago
PAG-001931,CLI-0177,2026-01-03,2026-01-06,121.81,pago
PAG-001932,CLI-0177,2025-12-04,2025-12-08,121.81,pago
PAG-001933,CLI-0177,2025-11-04,2025-11-07,121.81,pago
PAG-001934,CLI-0177,2025-10-05,2025-10-14,121.81,pago
PAG-001935,CLI-0177,2025-09-05,2025-09-09,121.81,pago
PAG-001936,CLI-0178,2026-08-01,2026-07-29,187.65,pago
PAG-001937,CLI-0178,2026-07-02,2026-06-29,187.65,pago
PAG-001938,CLI-0178,2026-06-02,2026-06-02,187.65,pago
PAG-001939,CLI-0178,2026-05-03,2026-05-10,187.65,pago
PAG-001940,CLI-0178,2026-04-03,2026-04-02,187.65,pago
PAG-001941,CLI-0178,2026-03-04,2026-03-16,187.65,pago
PAG-001942,CLI-0178,2026-02-02,2026-02-13,187.65,pago
PAG-001943,CLI-0178,2026-01-03,2026-01-09,187.65,pago
PAG-001944,CLI-0178,2025-12-04,2025-12-05,187.65,pago
PAG-001945,CLI-0178,2025-11-04,2025-11-18,187.65,pago
PAG-001946,CLI-0178,2025-10-05,2025-10-22,187.65,pago
PAG-001947,CLI-0178,2025-09-05,2025-09-02,187.65,pago
PAG-001948,CLI-0179,2026-08-01,2026-07-31,75.15,pago
PAG-001949,CLI-0179,2026-07-02,2026-07-18,75.15,pago
PAG-001950,CLI-0179,2026-06-02,2026-06-12,75.15,pago
PAG-001951,CLI-0179,2026-05-03,2026-05-19,75.15,pago
PAG-001952,CLI-0179,2026-04-03,2026-04-13,75.15,pago
PAG-001953,CLI-0179,2026-03-04,2026-03-22,75.15,pago
PAG-001954,CLI-0179,2026-02-02,2026-02-18,75.15,pago
PAG-001955,CLI-0179,2026-01-03,2026-01-11,75.15,pago
PAG-001956,CLI-0180,2026-08-01,2026-07-31,88.42,pago
PAG-001957,CLI-0180,2026-07-02,2026-07-03,88.42,pago
PAG-001958,CLI-0180,2026-06-02,2026-06-11,88.42,pago
PAG-001959,CLI-0180,2026-05-03,2026-05-15,88.42,pago
PAG-001960,CLI-0180,2026-04-03,2026-04-13,88.42,pago
PAG-001961,CLI-0180,2026-03-04,2026-03-21,88.42,pago
PAG-001962,CLI-0180,2026-02-02,2026-02-19,88.42,pago
PAG-001963,CLI-0180,2026-01-03,2026-01-12,88.42,pago
PAG-001964,CLI-0180,2025-12-04,2025-12-16,88.42,pago
PAG-001965,CLI-0180,2025-11-04,2025-11-16,88.42,pago
PAG-001966,CLI-0180,2025-10-05,2025-10-09,88.42,pago
PAG-001967,CLI-0180,2025-09-05,2025-09-20,88.42,pago
PAG-001968,CLI-0181,2026-08-01,2026-08-07,212.02,pago
PAG-001969,CLI-0181,2026-07-02,2026-07-09,212.02,pago
PAG-001970,CLI-0181,2026-06-02,2026-06-19,212.02,pago
PAG-001971,CLI-0181,2026-05-03,2026-05-09,212.02,pago
PAG-001972,CLI-0181,2026-04-03,,212.02,pendente
PAG-001973,CLI-0181,2026-03-04,,212.02,pendente
PAG-001974,CLI-0181,2026-02-02,2026-02-18,212.02,pago
PAG-001975,CLI-0181,2026-01-03,2026-01-16,212.02,pago
PAG-001976,CLI-0181,2025-12-04,,212.02,pendente
PAG-001977,CLI-0181,2025-11-04,2025-11-14,212.02,pago
PAG-001978,CLI-0181,2025-10-05,2025-10-16,212.02,pago
PAG-001979,CLI-0181,2025-09-05,2025-09-10,212.02,pago
PAG-001980,CLI-0182,2026-08-01,2026-08-08,301.32,pago
PAG-001981,CLI-0182,2026-07-02,2026-07-11,301.32,pago
PAG-001982,CLI-0182,2026-06-02,2026-06-04,301.32,pago
PAG-001983,CLI-0182,2026-05-03,2026-05-11,301.32,pago
PAG-001984,CLI-0182,2026-04-03,2026-04-06,301.32,pago
PAG-001985,CLI-0182,2026-03-04,2026-03-04,301.32,pago
PAG-001986,CLI-0182,2026-02-02,2026-02-18,301.32,pago
PAG-001987,CLI-0182,2026-01-03,2026-01-10,301.32,pago
PAG-001988,CLI-0182,2025-12-04,,301.32,pendente
PAG-001989,CLI-0182,2025-11-04,2025-11-18,301.32,pago
PAG-001990,CLI-0182,2025-10-05,2025-10-08,301.32,pago
PAG-001991,CLI-0182,2025-09-05,2025-09-11,301.32,pago
PAG-001992,CLI-0183,2026-08-01,2026-08-19,106.39,pago
PAG-001993,CLI-0183,2026-07-02,2026-07-12,106.39,pago
PAG-001994,CLI-0183,2026-06-02,2026-06-15,106.39,pago
PAG-001995,CLI-0183,2026-05-03,2026-05-04,106.39,pago
PAG-001996,CLI-0183,2026-04-03,,106.39,pendente
PAG-001997,CLI-0183,2026-03-04,2026-03-16,106.39,pago
PAG-001998,CLI-0183,2026-02-02,2026-01-31,106.39,pago
PAG-001999,CLI-0183,2026-01-03,2026-01-04,106.39,pago
PAG-002000,CLI-0183,2025-12-04,2025-12-03,106.39,pago
PAG-002001,CLI-0183,2025-11-04,2025-11-03,106.39,pago
PAG-002002,CLI-0183,2025-10-05,2025-10-09,106.39,pago
PAG-002003,CLI-0183,2025-09-05,2025-09-23,106.39,pago
PAG-002004,CLI-0184,2026-08-01,2026-08-06,110.94,pago
PAG-002005,CLI-0184,2026-07-02,2026-07-07,110.94,pago
PAG-002006,CLI-0184,2026-06-02,2026-06-13,110.94,pago
PAG-002007,CLI-0184,2026-05-03,2026-05-04,110.94,pago
PAG-002008,CLI-0184,2026-04-03,2026-04-18,110.94,pago
PAG-002009,CLI-0184,2026-03-04,2026-03-12,110.94,pago
PAG-002010,CLI-0184,2026-02-02,2026-02-11,110.94,pago
PAG-002011,CLI-0184,2026-01-03,2026-01-19,110.94,pago
PAG-002012,CLI-0184,2025-12-04,2025-12-05,110.94,pago
PAG-002013,CLI-0184,2025-11-04,2025-11-17,110.94,pago
PAG-002014,CLI-0184,2025-10-05,2025-10-12,110.94,pago
PAG-002015,CLI-0185,2026-08-01,2026-08-15,145.79,pago
PAG-002016,CLI-0185,2026-07-02,2026-07-13,145.79,pago
PAG-002017,CLI-0185,2026-06-02,2026-06-04,145.79,pago
PAG-002018,CLI-0185,2026-05-03,2026-05-12,145.79,pago
PAG-002019,CLI-0185,2026-04-03,2026-04-06,145.79,pago
PAG-002020,CLI-0185,2026-03-04,2026-03-03,145.79,pago
PAG-002021,CLI-0186,2026-08-01,2026-07-31,144.28,pago
PAG-002022,CLI-0186,2026-07-02,2026-07-13,144.28,pago
PAG-002023,CLI-0186,2026-06-02,2026-06-15,144.28,pago
PAG-002024,CLI-0186,2026-05-03,2026-05-08,144.28,pago
PAG-002025,CLI-0186,2026-04-03,2026-04-01,144.28,pago
PAG-002026,CLI-0186,2026-03-04,2026-03-14,144.28,pago
PAG-002027,CLI-0186,2026-02-02,2026-02-08,144.28,pago
PAG-002028,CLI-0186,2026-01-03,2026-01-11,144.28,pago
PAG-002029,CLI-0186,2025-12-04,2025-12-16,144.28,pago
PAG-002030,CLI-0186,2025-11-04,2025-11-06,144.28,pago
PAG-002031,CLI-0186,2025-10-05,2025-10-15,144.28,pago
PAG-002032,CLI-0186,2025-09-05,2025-09-20,144.28,pago
PAG-002033,CLI-0187,2026-08-01,2026-08-07,187.02,pago
PAG-002034,CLI-0188,2026-08-01,2026-08-01,157.36,pago
PAG-002035,CLI-0188,2026-07-02,2026-06-29,157.36,pago
PAG-002036,CLI-0188,2026-06-02,2026-06-12,157.36,pago
PAG-002037,CLI-0188,2026-05-03,2026-05-19,157.36,pago
PAG-002038,CLI-0188,2026-04-03,2026-04-03,157.36,pago
PAG-002039,CLI-0188,2026-03-04,2026-03-17,157.36,pago
PAG-002040,CLI-0188,2026-02-02,2026-01-31,157.36,pago
PAG-002041,CLI-0188,2026-01-03,2026-01-13,157.36,pago
PAG-002042,CLI-0188,2025-12-04,2025-12-15,157.36,pago
PAG-002043,CLI-0188,2025-11-04,2025-11-04,157.36,pago
PAG-002044,CLI-0188,2025-10-05,2025-10-17,157.36,pago
PAG-002045,CLI-0188,2025-09-05,2025-09-13,157.36,pago
PAG-002046,CLI-0189,2026-08-01,2026-08-14,221.47,pago
PAG-002047,CLI-0189,2026-07-02,2026-07-18,221.47,pago
PAG-002048,CLI-0189,2026-06-02,2026-06-04,221.47,pago
PAG-002049,CLI-0189,2026-05-03,2026-05-13,221.47,pago
PAG-002050,CLI-0189,2026-04-03,2026-04-12,221.47,pago
PAG-002051,CLI-0189,2026-03-04,2026-03-21,221.47,pago
PAG-002052,CLI-0189,2026-02-02,2026-01-31,221.47,pago
PAG-002053,CLI-0189,2026-01-03,2026-01-18,221.47,pago
PAG-002054,CLI-0189,2025-12-04,2025-12-21,221.47,pago
PAG-002055,CLI-0189,2025-11-04,2025-11-06,221.47,pago
PAG-002056,CLI-0189,2025-10-05,2025-10-12,221.47,pago
PAG-002057,CLI-0189,2025-09-05,2025-09-15,221.47,pago
PAG-002058,CLI-0190,2026-08-01,2026-08-04,114.99,pago
PAG-002059,CLI-0190,2026-07-02,2026-06-29,114.99,pago
PAG-002060,CLI-0190,2026-06-02,2026-06-19,114.99,pago
PAG-002061,CLI-0190,2026-05-03,2026-05-04,114.99,pago
PAG-002062,CLI-0190,2026-04-03,,114.99,pendente
PAG-002063,CLI-0190,2026-03-04,2026-03-03,114.99,pago
PAG-002064,CLI-0190,2026-02-02,2026-01-30,114.99,pago
PAG-002065,CLI-0191,2026-08-01,2026-08-09,106.38,pago
PAG-002066,CLI-0191,2026-07-02,2026-07-05,106.38,pago
PAG-002067,CLI-0191,2026-06-02,2026-06-14,106.38,pago
PAG-002068,CLI-0191,2026-05-03,2026-05-13,106.38,pago
PAG-002069,CLI-0191,2026-04-03,2026-04-20,106.38,pago
PAG-002070,CLI-0191,2026-03-04,2026-03-22,106.38,pago
PAG-002071,CLI-0191,2026-02-02,2026-02-09,106.38,pago
PAG-002072,CLI-0191,2026-01-03,2026-01-14,106.38,pago
PAG-002073,CLI-0191,2025-12-04,2025-12-06,106.38,pago
PAG-002074,CLI-0191,2025-11-04,2025-11-06,106.38,pago
PAG-002075,CLI-0191,2025-10-05,2025-10-22,106.38,pago
PAG-002076,CLI-0191,2025-09-05,2025-09-03,106.38,pago
PAG-002077,CLI-0192,2026-08-01,2026-08-06,89.41,pago
PAG-002078,CLI-0192,2026-07-02,2026-07-05,89.41,pago
PAG-002079,CLI-0192,2026-06-02,2026-06-10,89.41,pago
PAG-002080,CLI-0192,2026-05-03,2026-05-20,89.41,pago
PAG-002081,CLI-0192,2026-04-03,2026-04-15,89.41,pago
PAG-002082,CLI-0192,2026-03-04,2026-03-13,89.41,pago
PAG-002083,CLI-0192,2026-02-02,2026-02-07,89.41,pago
PAG-002084,CLI-0192,2026-01-03,2026-01-21,89.41,pago
PAG-002085,CLI-0192,2025-12-04,2025-12-09,89.41,pago
PAG-002086,CLI-0192,2025-11-04,2025-11-04,89.41,pago
PAG-002087,CLI-0192,2025-10-05,2025-10-20,89.41,pago
PAG-002088,CLI-0192,2025-09-05,2025-09-08,89.41,pago
PAG-002089,CLI-0193,2026-08-01,2026-08-09,207.75,pago
PAG-002090,CLI-0193,2026-07-02,2026-07-09,207.75,pago
PAG-002091,CLI-0193,2026-06-02,2026-06-09,207.75,pago
PAG-002092,CLI-0193,2026-05-03,2026-05-10,207.75,pago
PAG-002093,CLI-0193,2026-04-03,2026-04-18,207.75,pago
PAG-002094,CLI-0193,2026-03-04,2026-03-08,207.75,pago
PAG-002095,CLI-0193,2026-02-02,2026-02-11,207.75,pago
PAG-002096,CLI-0193,2026-01-03,2026-01-06,207.75,pago
PAG-002097,CLI-0193,2025-12-04,2025-12-04,207.75,pago
PAG-002098,CLI-0193,2025-11-04,2025-11-20,207.75,pago
PAG-002099,CLI-0193,2025-10-05,2025-10-23,207.75,pago
PAG-002100,CLI-0193,2025-09-05,2025-09-22,207.75,pago
PAG-002101,CLI-0194,2026-08-01,,216.43,pendente
PAG-002102,CLI-0194,2026-07-02,2026-07-12,216.43,pago
PAG-002103,CLI-0194,2026-06-02,2026-06-07,216.43,pago
PAG-002104,CLI-0194,2026-05-03,2026-05-11,216.43,pago
PAG-002105,CLI-0194,2026-04-03,2026-04-17,216.43,pago
PAG-002106,CLI-0194,2026-03-04,2026-03-16,216.43,pago
PAG-002107,CLI-0194,2026-02-02,2026-02-11,216.43,pago
PAG-002108,CLI-0194,2026-01-03,2026-01-14,216.43,pago
PAG-002109,CLI-0194,2025-12-04,2025-12-21,216.43,pago
PAG-002110,CLI-0194,2025-11-04,2025-11-04,216.43,pago
PAG-002111,CLI-0194,2025-10-05,2025-10-21,216.43,pago
PAG-002112,CLI-0194,2025-09-05,2025-09-09,216.43,pago
PAG-002113,CLI-0195,2026-08-01,2026-08-11,89.38,pago
PAG-002114,CLI-0196,2026-08-01,2026-08-12,207.01,pago
PAG-002115,CLI-0196,2026-07-02,2026-07-05,207.01,pago
PAG-002116,CLI-0196,2026-06-02,2026-06-09,207.01,pago
PAG-002117,CLI-0196,2026-05-03,2026-05-18,207.01,pago
PAG-002118,CLI-0196,2026-04-03,2026-04-16,207.01,pago
PAG-002119,CLI-0196,2026-03-04,2026-03-10,207.01,pago
PAG-002120,CLI-0196,2026-02-02,2026-02-19,207.01,pago
PAG-002121,CLI-0196,2026-01-03,2026-01-16,207.01,pago
PAG-002122,CLI-0196,2025-12-04,2025-12-05,207.01,pago
PAG-002123,CLI-0196,2025-11-04,2025-11-12,207.01,pago
PAG-002124,CLI-0196,2025-10-05,2025-10-16,207.01,pago
PAG-002125,CLI-0196,2025-09-05,2025-09-18,207.01,pago
PAG-002126,CLI-0197,2026-08-01,2026-08-17,107.21,pago
PAG-002127,CLI-0197,2026-07-02,2026-07-18,107.21,pago
PAG-002128,CLI-0197,2026-06-02,2026-06-12,107.21,pago
PAG-002129,CLI-0197,2026-05-03,,107.21,pendente
PAG-002130,CLI-0197,2026-04-03,,107.21,pendente
PAG-002131,CLI-0197,2026-03-04,2026-03-04,107.21,pago
PAG-002132,CLI-0197,2026-02-02,2026-01-31,107.21,pago
PAG-002133,CLI-0197,2026-01-03,2026-01-18,107.21,pago
PAG-002134,CLI-0197,2025-12-04,2025-12-03,107.21,pago
PAG-002135,CLI-0197,2025-11-04,2025-11-09,107.21,pago
PAG-002136,CLI-0197,2025-10-05,2025-10-21,107.21,pago
PAG-002137,CLI-0197,2025-09-05,2025-09-14,107.21,pago
PAG-002138,CLI-0198,2026-08-01,2026-07-29,213.25,pago
PAG-002139,CLI-0198,2026-07-02,2026-07-07,213.25,pago
PAG-002140,CLI-0198,2026-06-02,2026-06-04,213.25,pago
PAG-002141,CLI-0198,2026-05-03,2026-04-30,213.25,pago
PAG-002142,CLI-0198,2026-04-03,2026-04-15,213.25,pago
PAG-002143,CLI-0198,2026-03-04,2026-03-16,213.25,pago
PAG-002144,CLI-0198,2026-02-02,2026-02-14,213.25,pago
PAG-002145,CLI-0198,2026-01-03,,213.25,pendente
PAG-002146,CLI-0198,2025-12-04,2025-12-19,213.25,pago
PAG-002147,CLI-0198,2025-11-04,2025-11-10,213.25,pago
PAG-002148,CLI-0198,2025-10-05,2025-10-18,213.25,pago
PAG-002149,CLI-0198,2025-09-05,2025-09-06,213.25,pago
PAG-002150,CLI-0199,2026-08-01,2026-08-13,80.74,pago
PAG-002151,CLI-0199,2026-07-02,,80.74,pendente
PAG-002152,CLI-0199,2026-06-02,2026-06-12,80.74,pago
PAG-002153,CLI-0199,2026-05-03,2026-05-02,80.74,pago
PAG-002154,CLI-0199,2026-04-03,2026-04-12,80.74,pago
PAG-002155,CLI-0199,2026-03-04,2026-03-09,80.74,pago
PAG-002156,CLI-0199,2026-02-02,2026-02-20,80.74,pago
PAG-002157,CLI-0200,2026-08-01,2026-08-12,291.82,pago
PAG-002158,CLI-0200,2026-07-02,2026-07-10,291.82,pago
PAG-002159,CLI-0200,2026-06-02,2026-05-30,291.82,pago
PAG-002160,CLI-0200,2026-05-03,2026-05-21,291.82,pago
PAG-002161,CLI-0200,2026-04-03,2026-04-21,291.82,pago
PAG-002162,CLI-0200,2026-03-04,2026-03-10,291.82,pago
PAG-002163,CLI-0200,2026-02-02,2026-02-20,291.82,pago
PAG-002164,CLI-0200,2026-01-03,2026-01-15,291.82,pago
PAG-002165,CLI-0200,2025-12-04,2025-12-10,291.82,pago
PAG-002166,CLI-0200,2025-11-04,,291.82,pendente
PAG-002167,CLI-0200,2025-10-05,,291.82,pendente
PAG-002168,CLI-0200,2025-09-05,2025-09-20,291.82,pago
PAG-002169,CLI-0201,2026-08-01,2026-08-04,73.59,pago
PAG-002170,CLI-0201,2026-07-02,2026-07-12,73.59,pago
PAG-002171,CLI-0201,2026-06-02,2026-06-08,73.59,pago
PAG-002172,CLI-0201,2026-05-03,2026-05-09,73.59,pago
PAG-002173,CLI-0202,2026-08-01,2026-08-17,298.46,pago
PAG-002174,CLI-0202,2026-07-02,2026-07-17,298.46,pago
PAG-002175,CLI-0202,2026-06-02,2026-05-31,298.46,pago
PAG-002176,CLI-0202,2026-05-03,2026-05-12,298.46,pago
PAG-002177,CLI-0202,2026-04-03,,298.46,pendente
PAG-002178,CLI-0202,2026-03-04,2026-03-15,298.46,pago
PAG-002179,CLI-0202,2026-02-02,2026-02-15,298.46,pago
PAG-002180,CLI-0202,2026-01-03,2026-01-01,298.46,pago
PAG-002181,CLI-0202,2025-12-04,,298.46,pendente
PAG-002182,CLI-0202,2025-11-04,2025-11-21,298.46,pago
PAG-002183,CLI-0202,2025-10-05,,298.46,pendente
PAG-002184,CLI-0202,2025-09-05,2025-09-11,298.46,pago
PAG-002185,CLI-0203,2026-08-01,2026-08-02,283.19,pago
PAG-002186,CLI-0203,2026-07-02,2026-07-20,283.19,pago
PAG-002187,CLI-0203,2026-06-02,2026-06-03,283.19,pago
PAG-002188,CLI-0203,2026-05-03,2026-05-09,283.19,pago
PAG-002189,CLI-0203,2026-04-03,2026-03-31,283.19,pago
PAG-002190,CLI-0203,2026-03-04,2026-03-20,283.19,pago
PAG-002191,CLI-0203,2026-02-02,2026-02-02,283.19,pago
PAG-002192,CLI-0203,2026-01-03,,283.19,pendente
PAG-002193,CLI-0203,2025-12-04,2025-12-04,283.19,pago
PAG-002194,CLI-0203,2025-11-04,2025-11-08,283.19,pago
PAG-002195,CLI-0203,2025-10-05,2025-10-17,283.19,pago
PAG-002196,CLI-0203,2025-09-05,,283.19,pendente
PAG-002197,CLI-0204,2026-08-01,2026-08-04,331.45,pago
PAG-002198,CLI-0204,2026-07-02,2026-07-08,331.45,pago
PAG-002199,CLI-0204,2026-06-02,2026-06-02,331.45,pago
PAG-002200,CLI-0204,2026-05-03,2026-05-15,331.45,pago
PAG-002201,CLI-0204,2026-04-03,2026-04-08,331.45,pago
PAG-002202,CLI-0204,2026-03-04,2026-03-04,331.45,pago
PAG-002203,CLI-0204,2026-02-02,2026-02-12,331.45,pago
PAG-002204,CLI-0204,2026-01-03,2026-01-09,331.45,pago
PAG-002205,CLI-0204,2025-12-04,2025-12-19,331.45,pago
PAG-002206,CLI-0204,2025-11-04,2025-11-19,331.45,pago
PAG-002207,CLI-0204,2025-10-05,2025-10-22,331.45,pago
PAG-002208,CLI-0204,2025-09-05,2025-09-23,331.45,pago
PAG-002209,CLI-0205,2026-08-01,2026-08-09,333.66,pago
PAG-002210,CLI-0205,2026-07-02,2026-07-15,333.66,pago
PAG-002211,CLI-0205,2026-06-02,2026-06-01,333.66,pago
PAG-002212,CLI-0205,2026-05-03,2026-05-04,333.66,pago
PAG-002213,CLI-0205,2026-04-03,2026-04-18,333.66,pago
PAG-002214,CLI-0205,2026-03-04,2026-03-05,333.66,pago
PAG-002215,CLI-0205,2026-02-02,2026-02-20,333.66,pago
PAG-002216,CLI-0205,2026-01-03,2026-01-12,333.66,pago
PAG-002217,CLI-0205,2025-12-04,2025-12-21,333.66,pago
PAG-002218,CLI-0205,2025-11-04,2025-11-16,333.66,pago
PAG-002219,CLI-0205,2025-10-05,2025-10-07,333.66,pago
PAG-002220,CLI-0205,2025-09-05,2025-09-18,333.66,pago
PAG-002221,CLI-0206,2026-08-01,2026-08-08,311.23,pago
PAG-002222,CLI-0206,2026-07-02,2026-07-06,311.23,pago
PAG-002223,CLI-0206,2026-06-02,2026-06-04,311.23,pago
PAG-002224,CLI-0206,2026-05-03,2026-05-12,311.23,pago
PAG-002225,CLI-0206,2026-04-03,2026-04-13,311.23,pago
PAG-002226,CLI-0206,2026-03-04,2026-03-02,311.23,pago
PAG-002227,CLI-0206,2026-02-02,2026-02-02,311.23,pago
PAG-002228,CLI-0206,2026-01-03,,311.23,pendente
PAG-002229,CLI-0206,2025-12-04,2025-12-15,311.23,pago
PAG-002230,CLI-0206,2025-11-04,2025-11-20,311.23,pago
PAG-002231,CLI-0206,2025-10-05,2025-10-02,311.23,pago
PAG-002232,CLI-0206,2025-09-05,2025-09-12,311.23,pago
PAG-002233,CLI-0207,2026-08-01,2026-07-29,75.64,pago
PAG-002234,CLI-0207,2026-07-02,2026-07-12,75.64,pago
PAG-002235,CLI-0207,2026-06-02,2026-06-01,75.64,pago
PAG-002236,CLI-0207,2026-05-03,2026-05-21,75.64,pago
PAG-002237,CLI-0207,2026-04-03,2026-04-20,75.64,pago
PAG-002238,CLI-0207,2026-03-04,2026-03-07,75.64,pago
PAG-002239,CLI-0207,2026-02-02,2026-02-17,75.64,pago
PAG-002240,CLI-0207,2026-01-03,2026-01-16,75.64,pago
PAG-002241,CLI-0207,2025-12-04,2025-12-20,75.64,pago
PAG-002242,CLI-0207,2025-11-04,2025-11-05,75.64,pago
PAG-002243,CLI-0207,2025-10-05,2025-10-16,75.64,pago
PAG-002244,CLI-0207,2025-09-05,2025-09-14,75.64,pago
PAG-002245,CLI-0208,2026-08-01,2026-08-01,86.01,pago
PAG-002246,CLI-0208,2026-07-02,2026-07-07,86.01,pago
PAG-002247,CLI-0208,2026-06-02,2026-05-31,86.01,pago
PAG-002248,CLI-0208,2026-05-03,2026-05-08,86.01,pago
PAG-002249,CLI-0208,2026-04-03,2026-04-01,86.01,pago
PAG-002250,CLI-0208,2026-03-04,2026-03-18,86.01,pago
PAG-002251,CLI-0208,2026-02-02,2026-02-09,86.01,pago
PAG-002252,CLI-0208,2026-01-03,2026-01-21,86.01,pago
PAG-002253,CLI-0208,2025-12-04,2025-12-02,86.01,pago
PAG-002254,CLI-0208,2025-11-04,2025-11-03,86.01,pago
PAG-002255,CLI-0208,2025-10-05,2025-10-20,86.01,pago
PAG-002256,CLI-0208,2025-09-05,2025-09-03,86.01,pago
PAG-002257,CLI-0209,2026-08-01,2026-08-04,164.52,pago
PAG-002258,CLI-0209,2026-07-02,2026-07-11,164.52,pago
PAG-002259,CLI-0209,2026-06-02,2026-05-30,164.52,pago
PAG-002260,CLI-0209,2026-05-03,2026-05-01,164.52,pago
PAG-002261,CLI-0209,2026-04-03,2026-04-12,164.52,pago
PAG-002262,CLI-0210,2026-08-01,2026-07-30,103.65,pago
PAG-002263,CLI-0210,2026-07-02,2026-07-01,103.65,pago
PAG-002264,CLI-0210,2026-06-02,2026-06-06,103.65,pago
PAG-002265,CLI-0210,2026-05-03,2026-05-17,103.65,pago
PAG-002266,CLI-0210,2026-04-03,2026-03-31,103.65,pago
PAG-002267,CLI-0210,2026-03-04,2026-03-08,103.65,pago
PAG-002268,CLI-0210,2026-02-02,2026-02-01,103.65,pago
PAG-002269,CLI-0210,2026-01-03,2026-01-14,103.65,pago
PAG-002270,CLI-0210,2025-12-04,2025-12-02,103.65,pago
PAG-002271,CLI-0210,2025-11-04,2025-11-20,103.65,pago
PAG-002272,CLI-0210,2025-10-05,2025-10-09,103.65,pago
PAG-002273,CLI-0210,2025-09-05,2025-09-06,103.65,pago
PAG-002274,CLI-0211,2026-08-01,2026-08-07,315.29,pago
PAG-002275,CLI-0211,2026-07-02,2026-07-05,315.29,pago
PAG-002276,CLI-0211,2026-06-02,2026-06-03,315.29,pago
PAG-002277,CLI-0211,2026-05-03,,315.29,pendente
PAG-002278,CLI-0211,2026-04-03,2026-04-14,315.29,pago
PAG-002279,CLI-0211,2026-03-04,2026-03-15,315.29,pago
PAG-002280,CLI-0211,2026-02-02,2026-01-30,315.29,pago
PAG-002281,CLI-0211,2026-01-03,2026-01-01,315.29,pago
PAG-002282,CLI-0211,2025-12-04,2025-12-19,315.29,pago
PAG-002283,CLI-0211,2025-11-04,2025-11-03,315.29,pago
PAG-002284,CLI-0211,2025-10-05,2025-10-21,315.29,pago
PAG-002285,CLI-0211,2025-09-05,2025-09-02,315.29,pago
PAG-002286,CLI-0212,2026-08-01,2026-08-08,192.88,pago
PAG-002287,CLI-0212,2026-07-02,2026-07-07,192.88,pago
PAG-002288,CLI-0212,2026-06-02,2026-06-17,192.88,pago
PAG-002289,CLI-0212,2026-05-03,2026-04-30,192.88,pago
PAG-002290,CLI-0212,2026-04-03,2026-04-19,192.88,pago
PAG-002291,CLI-0212,2026-03-04,2026-03-14,192.88,pago
PAG-002292,CLI-0212,2026-02-02,2026-01-31,192.88,pago
PAG-002293,CLI-0212,2026-01-03,2026-01-17,192.88,pago
PAG-002294,CLI-0212,2025-12-04,2025-12-22,192.88,pago
PAG-002295,CLI-0212,2025-11-04,2025-11-18,192.88,pago
PAG-002296,CLI-0212,2025-10-05,2025-10-20,192.88,pago
PAG-002297,CLI-0212,2025-09-05,2025-09-18,192.88,pago
PAG-002298,CLI-0213,2026-08-01,,160.26,pendente
PAG-002299,CLI-0213,2026-07-02,,160.26,pendente
PAG-002300,CLI-0213,2026-06-02,2026-06-19,160.26,pago
PAG-002301,CLI-0213,2026-05-03,2026-05-06,160.26,pago
PAG-002302,CLI-0213,2026-04-03,2026-04-18,160.26,pago
PAG-002303,CLI-0213,2026-03-04,2026-03-09,160.26,pago
PAG-002304,CLI-0213,2026-02-02,2026-02-16,160.26,pago
PAG-002305,CLI-0213,2026-01-03,2026-01-02,160.26,pago
PAG-002306,CLI-0213,2025-12-04,2025-12-09,160.26,pago
PAG-002307,CLI-0213,2025-11-04,2025-11-09,160.26,pago
PAG-002308,CLI-0213,2025-10-05,2025-10-17,160.26,pago
PAG-002309,CLI-0213,2025-09-05,2025-09-22,160.26,pago
PAG-002310,CLI-0214,2026-08-01,2026-08-02,106.22,pago
PAG-002311,CLI-0214,2026-07-02,,106.22,pendente
PAG-002312,CLI-0214,2026-06-02,2026-06-10,106.22,pago
PAG-002313,CLI-0214,2026-05-03,2026-05-13,106.22,pago
PAG-002314,CLI-0214,2026-04-03,2026-04-11,106.22,pago
PAG-002315,CLI-0214,2026-03-04,2026-03-10,106.22,pago
PAG-002316,CLI-0214,2026-02-02,2026-02-04,106.22,pago
PAG-002317,CLI-0214,2026-01-03,2026-01-09,106.22,pago
PAG-002318,CLI-0214,2025-12-04,2025-12-19,106.22,pago
PAG-002319,CLI-0214,2025-11-04,,106.22,pendente
PAG-002320,CLI-0214,2025-10-05,2025-10-12,106.22,pago
PAG-002321,CLI-0215,2026-08-01,2026-08-09,332.29,pago
PAG-002322,CLI-0215,2026-07-02,2026-07-09,332.29,pago
PAG-002323,CLI-0215,2026-06-02,2026-06-02,332.29,pago
PAG-002324,CLI-0215,2026-05-03,2026-05-14,332.29,pago
PAG-002325,CLI-0215,2026-04-03,2026-04-13,332.29,pago
PAG-002326,CLI-0215,2026-03-04,2026-03-12,332.29,pago
PAG-002327,CLI-0215,2026-02-02,2026-02-01,332.29,pago
PAG-002328,CLI-0215,2026-01-03,2026-01-20,332.29,pago
PAG-002329,CLI-0215,2025-12-04,2025-12-08,332.29,pago
PAG-002330,CLI-0215,2025-11-04,2025-11-14,332.29,pago
PAG-002331,CLI-0215,2025-10-05,2025-10-06,332.29,pago
PAG-002332,CLI-0215,2025-09-05,2025-09-09,332.29,pago
PAG-002333,CLI-0216,2026-08-01,,208.12,pendente
PAG-002334,CLI-0216,2026-07-02,2026-07-01,208.12,pago
PAG-002335,CLI-0216,2026-06-02,2026-06-15,208.12,pago
PAG-002336,CLI-0216,2026-05-03,2026-05-13,208.12,pago
PAG-002337,CLI-0216,2026-04-03,2026-04-12,208.12,pago
PAG-002338,CLI-0216,2026-03-04,2026-03-08,208.12,pago
PAG-002339,CLI-0216,2026-02-02,2026-02-02,208.12,pago
PAG-002340,CLI-0216,2026-01-03,2026-01-10,208.12,pago
PAG-002341,CLI-0216,2025-12-04,2025-12-20,208.12,pago
PAG-002342,CLI-0216,2025-11-04,2025-11-02,208.12,pago
PAG-002343,CLI-0216,2025-10-05,,208.12,pendente
PAG-002344,CLI-0216,2025-09-05,2025-09-16,208.12,pago
PAG-002345,CLI-0217,2026-08-01,2026-08-06,195.47,pago
PAG-002346,CLI-0217,2026-07-02,2026-07-02,195.47,pago
PAG-002347,CLI-0217,2026-06-02,2026-06-20,195.47,pago
PAG-002348,CLI-0217,2026-05-03,2026-05-03,195.47,pago
PAG-002349,CLI-0217,2026-04-03,2026-04-16,195.47,pago
PAG-002350,CLI-0217,2026-03-04,2026-03-01,195.47,pago
PAG-002351,CLI-0217,2026-02-02,2026-01-31,195.47,pago
PAG-002352,CLI-0217,2026-01-03,2026-01-17,195.47,pago
PAG-002353,CLI-0217,2025-12-04,2025-12-07,195.47,pago
PAG-002354,CLI-0217,2025-11-04,,195.47,pendente
PAG-002355,CLI-0217,2025-10-05,2025-10-02,195.47,pago
PAG-002356,CLI-0217,2025-09-05,2025-09-11,195.47,pago
PAG-002357,CLI-0218,2026-08-01,2026-08-14,325.75,pago
PAG-002358,CLI-0218,2026-07-02,2026-07-16,325.75,pago
PAG-002359,CLI-0218,2026-06-02,2026-06-19,325.75,pago
PAG-002360,CLI-0218,2026-05-03,,325.75,pendente
PAG-002361,CLI-0218,2026-04-03,2026-03-31,325.75,pago
PAG-002362,CLI-0218,2026-03-04,2026-03-19,325.75,pago
PAG-002363,CLI-0218,2026-02-02,2026-02-06,325.75,pago
PAG-002364,CLI-0218,2026-01-03,2026-01-08,325.75,pago
PAG-002365,CLI-0218,2025-12-04,2025-12-16,325.75,pago
PAG-002366,CLI-0218,2025-11-04,2025-11-16,325.75,pago
PAG-002367,CLI-0218,2025-10-05,2025-10-08,325.75,pago
PAG-002368,CLI-0218,2025-09-05,2025-09-04,325.75,pago
PAG-002369,CLI-0219,2026-08-01,2026-08-05,279.94,pago
PAG-002370,CLI-0219,2026-07-02,2026-07-08,279.94,pago
PAG-002371,CLI-0219,2026-06-02,2026-06-13,279.94,pago
PAG-002372,CLI-0219,2026-05-03,2026-05-21,279.94,pago
PAG-002373,CLI-0219,2026-04-03,2026-04-05,279.94,pago
PAG-002374,CLI-0219,2026-03-04,2026-03-11,279.94,pago
PAG-002375,CLI-0219,2026-02-02,2026-02-10,279.94,pago
PAG-002376,CLI-0219,2026-01-03,2026-01-04,279.94,pago
PAG-002377,CLI-0219,2025-12-04,2025-12-16,279.94,pago
PAG-002378,CLI-0219,2025-11-04,2025-11-16,279.94,pago
PAG-002379,CLI-0219,2025-10-05,2025-10-23,279.94,pago
PAG-002380,CLI-0219,2025-09-05,2025-09-11,279.94,pago
PAG-002381,CLI-0220,2026-08-01,2026-08-08,139.73,pago
PAG-002382,CLI-0220,2026-07-02,2026-07-16,139.73,pago
PAG-002383,CLI-0220,2026-06-02,,139.73,pendente
PAG-002384,CLI-0220,2026-05-03,,139.73,pendente
PAG-002385,CLI-0220,2026-04-03,2026-04-17,139.73,pago
PAG-002386,CLI-0220,2026-03-04,2026-03-06,139.73,pago
PAG-002387,CLI-0220,2026-02-02,2026-02-11,139.73,pago
PAG-002388,CLI-0220,2026-01-03,2026-01-07,139.73,pago
PAG-002389,CLI-0220,2025-12-04,2025-12-06,139.73,pago
PAG-002390,CLI-0220,2025-11-04,2025-11-11,139.73,pago
PAG-002391,CLI-0220,2025-10-05,2025-10-19,139.73,pago
PAG-002392,CLI-0220,2025-09-05,2025-09-02,139.73,pago
PAG-002393,CLI-0221,2026-08-01,2026-08-05,81.52,pago
PAG-002394,CLI-0221,2026-07-02,2026-07-16,81.52,pago
PAG-002395,CLI-0222,2026-08-01,2026-08-12,149.37,pago
PAG-002396,CLI-0222,2026-07-02,,149.37,pendente
PAG-002397,CLI-0222,2026-06-02,2026-06-11,149.37,pago
PAG-002398,CLI-0222,2026-05-03,2026-05-14,149.37,pago
PAG-002399,CLI-0222,2026-04-03,2026-04-18,149.37,pago
PAG-002400,CLI-0222,2026-03-04,,149.37,pendente
PAG-002401,CLI-0222,2026-02-02,,149.37,pendente
PAG-002402,CLI-0222,2026-01-03,,149.37,pendente
PAG-002403,CLI-0222,2025-12-04,2025-12-03,149.37,pago
PAG-002404,CLI-0222,2025-11-04,,149.37,pendente
PAG-002405,CLI-0222,2025-10-05,,149.37,pendente
PAG-002406,CLI-0222,2025-09-05,2025-09-17,149.37,pago
PAG-002407,CLI-0223,2026-08-01,2026-08-03,300.09,pago
PAG-002408,CLI-0223,2026-07-02,2026-07-02,300.09,pago
PAG-002409,CLI-0223,2026-06-02,2026-06-13,300.09,pago
PAG-002410,CLI-0223,2026-05-03,2026-05-03,300.09,pago
PAG-002411,CLI-0223,2026-04-03,,300.09,pendente
PAG-002412,CLI-0223,2026-03-04,2026-03-06,300.09,pago
PAG-002413,CLI-0223,2026-02-02,2026-02-15,300.09,pago
PAG-002414,CLI-0223,2026-01-03,2026-01-17,300.09,pago
PAG-002415,CLI-0223,2025-12-04,2025-12-01,300.09,pago
PAG-002416,CLI-0223,2025-11-04,2025-11-14,300.09,pago
PAG-002417,CLI-0223,2025-10-05,2025-10-23,300.09,pago
PAG-002418,CLI-0223,2025-09-05,2025-09-12,300.09,pago
PAG-002419,CLI-0224,2026-08-01,,284.4,pendente
PAG-002420,CLI-0224,2026-07-02,2026-07-08,284.4,pago
PAG-002421,CLI-0224,2026-06-02,2026-06-12,284.4,pago
PAG-002422,CLI-0224,2026-05-03,2026-05-09,284.4,pago
PAG-002423,CLI-0224,2026-04-03,2026-04-12,284.4,pago
PAG-002424,CLI-0224,2026-03-04,2026-03-18,284.4,pago
PAG-002425,CLI-0224,2026-02-02,2026-02-20,284.4,pago
PAG-002426,CLI-0224,2026-01-03,2026-01-18,284.4,pago
PAG-002427,CLI-0224,2025-12-04,2025-12-07,284.4,pago
PAG-002428,CLI-0224,2025-11-04,2025-11-09,284.4,pago
PAG-002429,CLI-0224,2025-10-05,2025-10-06,284.4,pago
PAG-002430,CLI-0224,2025-09-05,2025-09-20,284.4,pago
PAG-002431,CLI-0225,2026-08-01,2026-08-08,222.56,pago
PAG-002432,CLI-0225,2026-07-02,2026-07-18,222.56,pago
PAG-002433,CLI-0225,2026-06-02,2026-06-04,222.56,pago
PAG-002434,CLI-0225,2026-05-03,2026-05-08,222.56,pago
PAG-002435,CLI-0225,2026-04-03,2026-04-13,222.56,pago
PAG-002436,CLI-0225,2026-03-04,2026-03-16,222.56,pago
PAG-002437,CLI-0225,2026-02-02,2026-02-07,222.56,pago
PAG-002438,CLI-0225,2026-01-03,2026-01-17,222.56,pago
PAG-002439,CLI-0225,2025-12-04,2025-12-21,222.56,pago
PAG-002440,CLI-0225,2025-11-04,2025-11-01,222.56,pago
PAG-002441,CLI-0225,2025-10-05,2025-10-16,222.56,pago
PAG-002442,CLI-0225,2025-09-05,2025-09-13,222.56,pago
PAG-002443,CLI-0226,2026-08-01,2026-08-06,199.2,pago
PAG-002444,CLI-0226,2026-07-02,2026-06-30,199.2,pago
PAG-002445,CLI-0226,2026-06-02,2026-05-30,199.2,pago
PAG-002446,CLI-0226,2026-05-03,2026-05-15,199.2,pago
PAG-002447,CLI-0226,2026-04-03,2026-04-20,199.2,pago
PAG-002448,CLI-0226,2026-03-04,2026-03-06,199.2,pago
PAG-002449,CLI-0226,2026-02-02,2026-02-19,199.2,pago
PAG-002450,CLI-0226,2026-01-03,2026-01-03,199.2,pago
PAG-002451,CLI-0226,2025-12-04,,199.2,pendente
PAG-002452,CLI-0226,2025-11-04,,199.2,pendente
PAG-002453,CLI-0226,2025-10-05,2025-10-06,199.2,pago
PAG-002454,CLI-0226,2025-09-05,2025-09-07,199.2,pago
PAG-002455,CLI-0227,2026-08-01,2026-08-12,102.34,pago
PAG-002456,CLI-0227,2026-07-02,2026-07-18,102.34,pago
PAG-002457,CLI-0227,2026-06-02,2026-06-15,102.34,pago
PAG-002458,CLI-0227,2026-05-03,2026-05-20,102.34,pago
PAG-002459,CLI-0227,2026-04-03,2026-03-31,102.34,pago
PAG-002460,CLI-0227,2026-03-04,2026-03-18,102.34,pago
PAG-002461,CLI-0228,2026-08-01,2026-08-05,154.94,pago
PAG-002462,CLI-0228,2026-07-02,2026-07-20,154.94,pago
PAG-002463,CLI-0228,2026-06-02,2026-06-05,154.94,pago
PAG-002464,CLI-0228,2026-05-03,2026-05-04,154.94,pago
PAG-002465,CLI-0228,2026-04-03,2026-04-12,154.94,pago
PAG-002466,CLI-0228,2026-03-04,2026-03-06,154.94,pago
PAG-002467,CLI-0228,2026-02-02,2026-02-17,154.94,pago
PAG-002468,CLI-0228,2026-01-03,2026-01-07,154.94,pago
PAG-002469,CLI-0228,2025-12-04,2025-12-09,154.94,pago
PAG-002470,CLI-0229,2026-08-01,2026-08-11,116.44,pago
PAG-002471,CLI-0229,2026-07-02,2026-07-20,116.44,pago
PAG-002472,CLI-0229,2026-06-02,2026-06-05,116.44,pago
PAG-002473,CLI-0229,2026-05-03,2026-05-16,116.44,pago
PAG-002474,CLI-0229,2026-04-03,2026-04-08,116.44,pago
PAG-002475,CLI-0229,2026-03-04,2026-03-07,116.44,pago
PAG-002476,CLI-0229,2026-02-02,2026-02-13,116.44,pago
PAG-002477,CLI-0229,2026-01-03,2026-01-03,116.44,pago
PAG-002478,CLI-0229,2025-12-04,2025-12-21,116.44,pago
PAG-002479,CLI-0229,2025-11-04,2025-11-05,116.44,pago
PAG-002480,CLI-0229,2025-10-05,2025-10-12,116.44,pago
PAG-002481,CLI-0229,2025-09-05,2025-09-14,116.44,pago
PAG-002482,CLI-0230,2026-08-01,2026-08-05,313.66,pago
PAG-002483,CLI-0230,2026-07-02,2026-07-10,313.66,pago
PAG-002484,CLI-0230,2026-06-02,2026-06-14,313.66,pago
PAG-002485,CLI-0231,2026-08-01,2026-07-31,214.42,pago
PAG-002486,CLI-0231,2026-07-02,2026-07-05,214.42,pago
PAG-002487,CLI-0231,2026-06-02,2026-06-06,214.42,pago
PAG-002488,CLI-0231,2026-05-03,2026-05-17,214.42,pago
PAG-002489,CLI-0231,2026-04-03,2026-04-11,214.42,pago
PAG-002490,CLI-0231,2026-03-04,,214.42,pendente
PAG-002491,CLI-0231,2026-02-02,2026-02-02,214.42,pago
PAG-002492,CLI-0231,2026-01-03,2026-01-21,214.42,pago
PAG-002493,CLI-0231,2025-12-04,2025-12-07,214.42,pago
PAG-002494,CLI-0231,2025-11-04,2025-11-22,214.42,pago
PAG-002495,CLI-0231,2025-10-05,2025-10-16,214.42,pago
PAG-002496,CLI-0231,2025-09-05,2025-09-05,214.42,pago
PAG-002497,CLI-0232,2026-08-01,2026-08-19,199.9,pago
PAG-002498,CLI-0232,2026-07-02,2026-06-30,199.9,pago
PAG-002499,CLI-0232,2026-06-02,2026-06-12,199.9,pago
PAG-002500,CLI-0232,2026-05-03,2026-05-12,199.9,pago
PAG-002501,CLI-0232,2026-04-03,2026-04-03,199.9,pago
PAG-002502,CLI-0232,2026-03-04,2026-03-03,199.9,pago
PAG-002503,CLI-0232,2026-02-02,2026-02-02,199.9,pago
PAG-002504,CLI-0232,2026-01-03,2026-01-12,199.9,pago
PAG-002505,CLI-0232,2025-12-04,2025-12-01,199.9,pago
PAG-002506,CLI-0233,2026-08-01,2026-08-12,116.19,pago
PAG-002507,CLI-0233,2026-07-02,2026-07-13,116.19,pago
PAG-002508,CLI-0233,2026-06-02,2026-06-02,116.19,pago
PAG-002509,CLI-0233,2026-05-03,2026-05-14,116.19,pago
PAG-002510,CLI-0233,2026-04-03,2026-04-19,116.19,pago
PAG-002511,CLI-0233,2026-03-04,2026-03-09,116.19,pago
PAG-002512,CLI-0233,2026-02-02,2026-02-20,116.19,pago
PAG-002513,CLI-0233,2026-01-03,2025-12-31,116.19,pago
PAG-002514,CLI-0233,2025-12-04,2025-12-06,116.19,pago
PAG-002515,CLI-0233,2025-11-04,2025-11-14,116.19,pago
PAG-002516,CLI-0233,2025-10-05,,116.19,pendente
PAG-002517,CLI-0233,2025-09-05,2025-09-22,116.19,pago
PAG-002518,CLI-0234,2026-08-01,2026-08-18,85.2,pago
PAG-002519,CLI-0234,2026-07-02,2026-07-02,85.2,pago
PAG-002520,CLI-0234,2026-06-02,2026-06-01,85.2,pago
PAG-002521,CLI-0234,2026-05-03,2026-05-20,85.2,pago
PAG-002522,CLI-0234,2026-04-03,2026-04-13,85.2,pago
PAG-002523,CLI-0234,2026-03-04,2026-03-06,85.2,pago
PAG-002524,CLI-0234,2026-02-02,2026-02-07,85.2,pago
PAG-002525,CLI-0234,2026-01-03,2026-01-02,85.2,pago
PAG-002526,CLI-0234,2025-12-04,2025-12-14,85.2,pago
PAG-002527,CLI-0234,2025-11-04,2025-11-07,85.2,pago
PAG-002528,CLI-0234,2025-10-05,2025-10-11,85.2,pago
PAG-002529,CLI-0234,2025-09-05,2025-09-19,85.2,pago
PAG-002530,CLI-0235,2026-08-01,,113.71,pendente
PAG-002531,CLI-0235,2026-07-02,2026-07-01,113.71,pago
PAG-002532,CLI-0235,2026-06-02,2026-06-18,113.71,pago
PAG-002533,CLI-0235,2026-05-03,2026-05-18,113.71,pago
PAG-002534,CLI-0235,2026-04-03,2026-04-19,113.71,pago
PAG-002535,CLI-0235,2026-03-04,2026-03-13,113.71,pago
PAG-002536,CLI-0235,2026-02-02,2026-02-16,113.71,pago
PAG-002537,CLI-0235,2026-01-03,,113.71,pendente
PAG-002538,CLI-0235,2025-12-04,2025-12-12,113.71,pago
PAG-002539,CLI-0235,2025-11-04,2025-11-05,113.71,pago
PAG-002540,CLI-0235,2025-10-05,2025-10-17,113.71,pago
PAG-002541,CLI-0235,2025-09-05,2025-09-07,113.71,pago
PAG-002542,CLI-0236,2026-08-01,2026-08-17,210.32,pago
PAG-002543,CLI-0236,2026-07-02,2026-07-02,210.32,pago
PAG-002544,CLI-0236,2026-06-02,2026-06-05,210.32,pago
PAG-002545,CLI-0236,2026-05-03,2026-05-03,210.32,pago
PAG-002546,CLI-0236,2026-04-03,2026-04-05,210.32,pago
PAG-002547,CLI-0236,2026-03-04,2026-03-13,210.32,pago
PAG-002548,CLI-0236,2026-02-02,2026-02-10,210.32,pago
PAG-002549,CLI-0236,2026-01-03,2026-01-13,210.32,pago
PAG-002550,CLI-0236,2025-12-04,2025-12-09,210.32,pago
PAG-002551,CLI-0236,2025-11-04,2025-11-12,210.32,pago
PAG-002552,CLI-0236,2025-10-05,2025-10-23,210.32,pago
PAG-002553,CLI-0236,2025-09-05,2025-09-22,210.32,pago
PAG-002554,CLI-0237,2026-08-01,2026-08-16,144.66,pago
PAG-002555,CLI-0237,2026-07-02,2026-07-20,144.66,pago
PAG-002556,CLI-0237,2026-06-02,2026-06-10,144.66,pago
PAG-002557,CLI-0237,2026-05-03,,144.66,pendente
PAG-002558,CLI-0237,2026-04-03,2026-04-20,144.66,pago
PAG-002559,CLI-0237,2026-03-04,2026-03-17,144.66,pago
PAG-002560,CLI-0237,2026-02-02,2026-02-04,144.66,pago
PAG-002561,CLI-0237,2026-01-03,2026-01-07,144.66,pago
PAG-002562,CLI-0237,2025-12-04,2025-12-07,144.66,pago
PAG-002563,CLI-0237,2025-11-04,2025-11-10,144.66,pago
PAG-002564,CLI-0237,2025-10-05,2025-10-02,144.66,pago
PAG-002565,CLI-0237,2025-09-05,2025-09-16,144.66,pago
PAG-002566,CLI-0238,2026-08-01,,223.48,pendente
PAG-002567,CLI-0238,2026-07-02,2026-07-07,223.48,pago
PAG-002568,CLI-0238,2026-06-02,2026-06-16,223.48,pago
PAG-002569,CLI-0238,2026-05-03,2026-05-19,223.48,pago
PAG-002570,CLI-0238,2026-04-03,2026-04-17,223.48,pago
PAG-002571,CLI-0238,2026-03-04,2026-03-15,223.48,pago
PAG-002572,CLI-0238,2026-02-02,2026-01-31,223.48,pago
PAG-002573,CLI-0238,2026-01-03,2026-01-12,223.48,pago
PAG-002574,CLI-0238,2025-12-04,2025-12-02,223.48,pago
PAG-002575,CLI-0238,2025-11-04,2025-11-17,223.48,pago
PAG-002576,CLI-0238,2025-10-05,2025-10-16,223.48,pago
PAG-002577,CLI-0238,2025-09-05,2025-09-05,223.48,pago
PAG-002578,CLI-0239,2026-08-01,2026-08-12,85.05,pago
PAG-002579,CLI-0239,2026-07-02,2026-07-13,85.05,pago
PAG-002580,CLI-0239,2026-06-02,2026-06-17,85.05,pago
PAG-002581,CLI-0239,2026-05-03,2026-05-01,85.05,pago
PAG-002582,CLI-0239,2026-04-03,2026-04-04,85.05,pago
PAG-002583,CLI-0239,2026-03-04,2026-03-01,85.05,pago
PAG-002584,CLI-0239,2026-02-02,2026-02-10,85.05,pago
PAG-002585,CLI-0239,2026-01-03,2026-01-09,85.05,pago
PAG-002586,CLI-0239,2025-12-04,2025-12-06,85.05,pago
PAG-002587,CLI-0239,2025-11-04,2025-11-10,85.05,pago
PAG-002588,CLI-0240,2026-08-01,2026-08-13,190.08,pago
PAG-002589,CLI-0240,2026-07-02,2026-06-29,190.08,pago
PAG-002590,CLI-0240,2026-06-02,2026-06-01,190.08,pago
PAG-002591,CLI-0240,2026-05-03,2026-05-09,190.08,pago
PAG-002592,CLI-0240,2026-04-03,2026-04-04,190.08,pago
PAG-002593,CLI-0240,2026-03-04,2026-03-04,190.08,pago
PAG-002594,CLI-0240,2026-02-02,2026-02-10,190.08,pago
PAG-002595,CLI-0240,2026-01-03,2026-01-18,190.08,pago
PAG-002596,CLI-0240,2025-12-04,2025-12-01,190.08,pago
PAG-002597,CLI-0240,2025-11-04,2025-11-17,190.08,pago
PAG-002598,CLI-0240,2025-10-05,2025-10-08,190.08,pago
PAG-002599,CLI-0240,2025-09-05,2025-09-03,190.08,pago
PAG-002600,CLI-0241,2026-08-01,2026-08-04,204.19,pago
PAG-002601,CLI-0241,2026-07-02,2026-07-13,204.19,pago
PAG-002602,CLI-0241,2026-06-02,,204.19,pendente
PAG-002603,CLI-0241,2026-05-03,2026-05-17,204.19,pago
PAG-002604,CLI-0241,2026-04-03,2026-04-19,204.19,pago
PAG-002605,CLI-0241,2026-03-04,2026-03-19,204.19,pago
PAG-002606,CLI-0241,2026-02-02,,204.19,pendente
PAG-002607,CLI-0241,2026-01-03,2026-01-03,204.19,pago
PAG-002608,CLI-0241,2025-12-04,2025-12-15,204.19,pago
PAG-002609,CLI-0241,2025-11-04,2025-11-07,204.19,pago
PAG-002610,CLI-0241,2025-10-05,2025-10-22,204.19,pago
PAG-002611,CLI-0241,2025-09-05,2025-09-16,204.19,pago
PAG-002612,CLI-0242,2026-08-01,2026-08-11,81.38,pago
PAG-002613,CLI-0242,2026-07-02,2026-07-02,81.38,pago
PAG-002614,CLI-0242,2026-06-02,2026-06-13,81.38,pago
PAG-002615,CLI-0242,2026-05-03,2026-05-21,81.38,pago
PAG-002616,CLI-0242,2026-04-03,2026-04-05,81.38,pago
PAG-002617,CLI-0242,2026-03-04,2026-03-04,81.38,pago
PAG-002618,CLI-0242,2026-02-02,2026-02-05,81.38,pago
PAG-002619,CLI-0242,2026-01-03,2026-01-09,81.38,pago
PAG-002620,CLI-0242,2025-12-04,2025-12-17,81.38,pago
PAG-002621,CLI-0242,2025-11-04,2025-11-22,81.38,pago
PAG-002622,CLI-0242,2025-10-05,2025-10-21,81.38,pago
PAG-002623,CLI-0242,2025-09-05,2025-09-23,81.38,pago
PAG-002624,CLI-0243,2026-08-01,2026-08-07,117.95,pago
PAG-002625,CLI-0243,2026-07-02,2026-07-08,117.95,pago
PAG-002626,CLI-0243,2026-06-02,2026-06-10,117.95,pago
PAG-002627,CLI-0243,2026-05-03,2026-05-10,117.95,pago
PAG-002628,CLI-0243,2026-04-03,2026-04-13,117.95,pago
PAG-002629,CLI-0243,2026-03-04,2026-03-14,117.95,pago
PAG-002630,CLI-0243,2026-02-02,,117.95,pendente
PAG-002631,CLI-0243,2026-01-03,2026-01-01,117.95,pago
PAG-002632,CLI-0243,2025-12-04,2025-12-12,117.95,pago
PAG-002633,CLI-0243,2025-11-04,2025-11-05,117.95,pago
PAG-002634,CLI-0243,2025-10-05,2025-10-10,117.95,pago
PAG-002635,CLI-0243,2025-09-05,,117.95,pendente
PAG-002636,CLI-0244,2026-08-01,2026-08-13,119.41,pago
PAG-002637,CLI-0244,2026-07-02,2026-07-18,119.41,pago
PAG-002638,CLI-0244,2026-06-02,2026-05-31,119.41,pago
PAG-002639,CLI-0244,2026-05-03,2026-05-20,119.41,pago
PAG-002640,CLI-0244,2026-04-03,2026-04-17,119.41,pago
PAG-002641,CLI-0244,2026-03-04,2026-03-10,119.41,pago
PAG-002642,CLI-0244,2026-02-02,2026-02-03,119.41,pago
PAG-002643,CLI-0244,2026-01-03,2026-01-02,119.41,pago
PAG-002644,CLI-0244,2025-12-04,2025-12-14,119.41,pago
PAG-002645,CLI-0244,2025-11-04,2025-11-05,119.41,pago
PAG-002646,CLI-0244,2025-10-05,2025-10-20,119.41,pago
PAG-002647,CLI-0244,2025-09-05,2025-09-04,119.41,pago
PAG-002648,CLI-0245,2026-08-01,2026-07-29,206.16,pago
PAG-002649,CLI-0245,2026-07-02,2026-06-30,206.16,pago
PAG-002650,CLI-0245,2026-06-02,2026-06-09,206.16,pago
PAG-002651,CLI-0245,2026-05-03,2026-05-15,206.16,pago
PAG-002652,CLI-0245,2026-04-03,2026-04-10,206.16,pago
PAG-002653,CLI-0245,2026-03-04,2026-03-03,206.16,pago
PAG-002654,CLI-0245,2026-02-02,2026-02-16,206.16,pago
PAG-002655,CLI-0245,2026-01-03,2026-01-17,206.16,pago
PAG-002656,CLI-0245,2025-12-04,2025-12-17,206.16,pago
PAG-002657,CLI-0245,2025-11-04,2025-11-03,206.16,pago
PAG-002658,CLI-0245,2025-10-05,2025-10-16,206.16,pago
PAG-002659,CLI-0245,2025-09-05,2025-09-08,206.16,pago
PAG-002660,CLI-0246,2026-08-01,2026-08-06,80.95,pago
PAG-002661,CLI-0246,2026-07-02,2026-07-17,80.95,pago
PAG-002662,CLI-0246,2026-06-02,2026-06-09,80.95,pago
PAG-002663,CLI-0246,2026-05-03,2026-05-20,80.95,pago
PAG-002664,CLI-0246,2026-04-03,2026-04-18,80.95,pago
PAG-002665,CLI-0246,2026-03-04,2026-03-19,80.95,pago
PAG-002666,CLI-0246,2026-02-02,2026-02-03,80.95,pago
PAG-002667,CLI-0246,2026-01-03,2026-01-05,80.95,pago
PAG-002668,CLI-0246,2025-12-04,,80.95,pendente
PAG-002669,CLI-0246,2025-11-04,2025-11-02,80.95,pago
PAG-002670,CLI-0246,2025-10-05,2025-10-19,80.95,pago
PAG-002671,CLI-0246,2025-09-05,2025-09-04,80.95,pago
PAG-002672,CLI-0247,2026-08-01,2026-08-16,143.96,pago
PAG-002673,CLI-0247,2026-07-02,2026-07-02,143.96,pago
PAG-002674,CLI-0247,2026-06-02,2026-06-05,143.96,pago
PAG-002675,CLI-0247,2026-05-03,2026-05-15,143.96,pago
PAG-002676,CLI-0247,2026-04-03,2026-04-11,143.96,pago
PAG-002677,CLI-0247,2026-03-04,2026-03-11,143.96,pago
PAG-002678,CLI-0247,2026-02-02,2026-02-05,143.96,pago
PAG-002679,CLI-0247,2026-01-03,2026-01-16,143.96,pago
PAG-002680,CLI-0247,2025-12-04,2025-12-09,143.96,pago
PAG-002681,CLI-0247,2025-11-04,2025-11-15,143.96,pago
PAG-002682,CLI-0247,2025-10-05,,143.96,pendente
PAG-002683,CLI-0247,2025-09-05,2025-09-15,143.96,pago
PAG-002684,CLI-0248,2026-08-01,2026-08-11,221.72,pago
PAG-002685,CLI-0248,2026-07-02,2026-07-15,221.72,pago
PAG-002686,CLI-0248,2026-06-02,2026-06-20,221.72,pago
PAG-002687,CLI-0248,2026-05-03,2026-05-03,221.72,pago
PAG-002688,CLI-0248,2026-04-03,2026-03-31,221.72,pago
PAG-002689,CLI-0248,2026-03-04,2026-03-10,221.72,pago
PAG-002690,CLI-0248,2026-02-02,2026-02-10,221.72,pago
PAG-002691,CLI-0249,2026-08-01,2026-08-06,161.39,pago
PAG-002692,CLI-0249,2026-07-02,2026-07-20,161.39,pago
PAG-002693,CLI-0249,2026-06-02,2026-06-18,161.39,pago
PAG-002694,CLI-0249,2026-05-03,2026-05-03,161.39,pago
PAG-002695,CLI-0249,2026-04-03,2026-04-18,161.39,pago
PAG-002696,CLI-0249,2026-03-04,2026-03-08,161.39,pago
PAG-002697,CLI-0249,2026-02-02,2026-02-03,161.39,pago
PAG-002698,CLI-0249,2026-01-03,2026-01-02,161.39,pago
PAG-002699,CLI-0249,2025-12-04,2025-12-13,161.39,pago
PAG-002700,CLI-0249,2025-11-04,2025-11-20,161.39,pago
PAG-002701,CLI-0249,2025-10-05,2025-10-09,161.39,pago
PAG-002702,CLI-0249,2025-09-05,2025-09-23,161.39,pago
PAG-002703,CLI-0250,2026-08-01,2026-08-06,160.69,pago
PAG-002704,CLI-0250,2026-07-02,2026-07-15,160.69,pago
PAG-002705,CLI-0250,2026-06-02,2026-06-09,160.69,pago
PAG-002706,CLI-0250,2026-05-03,2026-05-05,160.69,pago
PAG-002707,CLI-0250,2026-04-03,2026-04-15,160.69,pago
PAG-002708,CLI-0250,2026-03-04,2026-03-15,160.69,pago
PAG-002709,CLI-0250,2026-02-02,2026-02-20,160.69,pago
PAG-002710,CLI-0250,2026-01-03,2026-01-16,160.69,pago
PAG-002711,CLI-0250,2025-12-04,2025-12-12,160.69,pago
PAG-002712,CLI-0250,2025-11-04,2025-11-01,160.69,pago
PAG-002713,CLI-0250,2025-10-05,2025-10-06,160.69,pago
PAG-002714,CLI-0250,2025-09-05,2025-09-16,160.69,pago
PAG-002715,CLI-0251,2026-08-01,2026-08-15,75.53,pago
PAG-002716,CLI-0251,2026-07-02,2026-07-05,75.53,pago
PAG-002717,CLI-0251,2026-06-02,2026-06-18,75.53,pago
PAG-002718,CLI-0251,2026-05-03,2026-05-02,75.53,pago
PAG-002719,CLI-0251,2026-04-03,2026-04-13,75.53,pago
PAG-002720,CLI-0251,2026-03-04,2026-03-16,75.53,pago
PAG-002721,CLI-0251,2026-02-02,2026-02-06,75.53,pago
PAG-002722,CLI-0251,2026-01-03,2026-01-05,75.53,pago
PAG-002723,CLI-0251,2025-12-04,2025-12-13,75.53,pago
PAG-002724,CLI-0252,2026-08-01,,280.14,pendente
PAG-002725,CLI-0252,2026-07-02,,280.14,pendente
PAG-002726,CLI-0252,2026-06-02,2026-06-18,280.14,pago
PAG-002727,CLI-0252,2026-05-03,2026-05-11,280.14,pago
PAG-002728,CLI-0252,2026-04-03,,280.14,pendente
PAG-002729,CLI-0252,2026-03-04,2026-03-16,280.14,pago
PAG-002730,CLI-0252,2026-02-02,2026-02-12,280.14,pago
PAG-002731,CLI-0252,2026-01-03,2026-01-20,280.14,pago
PAG-002732,CLI-0252,2025-12-04,,280.14,pendente
PAG-002733,CLI-0252,2025-11-04,2025-11-09,280.14,pago
PAG-002734,CLI-0252,2025-10-05,2025-10-22,280.14,pago
PAG-002735,CLI-0252,2025-09-05,2025-09-15,280.14,pago
PAG-002736,CLI-0253,2026-08-01,2026-08-05,140.94,pago
PAG-002737,CLI-0253,2026-07-02,2026-07-20,140.94,pago
PAG-002738,CLI-0253,2026-06-02,2026-06-18,140.94,pago
PAG-002739,CLI-0253,2026-05-03,2026-05-12,140.94,pago
PAG-002740,CLI-0253,2026-04-03,2026-04-01,140.94,pago
PAG-002741,CLI-0253,2026-03-04,2026-03-15,140.94,pago
PAG-002742,CLI-0253,2026-02-02,2026-02-17,140.94,pago
PAG-002743,CLI-0253,2026-01-03,2026-01-01,140.94,pago
PAG-002744,CLI-0253,2025-12-04,2025-12-21,140.94,pago
PAG-002745,CLI-0253,2025-11-04,2025-11-14,140.94,pago
PAG-002746,CLI-0253,2025-10-05,2025-10-02,140.94,pago
PAG-002747,CLI-0253,2025-09-05,2025-09-07,140.94,pago
PAG-002748,CLI-0254,2026-08-01,2026-08-08,78.18,pago
PAG-002749,CLI-0254,2026-07-02,2026-07-16,78.18,pago
PAG-002750,CLI-0254,2026-06-02,2026-06-06,78.18,pago
PAG-002751,CLI-0254,2026-05-03,2026-05-09,78.18,pago
PAG-002752,CLI-0254,2026-04-03,2026-04-02,78.18,pago
PAG-002753,CLI-0254,2026-03-04,2026-03-11,78.18,pago
PAG-002754,CLI-0254,2026-02-02,2026-02-19,78.18,pago
PAG-002755,CLI-0254,2026-01-03,2026-01-12,78.18,pago
PAG-002756,CLI-0254,2025-12-04,2025-12-16,78.18,pago
PAG-002757,CLI-0254,2025-11-04,2025-11-15,78.18,pago
PAG-002758,CLI-0254,2025-10-05,2025-10-07,78.18,pago
PAG-002759,CLI-0254,2025-09-05,2025-09-12,78.18,pago
PAG-002760,CLI-0255,2026-08-01,2026-07-31,88.03,pago
PAG-002761,CLI-0255,2026-07-02,2026-07-20,88.03,pago
PAG-002762,CLI-0255,2026-06-02,2026-06-07,88.03,pago
PAG-002763,CLI-0255,2026-05-03,2026-05-10,88.03,pago
PAG-002764,CLI-0255,2026-04-03,2026-04-12,88.03,pago
PAG-002765,CLI-0255,2026-03-04,2026-03-13,88.03,pago
PAG-002766,CLI-0255,2026-02-02,2026-02-08,88.03,pago
PAG-002767,CLI-0255,2026-01-03,2026-01-02,88.03,pago
PAG-002768,CLI-0256,2026-08-01,2026-08-16,145.28,pago
PAG-002769,CLI-0256,2026-07-02,2026-07-04,145.28,pago
PAG-002770,CLI-0256,2026-06-02,2026-06-17,145.28,pago
PAG-002771,CLI-0256,2026-05-03,2026-05-18,145.28,pago
PAG-002772,CLI-0256,2026-04-03,2026-04-12,145.28,pago
PAG-002773,CLI-0256,2026-03-04,2026-03-12,145.28,pago
PAG-002774,CLI-0256,2026-02-02,2026-02-07,145.28,pago
PAG-002775,CLI-0256,2026-01-03,2026-01-11,145.28,pago
PAG-002776,CLI-0256,2025-12-04,2025-12-08,145.28,pago
PAG-002777,CLI-0256,2025-11-04,2025-11-12,145.28,pago
PAG-002778,CLI-0256,2025-10-05,2025-10-06,145.28,pago
PAG-002779,CLI-0256,2025-09-05,2025-09-09,145.28,pago
PAG-002780,CLI-0257,2026-08-01,2026-07-31,334.75,pago
PAG-002781,CLI-0257,2026-07-02,2026-07-01,334.75,pago
PAG-002782,CLI-0257,2026-06-02,2026-06-07,334.75,pago
PAG-002783,CLI-0257,2026-05-03,2026-04-30,334.75,pago
PAG-002784,CLI-0257,2026-04-03,2026-04-15,334.75,pago
PAG-002785,CLI-0257,2026-03-04,2026-03-05,334.75,pago
PAG-002786,CLI-0257,2026-02-02,2026-02-05,334.75,pago
PAG-002787,CLI-0257,2026-01-03,2026-01-09,334.75,pago
PAG-002788,CLI-0257,2025-12-04,2025-12-22,334.75,pago
PAG-002789,CLI-0257,2025-11-04,2025-11-08,334.75,pago
PAG-002790,CLI-0257,2025-10-05,2025-10-18,334.75,pago
PAG-002791,CLI-0257,2025-09-05,2025-09-06,334.75,pago
PAG-002792,CLI-0258,2026-08-01,2026-08-13,327.65,pago
PAG-002793,CLI-0258,2026-07-02,,327.65,pendente
PAG-002794,CLI-0258,2026-06-02,2026-06-02,327.65,pago
PAG-002795,CLI-0258,2026-05-03,,327.65,pendente
PAG-002796,CLI-0258,2026-04-03,,327.65,pendente
PAG-002797,CLI-0258,2026-03-04,2026-03-09,327.65,pago
PAG-002798,CLI-0258,2026-02-02,2026-02-04,327.65,pago
PAG-002799,CLI-0258,2026-01-03,,327.65,pendente
PAG-002800,CLI-0258,2025-12-04,,327.65,pendente
PAG-002801,CLI-0258,2025-11-04,2025-11-21,327.65,pago
PAG-002802,CLI-0258,2025-10-05,2025-10-12,327.65,pago
PAG-002803,CLI-0258,2025-09-05,2025-09-05,327.65,pago
PAG-002804,CLI-0259,2026-08-01,2026-08-17,334.81,pago
PAG-002805,CLI-0259,2026-07-02,2026-07-04,334.81,pago
PAG-002806,CLI-0259,2026-06-02,2026-06-04,334.81,pago
PAG-002807,CLI-0259,2026-05-03,2026-05-14,334.81,pago
PAG-002808,CLI-0259,2026-04-03,,334.81,pendente
PAG-002809,CLI-0259,2026-03-04,,334.81,pendente
PAG-002810,CLI-0259,2026-02-02,2026-02-02,334.81,pago
PAG-002811,CLI-0259,2026-01-03,2026-01-09,334.81,pago
PAG-002812,CLI-0259,2025-12-04,2025-12-04,334.81,pago
PAG-002813,CLI-0259,2025-11-04,2025-11-06,334.81,pago
PAG-002814,CLI-0259,2025-10-05,2025-10-07,334.81,pago
PAG-002815,CLI-0259,2025-09-05,2025-09-17,334.81,pago
PAG-002816,CLI-0260,2026-08-01,,121.72,pendente
PAG-002817,CLI-0260,2026-07-02,2026-07-14,121.72,pago
PAG-002818,CLI-0260,2026-06-02,2026-06-20,121.72,pago
PAG-002819,CLI-0260,2026-05-03,2026-05-18,121.72,pago
PAG-002820,CLI-0260,2026-04-03,,121.72,pendente
PAG-002821,CLI-0260,2026-03-04,2026-03-22,121.72,pago
PAG-002822,CLI-0260,2026-02-02,2026-02-15,121.72,pago
PAG-002823,CLI-0260,2026-01-03,2026-01-17,121.72,pago
PAG-002824,CLI-0260,2025-12-04,2025-12-18,121.72,pago
PAG-002825,CLI-0260,2025-11-04,2025-11-10,121.72,pago
PAG-002826,CLI-0260,2025-10-05,2025-10-16,121.72,pago
PAG-002827,CLI-0260,2025-09-05,2025-09-11,121.72,pago
PAG-002828,CLI-0261,2026-08-01,2026-07-31,187.2,pago
PAG-002829,CLI-0261,2026-07-02,2026-07-17,187.2,pago
PAG-002830,CLI-0261,2026-06-02,2026-06-17,187.2,pago
PAG-002831,CLI-0261,2026-05-03,2026-05-20,187.2,pago
PAG-002832,CLI-0261,2026-04-03,2026-04-01,187.2,pago
PAG-002833,CLI-0261,2026-03-04,2026-03-02,187.2,pago
PAG-002834,CLI-0261,2026-02-02,2026-02-11,187.2,pago
PAG-002835,CLI-0261,2026-01-03,2026-01-17,187.2,pago
PAG-002836,CLI-0261,2025-12-04,2025-12-22,187.2,pago
PAG-002837,CLI-0261,2025-11-04,2025-11-17,187.2,pago
PAG-002838,CLI-0261,2025-10-05,2025-10-07,187.2,pago
PAG-002839,CLI-0261,2025-09-05,2025-09-23,187.2,pago
PAG-002840,CLI-0262,2026-08-01,2026-08-05,88.69,pago
PAG-002841,CLI-0262,2026-07-02,2026-07-11,88.69,pago
PAG-002842,CLI-0262,2026-06-02,,88.69,pendente
PAG-002843,CLI-0262,2026-05-03,,88.69,pendente
PAG-002844,CLI-0262,2026-04-03,2026-04-21,88.69,pago
PAG-002845,CLI-0262,2026-03-04,2026-03-14,88.69,pago
PAG-002846,CLI-0262,2026-02-02,2026-02-19,88.69,pago
PAG-002847,CLI-0262,2026-01-03,2026-01-20,88.69,pago
PAG-002848,CLI-0262,2025-12-04,2025-12-09,88.69,pago
PAG-002849,CLI-0262,2025-11-04,2025-11-01,88.69,pago
PAG-002850,CLI-0262,2025-10-05,2025-10-15,88.69,pago
PAG-002851,CLI-0262,2025-09-05,2025-09-08,88.69,pago
PAG-002852,CLI-0263,2026-08-01,2026-08-13,208.96,pago
PAG-002853,CLI-0263,2026-07-02,2026-07-15,208.96,pago
PAG-002854,CLI-0263,2026-06-02,2026-06-14,208.96,pago
PAG-002855,CLI-0263,2026-05-03,2026-05-03,208.96,pago
PAG-002856,CLI-0263,2026-04-03,2026-04-12,208.96,pago
PAG-002857,CLI-0263,2026-03-04,2026-03-03,208.96,pago
PAG-002858,CLI-0263,2026-02-02,2026-02-18,208.96,pago
PAG-002859,CLI-0263,2026-01-03,2026-01-04,208.96,pago
PAG-002860,CLI-0263,2025-12-04,2025-12-02,208.96,pago
PAG-002861,CLI-0263,2025-11-04,2025-11-17,208.96,pago
PAG-002862,CLI-0263,2025-10-05,2025-10-08,208.96,pago
PAG-002863,CLI-0263,2025-09-05,2025-09-12,208.96,pago
PAG-002864,CLI-0264,2026-08-01,2026-08-12,78.96,pago
PAG-002865,CLI-0264,2026-07-02,,78.96,pendente
PAG-002866,CLI-0264,2026-06-02,2026-06-15,78.96,pago
PAG-002867,CLI-0264,2026-05-03,2026-05-05,78.96,pago
PAG-002868,CLI-0264,2026-04-03,,78.96,pendente
PAG-002869,CLI-0264,2026-03-04,2026-03-02,78.96,pago
PAG-002870,CLI-0264,2026-02-02,,78.96,pendente
PAG-002871,CLI-0264,2026-01-03,,78.96,pendente
PAG-002872,CLI-0264,2025-12-04,2025-12-01,78.96,pago
PAG-002873,CLI-0264,2025-11-04,2025-11-06,78.96,pago
PAG-002874,CLI-0264,2025-10-05,2025-10-12,78.96,pago
PAG-002875,CLI-0264,2025-09-05,2025-09-06,78.96,pago
PAG-002876,CLI-0265,2026-08-01,2026-08-12,79.6,pago
PAG-002877,CLI-0265,2026-07-02,2026-07-10,79.6,pago
PAG-002878,CLI-0265,2026-06-02,2026-06-08,79.6,pago
PAG-002879,CLI-0265,2026-05-03,2026-05-05,79.6,pago
PAG-002880,CLI-0265,2026-04-03,2026-04-12,79.6,pago
PAG-002881,CLI-0265,2026-03-04,2026-03-06,79.6,pago
PAG-002882,CLI-0265,2026-02-02,2026-01-30,79.6,pago
PAG-002883,CLI-0265,2026-01-03,2026-01-09,79.6,pago
PAG-002884,CLI-0265,2025-12-04,2025-12-15,79.6,pago
PAG-002885,CLI-0265,2025-11-04,2025-11-18,79.6,pago
PAG-002886,CLI-0265,2025-10-05,2025-10-14,79.6,pago
PAG-002887,CLI-0265,2025-09-05,2025-09-22,79.6,pago
PAG-002888,CLI-0266,2026-08-01,2026-08-18,164.4,pago
PAG-002889,CLI-0266,2026-07-02,2026-07-18,164.4,pago
PAG-002890,CLI-0266,2026-06-02,2026-06-05,164.4,pago
PAG-002891,CLI-0266,2026-05-03,2026-05-17,164.4,pago
PAG-002892,CLI-0266,2026-04-03,2026-04-21,164.4,pago
PAG-002893,CLI-0266,2026-03-04,2026-03-17,164.4,pago
PAG-002894,CLI-0266,2026-02-02,2026-02-13,164.4,pago
PAG-002895,CLI-0266,2026-01-03,,164.4,pendente
PAG-002896,CLI-0266,2025-12-04,2025-12-19,164.4,pago
PAG-002897,CLI-0266,2025-11-04,2025-11-09,164.4,pago
PAG-002898,CLI-0266,2025-10-05,2025-10-23,164.4,pago
PAG-002899,CLI-0266,2025-09-05,2025-09-06,164.4,pago
PAG-002900,CLI-0267,2026-08-01,2026-07-31,200.35,pago
PAG-002901,CLI-0267,2026-07-02,,200.35,pendente
PAG-002902,CLI-0267,2026-06-02,2026-05-31,200.35,pago
PAG-002903,CLI-0267,2026-05-03,2026-05-02,200.35,pago
PAG-002904,CLI-0267,2026-04-03,2026-04-11,200.35,pago
PAG-002905,CLI-0267,2026-03-04,2026-03-05,200.35,pago
PAG-002906,CLI-0267,2026-02-02,2026-02-08,200.35,pago
PAG-002907,CLI-0267,2026-01-03,2026-01-11,200.35,pago
PAG-002908,CLI-0267,2025-12-04,2025-12-11,200.35,pago
PAG-002909,CLI-0267,2025-11-04,2025-11-15,200.35,pago
PAG-002910,CLI-0267,2025-10-05,2025-10-07,200.35,pago
PAG-002911,CLI-0267,2025-09-05,2025-09-05,200.35,pago
PAG-002912,CLI-0268,2026-08-01,2026-08-10,300.81,pago
PAG-002913,CLI-0268,2026-07-02,2026-06-29,300.81,pago
PAG-002914,CLI-0268,2026-06-02,2026-06-10,300.81,pago
PAG-002915,CLI-0268,2026-05-03,2026-05-18,300.81,pago
PAG-002916,CLI-0268,2026-04-03,2026-04-14,300.81,pago
PAG-002917,CLI-0268,2026-03-04,2026-03-16,300.81,pago
PAG-002918,CLI-0268,2026-02-02,2026-02-17,300.81,pago
PAG-002919,CLI-0268,2026-01-03,2026-01-10,300.81,pago
PAG-002920,CLI-0268,2025-12-04,2025-12-12,300.81,pago
PAG-002921,CLI-0268,2025-11-04,2025-11-05,300.81,pago
PAG-002922,CLI-0268,2025-10-05,2025-10-23,300.81,pago
PAG-002923,CLI-0269,2026-08-01,,222.35,pendente
PAG-002924,CLI-0269,2026-07-02,2026-07-12,222.35,pago
PAG-002925,CLI-0269,2026-06-02,2026-06-10,222.35,pago
PAG-002926,CLI-0269,2026-05-03,2026-05-06,222.35,pago
PAG-002927,CLI-0269,2026-04-03,2026-04-16,222.35,pago
PAG-002928,CLI-0269,2026-03-04,2026-03-01,222.35,pago
PAG-002929,CLI-0269,2026-02-02,2026-02-04,222.35,pago
PAG-002930,CLI-0269,2026-01-03,,222.35,pendente
PAG-002931,CLI-0269,2025-12-04,2025-12-10,222.35,pago
PAG-002932,CLI-0269,2025-11-04,2025-11-14,222.35,pago
PAG-002933,CLI-0269,2025-10-05,2025-10-10,222.35,pago
PAG-002934,CLI-0270,2026-08-01,2026-08-11,205.95,pago
PAG-002935,CLI-0270,2026-07-02,2026-07-09,205.95,pago
PAG-002936,CLI-0270,2026-06-02,2026-06-10,205.95,pago
PAG-002937,CLI-0270,2026-05-03,2026-05-17,205.95,pago
PAG-002938,CLI-0270,2026-04-03,2026-04-09,205.95,pago
PAG-002939,CLI-0270,2026-03-04,2026-03-15,205.95,pago
PAG-002940,CLI-0270,2026-02-02,2026-02-01,205.95,pago
PAG-002941,CLI-0270,2026-01-03,2026-01-10,205.95,pago
PAG-002942,CLI-0270,2025-12-04,2025-12-04,205.95,pago
PAG-002943,CLI-0270,2025-11-04,,205.95,pendente
PAG-002944,CLI-0270,2025-10-05,2025-10-05,205.95,pago
PAG-002945,CLI-0270,2025-09-05,2025-09-07,205.95,pago
PAG-002946,CLI-0271,2026-08-01,2026-08-13,161.26,pago
PAG-002947,CLI-0271,2026-07-02,2026-07-04,161.26,pago
PAG-002948,CLI-0271,2026-06-02,2026-06-20,161.26,pago
PAG-002949,CLI-0271,2026-05-03,2026-05-01,161.26,pago
PAG-002950,CLI-0271,2026-04-03,2026-04-16,161.26,pago
PAG-002951,CLI-0272,2026-08-01,2026-08-07,77.71,pago
PAG-002952,CLI-0272,2026-07-02,2026-07-07,77.71,pago
PAG-002953,CLI-0272,2026-06-02,2026-06-06,77.71,pago
PAG-002954,CLI-0272,2026-05-03,2026-05-20,77.71,pago
PAG-002955,CLI-0272,2026-04-03,2026-04-21,77.71,pago
PAG-002956,CLI-0272,2026-03-04,2026-03-06,77.71,pago
PAG-002957,CLI-0273,2026-08-01,2026-08-11,79.01,pago
PAG-002958,CLI-0273,2026-07-02,2026-07-03,79.01,pago
PAG-002959,CLI-0273,2026-06-02,2026-06-11,79.01,pago
PAG-002960,CLI-0273,2026-05-03,2026-05-20,79.01,pago
PAG-002961,CLI-0273,2026-04-03,2026-04-11,79.01,pago
PAG-002962,CLI-0274,2026-08-01,2026-08-04,82.98,pago
PAG-002963,CLI-0274,2026-07-02,2026-06-29,82.98,pago
PAG-002964,CLI-0274,2026-06-02,2026-06-19,82.98,pago
PAG-002965,CLI-0274,2026-05-03,2026-05-20,82.98,pago
PAG-002966,CLI-0274,2026-04-03,2026-04-19,82.98,pago
PAG-002967,CLI-0274,2026-03-04,2026-03-04,82.98,pago
PAG-002968,CLI-0274,2026-02-02,2026-02-15,82.98,pago
PAG-002969,CLI-0274,2026-01-03,2026-01-11,82.98,pago
PAG-002970,CLI-0274,2025-12-04,2025-12-05,82.98,pago
PAG-002971,CLI-0274,2025-11-04,2025-11-16,82.98,pago
PAG-002972,CLI-0274,2025-10-05,2025-10-16,82.98,pago
PAG-002973,CLI-0274,2025-09-05,2025-09-09,82.98,pago
PAG-002974,CLI-0275,2026-08-01,2026-08-06,115.04,pago
PAG-002975,CLI-0275,2026-07-02,2026-07-11,115.04,pago
PAG-002976,CLI-0275,2026-06-02,2026-06-07,115.04,pago
PAG-002977,CLI-0275,2026-05-03,2026-05-11,115.04,pago
PAG-002978,CLI-0275,2026-04-03,2026-04-01,115.04,pago
PAG-002979,CLI-0275,2026-03-04,2026-03-08,115.04,pago
PAG-002980,CLI-0275,2026-02-02,2026-02-09,115.04,pago
PAG-002981,CLI-0275,2026-01-03,2026-01-19,115.04,pago
PAG-002982,CLI-0275,2025-12-04,2025-12-05,115.04,pago
PAG-002983,CLI-0275,2025-11-04,2025-11-11,115.04,pago
PAG-002984,CLI-0275,2025-10-05,2025-10-12,115.04,pago
PAG-002985,CLI-0275,2025-09-05,2025-09-19,115.04,pago
PAG-002986,CLI-0276,2026-08-01,2026-08-07,107.61,pago
PAG-002987,CLI-0276,2026-07-02,,107.61,pendente
PAG-002988,CLI-0276,2026-06-02,2026-06-12,107.61,pago
PAG-002989,CLI-0276,2026-05-03,2026-05-14,107.61,pago
PAG-002990,CLI-0276,2026-04-03,2026-04-04,107.61,pago
PAG-002991,CLI-0276,2026-03-04,2026-03-13,107.61,pago
PAG-002992,CLI-0276,2026-02-02,2026-02-18,107.61,pago
PAG-002993,CLI-0276,2026-01-03,2026-01-10,107.61,pago
PAG-002994,CLI-0276,2025-12-04,2025-12-09,107.61,pago
PAG-002995,CLI-0276,2025-11-04,2025-11-07,107.61,pago
PAG-002996,CLI-0276,2025-10-05,2025-10-16,107.61,pago
PAG-002997,CLI-0276,2025-09-05,2025-09-20,107.61,pago
PAG-002998,CLI-0277,2026-08-01,2026-08-02,102.26,pago
PAG-002999,CLI-0277,2026-07-02,2026-07-15,102.26,pago
PAG-003000,CLI-0277,2026-06-02,2026-06-06,102.26,pago
PAG-003001,CLI-0277,2026-05-03,2026-05-11,102.26,pago
PAG-003002,CLI-0277,2026-04-03,2026-04-10,102.26,pago
PAG-003003,CLI-0277,2026-03-04,2026-03-11,102.26,pago
PAG-003004,CLI-0277,2026-02-02,2026-02-14,102.26,pago
PAG-003005,CLI-0277,2026-01-03,2026-01-01,102.26,pago
PAG-003006,CLI-0277,2025-12-04,2025-12-21,102.26,pago
PAG-003007,CLI-0277,2025-11-04,2025-11-05,102.26,pago
PAG-003008,CLI-0277,2025-10-05,2025-10-04,102.26,pago
PAG-003009,CLI-0277,2025-09-05,2025-09-16,102.26,pago
PAG-003010,CLI-0278,2026-08-01,2026-08-13,106.37,pago
PAG-003011,CLI-0278,2026-07-02,,106.37,pendente
PAG-003012,CLI-0278,2026-06-02,2026-06-12,106.37,pago
PAG-003013,CLI-0278,2026-05-03,2026-05-01,106.37,pago
PAG-003014,CLI-0278,2026-04-03,2026-04-01,106.37,pago
PAG-003015,CLI-0278,2026-03-04,2026-03-19,106.37,pago
PAG-003016,CLI-0278,2026-02-02,2026-02-10,106.37,pago
PAG-003017,CLI-0278,2026-01-03,2026-01-18,106.37,pago
PAG-003018,CLI-0279,2026-08-01,2026-08-04,144.29,pago
PAG-003019,CLI-0279,2026-07-02,2026-07-07,144.29,pago
PAG-003020,CLI-0279,2026-06-02,2026-06-19,144.29,pago
PAG-003021,CLI-0279,2026-05-03,2026-04-30,144.29,pago
PAG-003022,CLI-0279,2026-04-03,2026-04-20,144.29,pago
PAG-003023,CLI-0279,2026-03-04,2026-03-13,144.29,pago
PAG-003024,CLI-0279,2026-02-02,2026-02-02,144.29,pago
PAG-003025,CLI-0279,2026-01-03,,144.29,pendente
PAG-003026,CLI-0279,2025-12-04,2025-12-07,144.29,pago
PAG-003027,CLI-0279,2025-11-04,2025-11-19,144.29,pago
PAG-003028,CLI-0279,2025-10-05,2025-10-11,144.29,pago
PAG-003029,CLI-0279,2025-09-05,2025-09-23,144.29,pago
PAG-003030,CLI-0280,2026-08-01,2026-08-04,111.3,pago
PAG-003031,CLI-0280,2026-07-02,2026-07-10,111.3,pago
PAG-003032,CLI-0280,2026-06-02,2026-06-12,111.3,pago
PAG-003033,CLI-0280,2026-05-03,2026-05-09,111.3,pago
PAG-003034,CLI-0280,2026-04-03,2026-04-03,111.3,pago
PAG-003035,CLI-0280,2026-03-04,2026-03-09,111.3,pago
PAG-003036,CLI-0280,2026-02-02,2026-02-05,111.3,pago
PAG-003037,CLI-0280,2026-01-03,2026-01-20,111.3,pago
PAG-003038,CLI-0280,2025-12-04,2025-12-22,111.3,pago
PAG-003039,CLI-0280,2025-11-04,2025-11-16,111.3,pago
PAG-003040,CLI-0280,2025-10-05,2025-10-05,111.3,pago
PAG-003041,CLI-0280,2025-09-05,2025-09-09,111.3,pago
PAG-003042,CLI-0281,2026-08-01,2026-08-05,194.71,pago
PAG-003043,CLI-0281,2026-07-02,2026-06-30,194.71,pago
PAG-003044,CLI-0281,2026-06-02,2026-06-01,194.71,pago
PAG-003045,CLI-0281,2026-05-03,2026-05-14,194.71,pago
PAG-003046,CLI-0281,2026-04-03,2026-04-17,194.71,pago
PAG-003047,CLI-0281,2026-03-04,2026-03-22,194.71,pago
PAG-003048,CLI-0281,2026-02-02,2026-02-16,194.71,pago
PAG-003049,CLI-0281,2026-01-03,2026-01-10,194.71,pago
PAG-003050,CLI-0281,2025-12-04,2025-12-12,194.71,pago
PAG-003051,CLI-0281,2025-11-04,2025-11-19,194.71,pago
PAG-003052,CLI-0281,2025-10-05,2025-10-16,194.71,pago
PAG-003053,CLI-0281,2025-09-05,2025-09-11,194.71,pago
PAG-003054,CLI-0282,2026-08-01,2026-08-12,109.03,pago
PAG-003055,CLI-0282,2026-07-02,2026-07-16,109.03,pago
PAG-003056,CLI-0282,2026-06-02,2026-06-04,109.03,pago
PAG-003057,CLI-0282,2026-05-03,2026-05-10,109.03,pago
PAG-003058,CLI-0282,2026-04-03,2026-04-20,109.03,pago
PAG-003059,CLI-0282,2026-03-04,2026-03-11,109.03,pago
PAG-003060,CLI-0282,2026-02-02,2026-02-04,109.03,pago
PAG-003061,CLI-0282,2026-01-03,2026-01-18,109.03,pago
PAG-003062,CLI-0282,2025-12-04,2025-12-07,109.03,pago
PAG-003063,CLI-0282,2025-11-04,2025-11-13,109.03,pago
PAG-003064,CLI-0282,2025-10-05,2025-10-15,109.03,pago
PAG-003065,CLI-0282,2025-09-05,2025-09-18,109.03,pago
PAG-003066,CLI-0283,2026-08-01,2026-08-05,310.42,pago
PAG-003067,CLI-0283,2026-07-02,2026-07-12,310.42,pago
PAG-003068,CLI-0283,2026-06-02,2026-06-02,310.42,pago
PAG-003069,CLI-0284,2026-08-01,,119.45,pendente
PAG-003070,CLI-0284,2026-07-02,,119.45,pendente
PAG-003071,CLI-0284,2026-06-02,,119.45,pendente
PAG-003072,CLI-0284,2026-05-03,2026-05-02,119.45,pago
PAG-003073,CLI-0284,2026-04-03,,119.45,pendente
PAG-003074,CLI-0284,2026-03-04,2026-03-04,119.45,pago
PAG-003075,CLI-0284,2026-02-02,2026-02-10,119.45,pago
PAG-003076,CLI-0284,2026-01-03,2025-12-31,119.45,pago
PAG-003077,CLI-0284,2025-12-04,2025-12-10,119.45,pago
PAG-003078,CLI-0284,2025-11-04,2025-11-12,119.45,pago
PAG-003079,CLI-0284,2025-10-05,,119.45,pendente
PAG-003080,CLI-0284,2025-09-05,2025-09-20,119.45,pago
PAG-003081,CLI-0285,2026-08-01,2026-08-01,211.06,pago
PAG-003082,CLI-0285,2026-07-02,2026-07-17,211.06,pago
PAG-003083,CLI-0285,2026-06-02,2026-06-10,211.06,pago
PAG-003084,CLI-0285,2026-05-03,2026-05-21,211.06,pago
PAG-003085,CLI-0285,2026-04-03,2026-03-31,211.06,pago
PAG-003086,CLI-0285,2026-03-04,2026-03-16,211.06,pago
PAG-003087,CLI-0285,2026-02-02,2026-02-01,211.06,pago
PAG-003088,CLI-0285,2026-01-03,2026-01-17,211.06,pago
PAG-003089,CLI-0285,2025-12-04,2025-12-08,211.06,pago
PAG-003090,CLI-0285,2025-11-04,2025-11-21,211.06,pago
PAG-003091,CLI-0285,2025-10-05,2025-10-16,211.06,pago
PAG-003092,CLI-0285,2025-09-05,2025-09-12,211.06,pago
PAG-003093,CLI-0286,2026-08-01,2026-07-29,108.2,pago
PAG-003094,CLI-0286,2026-07-02,2026-07-13,108.2,pago
PAG-003095,CLI-0286,2026-06-02,2026-06-04,108.2,pago
PAG-003096,CLI-0286,2026-05-03,2026-05-18,108.2,pago
PAG-003097,CLI-0286,2026-04-03,2026-04-17,108.2,pago
PAG-003098,CLI-0286,2026-03-04,2026-03-02,108.2,pago
PAG-003099,CLI-0286,2026-02-02,2026-02-02,108.2,pago
PAG-003100,CLI-0286,2026-01-03,2026-01-15,108.2,pago
PAG-003101,CLI-0286,2025-12-04,2025-12-15,108.2,pago
PAG-003102,CLI-0286,2025-11-04,2025-11-06,108.2,pago
PAG-003103,CLI-0286,2025-10-05,,108.2,pendente
PAG-003104,CLI-0286,2025-09-05,2025-09-15,108.2,pago
PAG-003105,CLI-0287,2026-08-01,,76.69,pendente
PAG-003106,CLI-0287,2026-07-02,2026-07-20,76.69,pago
PAG-003107,CLI-0287,2026-06-02,2026-06-11,76.69,pago
PAG-003108,CLI-0287,2026-05-03,2026-05-07,76.69,pago
PAG-003109,CLI-0287,2026-04-03,2026-04-04,76.69,pago
PAG-003110,CLI-0287,2026-03-04,2026-03-06,76.69,pago
PAG-003111,CLI-0287,2026-02-02,,76.69,pendente
PAG-003112,CLI-0287,2026-01-03,2026-01-06,76.69,pago
PAG-003113,CLI-0287,2025-12-04,2025-12-18,76.69,pago
PAG-003114,CLI-0287,2025-11-04,2025-11-09,76.69,pago
PAG-003115,CLI-0287,2025-10-05,2025-10-23,76.69,pago
PAG-003116,CLI-0287,2025-09-05,2025-09-15,76.69,pago
PAG-003117,CLI-0288,2026-08-01,2026-08-16,76.74,pago
PAG-003118,CLI-0288,2026-07-02,2026-07-08,76.74,pago
PAG-003119,CLI-0288,2026-06-02,2026-06-03,76.74,pago
PAG-003120,CLI-0288,2026-05-03,2026-05-07,76.74,pago
PAG-003121,CLI-0288,2026-04-03,2026-04-06,76.74,pago
PAG-003122,CLI-0288,2026-03-04,2026-03-16,76.74,pago
PAG-003123,CLI-0288,2026-02-02,2026-02-05,76.74,pago
PAG-003124,CLI-0288,2026-01-03,2026-01-12,76.74,pago
PAG-003125,CLI-0288,2025-12-04,2025-12-21,76.74,pago
PAG-003126,CLI-0288,2025-11-04,2025-11-03,76.74,pago
PAG-003127,CLI-0288,2025-10-05,2025-10-06,76.74,pago
PAG-003128,CLI-0288,2025-09-05,2025-09-06,76.74,pago
PAG-003129,CLI-0289,2026-08-01,,82.56,pendente
PAG-003130,CLI-0289,2026-07-02,2026-07-15,82.56,pago
PAG-003131,CLI-0289,2026-06-02,2026-06-19,82.56,pago
PAG-003132,CLI-0289,2026-05-03,2026-05-20,82.56,pago
PAG-003133,CLI-0289,2026-04-03,2026-04-19,82.56,pago
PAG-003134,CLI-0289,2026-03-04,2026-03-16,82.56,pago
PAG-003135,CLI-0289,2026-02-02,2026-02-12,82.56,pago
PAG-003136,CLI-0289,2026-01-03,2026-01-13,82.56,pago
PAG-003137,CLI-0289,2025-12-04,,82.56,pendente
PAG-003138,CLI-0289,2025-11-04,,82.56,pendente
PAG-003139,CLI-0289,2025-10-05,2025-10-06,82.56,pago
PAG-003140,CLI-0289,2025-09-05,2025-09-03,82.56,pago
PAG-003141,CLI-0290,2026-08-01,,151.83,pendente
PAG-003142,CLI-0290,2026-07-02,2026-07-09,151.83,pago
PAG-003143,CLI-0290,2026-06-02,2026-06-18,151.83,pago
PAG-003144,CLI-0290,2026-05-03,2026-05-08,151.83,pago
PAG-003145,CLI-0290,2026-04-03,2026-04-08,151.83,pago
PAG-003146,CLI-0290,2026-03-04,2026-03-20,151.83,pago
PAG-003147,CLI-0290,2026-02-02,2026-02-09,151.83,pago
PAG-003148,CLI-0290,2026-01-03,2026-01-10,151.83,pago
PAG-003149,CLI-0290,2025-12-04,2025-12-19,151.83,pago
PAG-003150,CLI-0290,2025-11-04,2025-11-10,151.83,pago
PAG-003151,CLI-0290,2025-10-05,2025-10-12,151.83,pago
PAG-003152,CLI-0290,2025-09-05,2025-09-15,151.83,pago
PAG-003153,CLI-0291,2026-08-01,2026-08-18,157.99,pago
PAG-003154,CLI-0291,2026-07-02,2026-07-04,157.99,pago
PAG-003155,CLI-0291,2026-06-02,2026-06-14,157.99,pago
PAG-003156,CLI-0291,2026-05-03,2026-05-12,157.99,pago
PAG-003157,CLI-0291,2026-04-03,2026-04-08,157.99,pago
PAG-003158,CLI-0291,2026-03-04,2026-03-15,157.99,pago
PAG-003159,CLI-0291,2026-02-02,2026-02-03,157.99,pago
PAG-003160,CLI-0291,2026-01-03,2026-01-02,157.99,pago
PAG-003161,CLI-0291,2025-12-04,2025-12-13,157.99,pago
PAG-003162,CLI-0291,2025-11-04,2025-11-13,157.99,pago
PAG-003163,CLI-0291,2025-10-05,,157.99,pendente
PAG-003164,CLI-0291,2025-09-05,2025-09-10,157.99,pago
PAG-003165,CLI-0292,2026-08-01,2026-08-10,204.34,pago
PAG-003166,CLI-0292,2026-07-02,2026-07-18,204.34,pago
PAG-003167,CLI-0292,2026-06-02,,204.34,pendente
PAG-003168,CLI-0292,2026-05-03,2026-05-18,204.34,pago
PAG-003169,CLI-0292,2026-04-03,2026-04-08,204.34,pago
PAG-003170,CLI-0292,2026-03-04,2026-03-04,204.34,pago
PAG-003171,CLI-0292,2026-02-02,2026-02-12,204.34,pago
PAG-003172,CLI-0292,2026-01-03,2026-01-14,204.34,pago
PAG-003173,CLI-0292,2025-12-04,2025-12-06,204.34,pago
PAG-003174,CLI-0292,2025-11-04,2025-11-09,204.34,pago
PAG-003175,CLI-0292,2025-10-05,2025-10-09,204.34,pago
PAG-003176,CLI-0292,2025-09-05,2025-09-15,204.34,pago
PAG-003177,CLI-0293,2026-08-01,2026-08-09,288.71,pago
PAG-003178,CLI-0293,2026-07-02,2026-07-01,288.71,pago
PAG-003179,CLI-0293,2026-06-02,2026-06-20,288.71,pago
PAG-003180,CLI-0293,2026-05-03,2026-05-12,288.71,pago
PAG-003181,CLI-0293,2026-04-03,2026-04-10,288.71,pago
PAG-003182,CLI-0293,2026-03-04,2026-03-09,288.71,pago
PAG-003183,CLI-0293,2026-02-02,2026-02-08,288.71,pago
PAG-003184,CLI-0293,2026-01-03,2026-01-12,288.71,pago
PAG-003185,CLI-0293,2025-12-04,2025-12-16,288.71,pago
PAG-003186,CLI-0293,2025-11-04,2025-11-22,288.71,pago
PAG-003187,CLI-0293,2025-10-05,2025-10-09,288.71,pago
PAG-003188,CLI-0293,2025-09-05,2025-09-04,288.71,pago
PAG-003189,CLI-0294,2026-08-01,2026-08-09,206.76,pago
PAG-003190,CLI-0294,2026-07-02,2026-07-06,206.76,pago
PAG-003191,CLI-0294,2026-06-02,2026-06-04,206.76,pago
PAG-003192,CLI-0294,2026-05-03,2026-05-17,206.76,pago
PAG-003193,CLI-0294,2026-04-03,2026-04-02,206.76,pago
PAG-003194,CLI-0294,2026-03-04,2026-03-09,206.76,pago
PAG-003195,CLI-0294,2026-02-02,2026-02-08,206.76,pago
PAG-003196,CLI-0294,2026-01-03,2026-01-13,206.76,pago
PAG-003197,CLI-0294,2025-12-04,2025-12-06,206.76,pago
PAG-003198,CLI-0294,2025-11-04,2025-11-10,206.76,pago
PAG-003199,CLI-0294,2025-10-05,2025-10-04,206.76,pago
PAG-003200,CLI-0294,2025-09-05,2025-09-04,206.76,pago
PAG-003201,CLI-0295,2026-08-01,2026-08-10,293.2,pago
PAG-003202,CLI-0295,2026-07-02,2026-06-30,293.2,pago
PAG-003203,CLI-0295,2026-06-02,2026-06-03,293.2,pago
PAG-003204,CLI-0295,2026-05-03,2026-05-19,293.2,pago
PAG-003205,CLI-0296,2026-08-01,2026-08-11,145.28,pago
PAG-003206,CLI-0296,2026-07-02,2026-07-14,145.28,pago
PAG-003207,CLI-0296,2026-06-02,2026-05-31,145.28,pago
PAG-003208,CLI-0296,2026-05-03,2026-05-19,145.28,pago
PAG-003209,CLI-0296,2026-04-03,2026-04-09,145.28,pago
PAG-003210,CLI-0296,2026-03-04,2026-03-14,145.28,pago
PAG-003211,CLI-0296,2026-02-02,2026-02-08,145.28,pago
PAG-003212,CLI-0296,2026-01-03,2026-01-10,145.28,pago
PAG-003213,CLI-0296,2025-12-04,2025-12-01,145.28,pago
PAG-003214,CLI-0296,2025-11-04,2025-11-21,145.28,pago
PAG-003215,CLI-0296,2025-10-05,2025-10-16,145.28,pago
PAG-003216,CLI-0296,2025-09-05,2025-09-06,145.28,pago
PAG-003217,CLI-0297,2026-08-01,2026-08-11,138.4,pago
PAG-003218,CLI-0297,2026-07-02,2026-07-06,138.4,pago
PAG-003219,CLI-0297,2026-06-02,2026-06-19,138.4,pago
PAG-003220,CLI-0297,2026-05-03,2026-05-09,138.4,pago
PAG-003221,CLI-0297,2026-04-03,2026-04-11,138.4,pago
PAG-003222,CLI-0297,2026-03-04,2026-03-13,138.4,pago
PAG-003223,CLI-0297,2026-02-02,2026-02-12,138.4,pago
PAG-003224,CLI-0297,2026-01-03,2026-01-09,138.4,pago
PAG-003225,CLI-0297,2025-12-04,2025-12-17,138.4,pago
PAG-003226,CLI-0297,2025-11-04,2025-11-02,138.4,pago
PAG-003227,CLI-0297,2025-10-05,2025-10-17,138.4,pago
PAG-003228,CLI-0297,2025-09-05,2025-09-12,138.4,pago
PAG-003229,CLI-0298,2026-08-01,2026-08-09,101.35,pago
PAG-003230,CLI-0298,2026-07-02,,101.35,pendente
PAG-003231,CLI-0298,2026-06-02,2026-06-18,101.35,pago
PAG-003232,CLI-0298,2026-05-03,2026-05-19,101.35,pago
PAG-003233,CLI-0298,2026-04-03,2026-04-11,101.35,pago
PAG-003234,CLI-0298,2026-03-04,2026-03-17,101.35,pago
PAG-003235,CLI-0298,2026-02-02,2026-02-13,101.35,pago
PAG-003236,CLI-0298,2026-01-03,2026-01-13,101.35,pago
PAG-003237,CLI-0298,2025-12-04,2025-12-02,101.35,pago
PAG-003238,CLI-0298,2025-11-04,2025-11-18,101.35,pago
PAG-003239,CLI-0298,2025-10-05,2025-10-20,101.35,pago
PAG-003240,CLI-0298,2025-09-05,2025-09-06,101.35,pago
PAG-003241,CLI-0299,2026-08-01,2026-07-31,189.66,pago
PAG-003242,CLI-0299,2026-07-02,2026-07-04,189.66,pago
PAG-003243,CLI-0299,2026-06-02,2026-06-14,189.66,pago
PAG-003244,CLI-0299,2026-05-03,2026-05-21,189.66,pago
PAG-003245,CLI-0299,2026-04-03,2026-04-10,189.66,pago
PAG-003246,CLI-0299,2026-03-04,2026-03-12,189.66,pago
PAG-003247,CLI-0299,2026-02-02,2026-02-07,189.66,pago
PAG-003248,CLI-0299,2026-01-03,2026-01-17,189.66,pago
PAG-003249,CLI-0299,2025-12-04,2025-12-11,189.66,pago
PAG-003250,CLI-0299,2025-11-04,2025-11-11,189.66,pago
PAG-003251,CLI-0299,2025-10-05,2025-10-23,189.66,pago
PAG-003252,CLI-0299,2025-09-05,2025-09-20,189.66,pago
PAG-003253,CLI-0300,2026-08-01,2026-08-01,289.48,pago
PAG-003254,CLI-0300,2026-07-02,2026-07-15,289.48,pago
PAG-003255,CLI-0300,2026-06-02,2026-06-11,289.48,pago
PAG-003256,CLI-0300,2026-05-03,2026-05-10,289.48,pago
PAG-003257,CLI-0300,2026-04-03,2026-04-07,289.48,pago
PAG-003258,CLI-0300,2026-03-04,2026-03-16,289.48,pago
PAG-003259,CLI-0300,2026-02-02,2026-02-20,289.48,pago
PAG-003260,CLI-0300,2026-01-03,2026-01-10,289.48,pago
PAG-003261,CLI-0300,2025-12-04,2025-12-02,289.48,pago
PAG-003262,CLI-0300,2025-11-04,2025-11-14,289.48,pago
PAG-003263,CLI-0300,2025-10-05,2025-10-17,289.48,pago
PAG-003264,CLI-0300,2025-09-05,2025-09-12,289.48,pago
PAG-003265,CLI-0301,2026-08-01,2026-07-31,152.49,pago
PAG-003266,CLI-0301,2026-07-02,2026-07-19,152.49,pago
PAG-003267,CLI-0301,2026-06-02,2026-05-31,152.49,pago
PAG-003268,CLI-0301,2026-05-03,,152.49,pendente
PAG-003269,CLI-0301,2026-04-03,2026-04-04,152.49,pago
PAG-003270,CLI-0301,2026-03-04,2026-03-12,152.49,pago
PAG-003271,CLI-0301,2026-02-02,2026-02-10,152.49,pago
PAG-003272,CLI-0301,2026-01-03,2026-01-02,152.49,pago
PAG-003273,CLI-0301,2025-12-04,2025-12-10,152.49,pago
PAG-003274,CLI-0302,2026-08-01,2026-08-06,167.53,pago
PAG-003275,CLI-0302,2026-07-02,2026-07-15,167.53,pago
PAG-003276,CLI-0302,2026-06-02,2026-06-18,167.53,pago
PAG-003277,CLI-0302,2026-05-03,2026-05-09,167.53,pago
PAG-003278,CLI-0302,2026-04-03,,167.53,pendente
PAG-003279,CLI-0302,2026-03-04,2026-03-22,167.53,pago
PAG-003280,CLI-0302,2026-02-02,2026-02-14,167.53,pago
PAG-003281,CLI-0303,2026-08-01,2026-08-13,195.65,pago
PAG-003282,CLI-0303,2026-07-02,2026-07-10,195.65,pago
PAG-003283,CLI-0303,2026-06-02,2026-06-05,195.65,pago
PAG-003284,CLI-0303,2026-05-03,2026-05-01,195.65,pago
PAG-003285,CLI-0303,2026-04-03,,195.65,pendente
PAG-003286,CLI-0303,2026-03-04,2026-03-09,195.65,pago
PAG-003287,CLI-0303,2026-02-02,2026-02-14,195.65,pago
PAG-003288,CLI-0303,2026-01-03,2026-01-12,195.65,pago
PAG-003289,CLI-0303,2025-12-04,2025-12-11,195.65,pago
PAG-003290,CLI-0303,2025-11-04,2025-11-11,195.65,pago
PAG-003291,CLI-0303,2025-10-05,2025-10-15,195.65,pago
PAG-003292,CLI-0303,2025-09-05,2025-09-20,195.65,pago
PAG-003293,CLI-0304,2026-08-01,2026-08-14,110.25,pago
PAG-003294,CLI-0305,2026-08-01,2026-08-04,116.06,pago
PAG-003295,CLI-0305,2026-07-02,2026-06-30,116.06,pago
PAG-003296,CLI-0305,2026-06-02,2026-06-17,116.06,pago
PAG-003297,CLI-0305,2026-05-03,2026-05-17,116.06,pago
PAG-003298,CLI-0305,2026-04-03,2026-04-14,116.06,pago
PAG-003299,CLI-0305,2026-03-04,2026-03-11,116.06,pago
PAG-003300,CLI-0305,2026-02-02,,116.06,pendente
PAG-003301,CLI-0305,2026-01-03,2026-01-02,116.06,pago
PAG-003302,CLI-0305,2025-12-04,2025-12-14,116.06,pago
PAG-003303,CLI-0305,2025-11-04,2025-11-20,116.06,pago
PAG-003304,CLI-0305,2025-10-05,2025-10-12,116.06,pago
PAG-003305,CLI-0305,2025-09-05,2025-09-09,116.06,pago
PAG-003306,CLI-0306,2026-08-01,2026-08-11,216.56,pago
PAG-003307,CLI-0306,2026-07-02,,216.56,pendente
PAG-003308,CLI-0306,2026-06-02,2026-06-19,216.56,pago
PAG-003309,CLI-0306,2026-05-03,2026-05-19,216.56,pago
PAG-003310,CLI-0306,2026-04-03,2026-04-15,216.56,pago
PAG-003311,CLI-0306,2026-03-04,2026-03-07,216.56,pago
PAG-003312,CLI-0306,2026-02-02,2026-02-16,216.56,pago
PAG-003313,CLI-0306,2026-01-03,2026-01-03,216.56,pago
PAG-003314,CLI-0306,2025-12-04,2025-12-13,216.56,pago
PAG-003315,CLI-0306,2025-11-04,2025-11-11,216.56,pago
PAG-003316,CLI-0306,2025-10-05,2025-10-22,216.56,pago
PAG-003317,CLI-0306,2025-09-05,2025-09-23,216.56,pago
PAG-003318,CLI-0307,2026-08-01,2026-08-15,221.75,pago
PAG-003319,CLI-0307,2026-07-02,2026-07-19,221.75,pago
PAG-003320,CLI-0307,2026-06-02,,221.75,pendente
PAG-003321,CLI-0307,2026-05-03,2026-05-03,221.75,pago
PAG-003322,CLI-0307,2026-04-03,2026-03-31,221.75,pago
PAG-003323,CLI-0307,2026-03-04,2026-03-03,221.75,pago
PAG-003324,CLI-0308,2026-08-01,2026-07-31,148.03,pago
PAG-003325,CLI-0308,2026-07-02,2026-07-11,148.03,pago
PAG-003326,CLI-0308,2026-06-02,2026-06-16,148.03,pago
PAG-003327,CLI-0308,2026-05-03,2026-04-30,148.03,pago
PAG-003328,CLI-0308,2026-04-03,2026-04-19,148.03,pago
PAG-003329,CLI-0308,2026-03-04,2026-03-03,148.03,pago
PAG-003330,CLI-0308,2026-02-02,2026-02-04,148.03,pago
PAG-003331,CLI-0308,2026-01-03,2026-01-05,148.03,pago
PAG-003332,CLI-0308,2025-12-04,2025-12-18,148.03,pago
PAG-003333,CLI-0308,2025-11-04,2025-11-21,148.03,pago
PAG-003334,CLI-0308,2025-10-05,2025-10-12,148.03,pago
PAG-003335,CLI-0308,2025-09-05,2025-09-15,148.03,pago
PAG-003336,CLI-0309,2026-08-01,2026-08-11,76.19,pago
PAG-003337,CLI-0309,2026-07-02,2026-07-02,76.19,pago
PAG-003338,CLI-0309,2026-06-02,,76.19,pendente
PAG-003339,CLI-0309,2026-05-03,2026-05-04,76.19,pago
PAG-003340,CLI-0309,2026-04-03,2026-04-12,76.19,pago
PAG-003341,CLI-0309,2026-03-04,2026-03-09,76.19,pago
PAG-003342,CLI-0309,2026-02-02,2026-02-12,76.19,pago
PAG-003343,CLI-0309,2026-01-03,2026-01-16,76.19,pago
PAG-003344,CLI-0309,2025-12-04,2025-12-16,76.19,pago
PAG-003345,CLI-0309,2025-11-04,2025-11-10,76.19,pago
PAG-003346,CLI-0309,2025-10-05,2025-10-02,76.19,pago
PAG-003347,CLI-0309,2025-09-05,2025-09-12,76.19,pago
PAG-003348,CLI-0310,2026-08-01,2026-07-30,121.58,pago
PAG-003349,CLI-0310,2026-07-02,2026-07-16,121.58,pago
PAG-003350,CLI-0310,2026-06-02,2026-06-01,121.58,pago
PAG-003351,CLI-0310,2026-05-03,2026-05-17,121.58,pago
PAG-003352,CLI-0310,2026-04-03,2026-04-17,121.58,pago
PAG-003353,CLI-0310,2026-03-04,2026-03-18,121.58,pago
PAG-003354,CLI-0310,2026-02-02,2026-02-02,121.58,pago
PAG-003355,CLI-0310,2026-01-03,2026-01-01,121.58,pago
PAG-003356,CLI-0310,2025-12-04,2025-12-14,121.58,pago
PAG-003357,CLI-0310,2025-11-04,2025-11-11,121.58,pago
PAG-003358,CLI-0310,2025-10-05,2025-10-03,121.58,pago
PAG-003359,CLI-0310,2025-09-05,2025-09-05,121.58,pago
PAG-003360,CLI-0311,2026-08-01,2026-08-01,278.46,pago
PAG-003361,CLI-0312,2026-08-01,2026-07-30,183.97,pago
PAG-003362,CLI-0312,2026-07-02,2026-07-06,183.97,pago
PAG-003363,CLI-0312,2026-06-02,2026-06-01,183.97,pago
PAG-003364,CLI-0312,2026-05-03,2026-05-04,183.97,pago
PAG-003365,CLI-0312,2026-04-03,2026-04-08,183.97,pago
PAG-003366,CLI-0312,2026-03-04,2026-03-19,183.97,pago
PAG-003367,CLI-0312,2026-02-02,,183.97,pendente
PAG-003368,CLI-0312,2026-01-03,2026-01-03,183.97,pago
PAG-003369,CLI-0312,2025-12-04,2025-12-01,183.97,pago
PAG-003370,CLI-0312,2025-11-04,2025-11-11,183.97,pago
PAG-003371,CLI-0312,2025-10-05,2025-10-06,183.97,pago
PAG-003372,CLI-0312,2025-09-05,2025-09-22,183.97,pago
PAG-003373,CLI-0313,2026-08-01,2026-08-13,79.56,pago
PAG-003374,CLI-0313,2026-07-02,2026-07-15,79.56,pago
PAG-003375,CLI-0313,2026-06-02,2026-06-13,79.56,pago
PAG-003376,CLI-0313,2026-05-03,2026-05-20,79.56,pago
PAG-003377,CLI-0313,2026-04-03,2026-04-06,79.56,pago
PAG-003378,CLI-0313,2026-03-04,2026-03-09,79.56,pago
PAG-003379,CLI-0313,2026-02-02,2026-02-11,79.56,pago
PAG-003380,CLI-0313,2026-01-03,2026-01-15,79.56,pago
PAG-003381,CLI-0313,2025-12-04,2025-12-05,79.56,pago
PAG-003382,CLI-0313,2025-11-04,,79.56,pendente
PAG-003383,CLI-0313,2025-10-05,2025-10-17,79.56,pago
PAG-003384,CLI-0313,2025-09-05,2025-09-19,79.56,pago
PAG-003385,CLI-0314,2026-08-01,2026-08-15,291.96,pago
PAG-003386,CLI-0314,2026-07-02,2026-07-09,291.96,pago
PAG-003387,CLI-0314,2026-06-02,,291.96,pendente
PAG-003388,CLI-0314,2026-05-03,2026-05-03,291.96,pago
PAG-003389,CLI-0314,2026-04-03,2026-04-13,291.96,pago
PAG-003390,CLI-0314,2026-03-04,2026-03-09,291.96,pago
PAG-003391,CLI-0314,2026-02-02,2026-02-19,291.96,pago
PAG-003392,CLI-0314,2026-01-03,2026-01-19,291.96,pago
PAG-003393,CLI-0314,2025-12-04,2025-12-12,291.96,pago
PAG-003394,CLI-0314,2025-11-04,2025-11-16,291.96,pago
PAG-003395,CLI-0314,2025-10-05,2025-10-09,291.96,pago
PAG-003396,CLI-0314,2025-09-05,2025-09-12,291.96,pago
PAG-003397,CLI-0315,2026-08-01,2026-08-05,152.69,pago
PAG-003398,CLI-0315,2026-07-02,2026-07-01,152.69,pago
PAG-003399,CLI-0315,2026-06-02,2026-06-18,152.69,pago
PAG-003400,CLI-0315,2026-05-03,2026-05-20,152.69,pago
PAG-003401,CLI-0315,2026-04-03,2026-04-07,152.69,pago
PAG-003402,CLI-0315,2026-03-04,,152.69,pendente
PAG-003403,CLI-0315,2026-02-02,2026-02-16,152.69,pago
PAG-003404,CLI-0315,2026-01-03,2025-12-31,152.69,pago
PAG-003405,CLI-0315,2025-12-04,2025-12-16,152.69,pago
PAG-003406,CLI-0315,2025-11-04,2025-11-07,152.69,pago
PAG-003407,CLI-0315,2025-10-05,2025-10-12,152.69,pago
PAG-003408,CLI-0315,2025-09-05,2025-09-18,152.69,pago
PAG-003409,CLI-0316,2026-08-01,2026-08-05,275.91,pago
PAG-003410,CLI-0316,2026-07-02,2026-07-04,275.91,pago
PAG-003411,CLI-0316,2026-06-02,2026-06-05,275.91,pago
PAG-003412,CLI-0316,2026-05-03,2026-05-09,275.91,pago
PAG-003413,CLI-0316,2026-04-03,2026-04-21,275.91,pago
PAG-003414,CLI-0316,2026-03-04,2026-03-20,275.91,pago
PAG-003415,CLI-0316,2026-02-02,2026-02-02,275.91,pago
PAG-003416,CLI-0316,2026-01-03,2026-01-06,275.91,pago
PAG-003417,CLI-0316,2025-12-04,2025-12-10,275.91,pago
PAG-003418,CLI-0316,2025-11-04,2025-11-14,275.91,pago
PAG-003419,CLI-0316,2025-10-05,2025-10-04,275.91,pago
PAG-003420,CLI-0316,2025-09-05,2025-09-07,275.91,pago
PAG-003421,CLI-0317,2026-08-01,2026-08-17,198.88,pago
PAG-003422,CLI-0317,2026-07-02,2026-07-13,198.88,pago
PAG-003423,CLI-0317,2026-06-02,2026-06-07,198.88,pago
PAG-003424,CLI-0317,2026-05-03,2026-04-30,198.88,pago
PAG-003425,CLI-0317,2026-04-03,,198.88,pendente
PAG-003426,CLI-0317,2026-03-04,2026-03-18,198.88,pago
PAG-003427,CLI-0317,2026-02-02,2026-02-01,198.88,pago
PAG-003428,CLI-0317,2026-01-03,2026-01-03,198.88,pago
PAG-003429,CLI-0317,2025-12-04,2025-12-05,198.88,pago
PAG-003430,CLI-0317,2025-11-04,2025-11-08,198.88,pago
PAG-003431,CLI-0317,2025-10-05,2025-10-19,198.88,pago
PAG-003432,CLI-0317,2025-09-05,2025-09-05,198.88,pago
PAG-003433,CLI-0318,2026-08-01,2026-08-17,279.08,pago
PAG-003434,CLI-0318,2026-07-02,2026-07-01,279.08,pago
PAG-003435,CLI-0318,2026-06-02,2026-06-16,279.08,pago
PAG-003436,CLI-0318,2026-05-03,2026-05-16,279.08,pago
PAG-003437,CLI-0318,2026-04-03,2026-04-08,279.08,pago
PAG-003438,CLI-0318,2026-03-04,2026-03-18,279.08,pago
PAG-003439,CLI-0318,2026-02-02,2026-02-04,279.08,pago
PAG-003440,CLI-0318,2026-01-03,2026-01-15,279.08,pago
PAG-003441,CLI-0318,2025-12-04,2025-12-07,279.08,pago
PAG-003442,CLI-0318,2025-11-04,2025-11-08,279.08,pago
PAG-003443,CLI-0318,2025-10-05,2025-10-04,279.08,pago
PAG-003444,CLI-0318,2025-09-05,2025-09-21,279.08,pago
PAG-003445,CLI-0319,2026-08-01,2026-08-19,213.4,pago
PAG-003446,CLI-0319,2026-07-02,2026-07-14,213.4,pago
PAG-003447,CLI-0319,2026-06-02,2026-06-15,213.4,pago
PAG-003448,CLI-0319,2026-05-03,2026-05-02,213.4,pago
PAG-003449,CLI-0319,2026-04-03,2026-04-09,213.4,pago
PAG-003450,CLI-0320,2026-08-01,2026-08-06,298.67,pago
PAG-003451,CLI-0320,2026-07-02,2026-07-09,298.67,pago
PAG-003452,CLI-0320,2026-06-02,2026-05-31,298.67,pago
PAG-003453,CLI-0320,2026-05-03,2026-05-05,298.67,pago
PAG-003454,CLI-0320,2026-04-03,2026-04-12,298.67,pago
PAG-003455,CLI-0320,2026-03-04,2026-03-18,298.67,pago
PAG-003456,CLI-0320,2026-02-02,2026-02-19,298.67,pago
PAG-003457,CLI-0320,2026-01-03,2026-01-13,298.67,pago
PAG-003458,CLI-0320,2025-12-04,2025-12-14,298.67,pago
PAG-003459,CLI-0320,2025-11-04,2025-11-20,298.67,pago
PAG-003460,CLI-0320,2025-10-05,2025-10-21,298.67,pago
PAG-003461,CLI-0320,2025-09-05,2025-09-02,298.67,pago
PAG-003462,CLI-0321,2026-08-01,,283.45,pendente
PAG-003463,CLI-0321,2026-07-02,2026-07-03,283.45,pago
PAG-003464,CLI-0321,2026-06-02,2026-06-03,283.45,pago
PAG-003465,CLI-0321,2026-05-03,2026-05-19,283.45,pago
PAG-003466,CLI-0321,2026-04-03,2026-04-05,283.45,pago
PAG-003467,CLI-0321,2026-03-04,2026-03-21,283.45,pago
PAG-003468,CLI-0321,2026-02-02,2026-02-08,283.45,pago
PAG-003469,CLI-0321,2026-01-03,2026-01-05,283.45,pago
PAG-003470,CLI-0321,2025-12-04,,283.45,pendente
PAG-003471,CLI-0321,2025-11-04,2025-11-05,283.45,pago
PAG-003472,CLI-0321,2025-10-05,2025-10-18,283.45,pago
PAG-003473,CLI-0321,2025-09-05,2025-09-05,283.45,pago
PAG-003474,CLI-0322,2026-08-01,2026-08-04,164.09,pago
PAG-003475,CLI-0322,2026-07-02,2026-07-05,164.09,pago
PAG-003476,CLI-0322,2026-06-02,2026-06-10,164.09,pago
PAG-003477,CLI-0322,2026-05-03,2026-05-16,164.09,pago
PAG-003478,CLI-0322,2026-04-03,2026-04-10,164.09,pago
PAG-003479,CLI-0322,2026-03-04,2026-03-04,164.09,pago
PAG-003480,CLI-0322,2026-02-02,2026-02-06,164.09,pago
PAG-003481,CLI-0322,2026-01-03,2026-01-03,164.09,pago
PAG-003482,CLI-0322,2025-12-04,,164.09,pendente
PAG-003483,CLI-0322,2025-11-04,2025-11-15,164.09,pago
PAG-003484,CLI-0322,2025-10-05,2025-10-05,164.09,pago
PAG-003485,CLI-0322,2025-09-05,2025-09-21,164.09,pago
PAG-003486,CLI-0323,2026-08-01,2026-07-29,114.97,pago
PAG-003487,CLI-0323,2026-07-02,2026-06-29,114.97,pago
PAG-003488,CLI-0323,2026-06-02,2026-06-09,114.97,pago
PAG-003489,CLI-0323,2026-05-03,2026-05-03,114.97,pago
PAG-003490,CLI-0323,2026-04-03,2026-04-19,114.97,pago
PAG-003491,CLI-0323,2026-03-04,2026-03-01,114.97,pago
PAG-003492,CLI-0323,2026-02-02,2026-02-11,114.97,pago
PAG-003493,CLI-0323,2026-01-03,2026-01-20,114.97,pago
PAG-003494,CLI-0323,2025-12-04,2025-12-09,114.97,pago
PAG-003495,CLI-0323,2025-11-04,2025-11-20,114.97,pago
PAG-003496,CLI-0323,2025-10-05,2025-10-15,114.97,pago
PAG-003497,CLI-0323,2025-09-05,2025-09-21,114.97,pago
PAG-003498,CLI-0324,2026-08-01,2026-08-08,104.05,pago
PAG-003499,CLI-0324,2026-07-02,2026-07-01,104.05,pago
PAG-003500,CLI-0324,2026-06-02,2026-05-31,104.05,pago
PAG-003501,CLI-0324,2026-05-03,2026-05-09,104.05,pago
PAG-003502,CLI-0324,2026-04-03,2026-04-17,104.05,pago
PAG-003503,CLI-0324,2026-03-04,2026-03-02,104.05,pago
PAG-003504,CLI-0324,2026-02-02,2026-02-19,104.05,pago
PAG-003505,CLI-0324,2026-01-03,,104.05,pendente
PAG-003506,CLI-0324,2025-12-04,2025-12-08,104.05,pago
PAG-003507,CLI-0324,2025-11-04,2025-11-13,104.05,pago
PAG-003508,CLI-0324,2025-10-05,2025-10-03,104.05,pago
PAG-003509,CLI-0324,2025-09-05,2025-09-05,104.05,pago
PAG-003510,CLI-0325,2026-08-01,2026-08-01,88.51,pago
PAG-003511,CLI-0325,2026-07-02,2026-07-05,88.51,pago
PAG-003512,CLI-0325,2026-06-02,2026-06-09,88.51,pago
PAG-003513,CLI-0325,2026-05-03,2026-05-13,88.51,pago
PAG-003514,CLI-0325,2026-04-03,2026-04-05,88.51,pago
PAG-003515,CLI-0325,2026-03-04,2026-03-04,88.51,pago
PAG-003516,CLI-0325,2026-02-02,2026-02-14,88.51,pago
PAG-003517,CLI-0325,2026-01-03,2026-01-17,88.51,pago
PAG-003518,CLI-0325,2025-12-04,2025-12-05,88.51,pago
PAG-003519,CLI-0326,2026-08-01,,293.33,pendente
PAG-003520,CLI-0326,2026-07-02,2026-07-17,293.33,pago
PAG-003521,CLI-0326,2026-06-02,2026-06-01,293.33,pago
PAG-003522,CLI-0326,2026-05-03,2026-05-09,293.33,pago
PAG-003523,CLI-0326,2026-04-03,2026-03-31,293.33,pago
PAG-003524,CLI-0326,2026-03-04,2026-03-15,293.33,pago
PAG-003525,CLI-0326,2026-02-02,2026-02-17,293.33,pago
PAG-003526,CLI-0326,2026-01-03,2026-01-12,293.33,pago
PAG-003527,CLI-0326,2025-12-04,2025-12-19,293.33,pago
PAG-003528,CLI-0326,2025-11-04,2025-11-21,293.33,pago
PAG-003529,CLI-0326,2025-10-05,2025-10-21,293.33,pago
PAG-003530,CLI-0326,2025-09-05,2025-09-14,293.33,pago
PAG-003531,CLI-0327,2026-08-01,2026-08-07,140.6,pago
PAG-003532,CLI-0327,2026-07-02,2026-07-05,140.6,pago
PAG-003533,CLI-0327,2026-06-02,2026-06-05,140.6,pago
PAG-003534,CLI-0327,2026-05-03,2026-05-07,140.6,pago
PAG-003535,CLI-0327,2026-04-03,2026-04-04,140.6,pago
PAG-003536,CLI-0327,2026-03-04,2026-03-14,140.6,pago
PAG-003537,CLI-0327,2026-02-02,2026-02-16,140.6,pago
PAG-003538,CLI-0327,2026-01-03,2026-01-01,140.6,pago
PAG-003539,CLI-0327,2025-12-04,2025-12-01,140.6,pago
PAG-003540,CLI-0327,2025-11-04,2025-11-16,140.6,pago
PAG-003541,CLI-0327,2025-10-05,2025-10-22,140.6,pago
PAG-003542,CLI-0327,2025-09-05,2025-09-15,140.6,pago
PAG-003543,CLI-0328,2026-08-01,2026-07-29,85.48,pago
PAG-003544,CLI-0328,2026-07-02,2026-07-12,85.48,pago
PAG-003545,CLI-0328,2026-06-02,2026-06-02,85.48,pago
PAG-003546,CLI-0328,2026-05-03,2026-05-18,85.48,pago
PAG-003547,CLI-0328,2026-04-03,2026-04-10,85.48,pago
PAG-003548,CLI-0328,2026-03-04,,85.48,pendente
PAG-003549,CLI-0328,2026-02-02,2026-02-03,85.48,pago
PAG-003550,CLI-0328,2026-01-03,2026-01-11,85.48,pago
PAG-003551,CLI-0328,2025-12-04,2025-12-05,85.48,pago
PAG-003552,CLI-0328,2025-11-04,2025-11-09,85.48,pago
PAG-003553,CLI-0328,2025-10-05,2025-10-19,85.48,pago
PAG-003554,CLI-0328,2025-09-05,2025-09-14,85.48,pago
PAG-003555,CLI-0329,2026-08-01,2026-08-03,138.36,pago
PAG-003556,CLI-0329,2026-07-02,2026-07-06,138.36,pago
PAG-003557,CLI-0329,2026-06-02,,138.36,pendente
PAG-003558,CLI-0329,2026-05-03,2026-05-16,138.36,pago
PAG-003559,CLI-0329,2026-04-03,2026-04-12,138.36,pago
PAG-003560,CLI-0329,2026-03-04,2026-03-13,138.36,pago
PAG-003561,CLI-0329,2026-02-02,,138.36,pendente
PAG-003562,CLI-0329,2026-01-03,,138.36,pendente
PAG-003563,CLI-0329,2025-12-04,2025-12-13,138.36,pago
PAG-003564,CLI-0329,2025-11-04,2025-11-03,138.36,pago
PAG-003565,CLI-0329,2025-10-05,2025-10-08,138.36,pago
PAG-003566,CLI-0329,2025-09-05,2025-09-12,138.36,pago
PAG-003567,CLI-0330,2026-08-01,,81.94,pendente
PAG-003568,CLI-0330,2026-07-02,2026-07-03,81.94,pago
PAG-003569,CLI-0330,2026-06-02,2026-06-12,81.94,pago
PAG-003570,CLI-0330,2026-05-03,2026-05-19,81.94,pago
PAG-003571,CLI-0331,2026-08-01,2026-08-12,117.5,pago
PAG-003572,CLI-0331,2026-07-02,2026-07-01,117.5,pago
PAG-003573,CLI-0331,2026-06-02,2026-06-05,117.5,pago
PAG-003574,CLI-0331,2026-05-03,2026-05-05,117.5,pago
PAG-003575,CLI-0331,2026-04-03,2026-04-02,117.5,pago
PAG-003576,CLI-0331,2026-03-04,2026-03-01,117.5,pago
PAG-003577,CLI-0331,2026-02-02,2026-02-06,117.5,pago
PAG-003578,CLI-0331,2026-01-03,2026-01-07,117.5,pago
PAG-003579,CLI-0331,2025-12-04,2025-12-22,117.5,pago
PAG-003580,CLI-0331,2025-11-04,2025-11-15,117.5,pago
PAG-003581,CLI-0331,2025-10-05,2025-10-20,117.5,pago
PAG-003582,CLI-0331,2025-09-05,2025-09-14,117.5,pago
PAG-003583,CLI-0332,2026-08-01,2026-08-03,74.7,pago
PAG-003584,CLI-0332,2026-07-02,2026-07-04,74.7,pago
PAG-003585,CLI-0332,2026-06-02,2026-06-14,74.7,pago
PAG-003586,CLI-0332,2026-05-03,2026-05-18,74.7,pago
PAG-003587,CLI-0332,2026-04-03,2026-04-05,74.7,pago
PAG-003588,CLI-0332,2026-03-04,2026-03-07,74.7,pago
PAG-003589,CLI-0332,2026-02-02,2026-02-12,74.7,pago
PAG-003590,CLI-0332,2026-01-03,2026-01-17,74.7,pago
PAG-003591,CLI-0332,2025-12-04,2025-12-16,74.7,pago
PAG-003592,CLI-0332,2025-11-04,2025-11-22,74.7,pago
PAG-003593,CLI-0332,2025-10-05,2025-10-09,74.7,pago
PAG-003594,CLI-0332,2025-09-05,2025-09-09,74.7,pago
PAG-003595,CLI-0333,2026-08-01,2026-08-16,308.51,pago
PAG-003596,CLI-0333,2026-07-02,2026-07-19,308.51,pago
PAG-003597,CLI-0333,2026-06-02,2026-06-20,308.51,pago
PAG-003598,CLI-0333,2026-05-03,2026-05-03,308.51,pago
PAG-003599,CLI-0333,2026-04-03,2026-04-01,308.51,pago
PAG-003600,CLI-0333,2026-03-04,2026-03-16,308.51,pago
PAG-003601,CLI-0333,2026-02-02,2026-02-11,308.51,pago
PAG-003602,CLI-0333,2026-01-03,2026-01-04,308.51,pago
PAG-003603,CLI-0333,2025-12-04,2025-12-01,308.51,pago
PAG-003604,CLI-0333,2025-11-04,2025-11-01,308.51,pago
PAG-003605,CLI-0333,2025-10-05,2025-10-06,308.51,pago
PAG-003606,CLI-0333,2025-09-05,2025-09-07,308.51,pago
PAG-003607,CLI-0334,2026-08-01,,115.92,pendente
PAG-003608,CLI-0334,2026-07-02,2026-06-30,115.92,pago
PAG-003609,CLI-0334,2026-06-02,2026-06-06,115.92,pago
PAG-003610,CLI-0334,2026-05-03,2026-05-17,115.92,pago
PAG-003611,CLI-0334,2026-04-03,2026-04-19,115.92,pago
PAG-003612,CLI-0334,2026-03-04,2026-03-09,115.92,pago
PAG-003613,CLI-0334,2026-02-02,2026-02-08,115.92,pago
PAG-003614,CLI-0334,2026-01-03,2026-01-09,115.92,pago
PAG-003615,CLI-0334,2025-12-04,2025-12-11,115.92,pago
PAG-003616,CLI-0334,2025-11-04,2025-11-20,115.92,pago
PAG-003617,CLI-0334,2025-10-05,2025-10-22,115.92,pago
PAG-003618,CLI-0334,2025-09-05,2025-09-04,115.92,pago
PAG-003619,CLI-0335,2026-08-01,2026-08-11,166.76,pago
PAG-003620,CLI-0335,2026-07-02,2026-07-03,166.76,pago
PAG-003621,CLI-0335,2026-06-02,2026-06-03,166.76,pago
PAG-003622,CLI-0335,2026-05-03,2026-05-18,166.76,pago
PAG-003623,CLI-0335,2026-04-03,2026-04-01,166.76,pago
PAG-003624,CLI-0335,2026-03-04,2026-03-18,166.76,pago
PAG-003625,CLI-0335,2026-02-02,2026-02-15,166.76,pago
PAG-003626,CLI-0335,2026-01-03,,166.76,pendente
PAG-003627,CLI-0335,2025-12-04,2025-12-22,166.76,pago
PAG-003628,CLI-0335,2025-11-04,2025-11-08,166.76,pago
PAG-003629,CLI-0335,2025-10-05,2025-10-10,166.76,pago
PAG-003630,CLI-0335,2025-09-05,2025-09-23,166.76,pago
PAG-003631,CLI-0336,2026-08-01,2026-08-02,158.46,pago
PAG-003632,CLI-0336,2026-07-02,2026-07-17,158.46,pago
PAG-003633,CLI-0336,2026-06-02,2026-06-11,158.46,pago
PAG-003634,CLI-0336,2026-05-03,2026-05-07,158.46,pago
PAG-003635,CLI-0336,2026-04-03,2026-04-06,158.46,pago
PAG-003636,CLI-0336,2026-03-04,2026-03-19,158.46,pago
PAG-003637,CLI-0336,2026-02-02,2026-02-09,158.46,pago
PAG-003638,CLI-0336,2026-01-03,2026-01-08,158.46,pago
PAG-003639,CLI-0336,2025-12-04,2025-12-22,158.46,pago
PAG-003640,CLI-0336,2025-11-04,2025-11-06,158.46,pago
PAG-003641,CLI-0336,2025-10-05,2025-10-12,158.46,pago
PAG-003642,CLI-0336,2025-09-05,2025-09-17,158.46,pago
PAG-003643,CLI-0337,2026-08-01,,122.4,pendente
PAG-003644,CLI-0337,2026-07-02,2026-07-15,122.4,pago
PAG-003645,CLI-0337,2026-06-02,2026-06-11,122.4,pago
PAG-003646,CLI-0337,2026-05-03,2026-05-17,122.4,pago
PAG-003647,CLI-0337,2026-04-03,2026-04-19,122.4,pago
PAG-003648,CLI-0337,2026-03-04,2026-03-16,122.4,pago
PAG-003649,CLI-0337,2026-02-02,2026-02-08,122.4,pago
PAG-003650,CLI-0337,2026-01-03,2026-01-07,122.4,pago
PAG-003651,CLI-0337,2025-12-04,,122.4,pendente
PAG-003652,CLI-0337,2025-11-04,2025-11-20,122.4,pago
PAG-003653,CLI-0337,2025-10-05,2025-10-23,122.4,pago
PAG-003654,CLI-0337,2025-09-05,2025-09-20,122.4,pago
PAG-003655,CLI-0338,2026-08-01,2026-08-01,76.14,pago
PAG-003656,CLI-0338,2026-07-02,2026-07-09,76.14,pago
PAG-003657,CLI-0338,2026-06-02,2026-06-05,76.14,pago
PAG-003658,CLI-0338,2026-05-03,2026-05-11,76.14,pago
PAG-003659,CLI-0338,2026-04-03,2026-04-06,76.14,pago
PAG-003660,CLI-0338,2026-03-04,2026-03-16,76.14,pago
PAG-003661,CLI-0338,2026-02-02,2026-02-15,76.14,pago
PAG-003662,CLI-0338,2026-01-03,2026-01-13,76.14,pago
PAG-003663,CLI-0339,2026-08-01,2026-08-19,222.28,pago
PAG-003664,CLI-0339,2026-07-02,2026-07-19,222.28,pago
PAG-003665,CLI-0339,2026-06-02,2026-06-17,222.28,pago
PAG-003666,CLI-0339,2026-05-03,2026-05-11,222.28,pago
PAG-003667,CLI-0339,2026-04-03,2026-04-10,222.28,pago
PAG-003668,CLI-0339,2026-03-04,2026-03-20,222.28,pago
PAG-003669,CLI-0339,2026-02-02,2026-02-15,222.28,pago
PAG-003670,CLI-0339,2026-01-03,2026-01-19,222.28,pago
PAG-003671,CLI-0339,2025-12-04,2025-12-03,222.28,pago
PAG-003672,CLI-0339,2025-11-04,2025-11-14,222.28,pago
PAG-003673,CLI-0339,2025-10-05,2025-10-02,222.28,pago
PAG-003674,CLI-0339,2025-09-05,2025-09-02,222.28,pago
PAG-003675,CLI-0340,2026-08-01,2026-07-30,79.46,pago
PAG-003676,CLI-0340,2026-07-02,2026-07-19,79.46,pago
PAG-003677,CLI-0340,2026-06-02,2026-06-16,79.46,pago
PAG-003678,CLI-0341,2026-08-01,2026-08-01,107.77,pago
PAG-003679,CLI-0341,2026-07-02,2026-07-05,107.77,pago
PAG-003680,CLI-0341,2026-06-02,2026-06-03,107.77,pago
PAG-003681,CLI-0341,2026-05-03,2026-05-04,107.77,pago
PAG-003682,CLI-0341,2026-04-03,2026-04-20,107.77,pago
PAG-003683,CLI-0341,2026-03-04,,107.77,pendente
PAG-003684,CLI-0341,2026-02-02,2026-02-01,107.77,pago
PAG-003685,CLI-0341,2026-01-03,2025-12-31,107.77,pago
PAG-003686,CLI-0341,2025-12-04,2025-12-17,107.77,pago
PAG-003687,CLI-0341,2025-11-04,2025-11-09,107.77,pago
PAG-003688,CLI-0341,2025-10-05,2025-10-08,107.77,pago
PAG-003689,CLI-0341,2025-09-05,2025-09-16,107.77,pago
PAG-003690,CLI-0342,2026-08-01,2026-08-09,160.9,pago
PAG-003691,CLI-0342,2026-07-02,2026-07-09,160.9,pago
PAG-003692,CLI-0343,2026-08-01,2026-08-05,152.41,pago
PAG-003693,CLI-0343,2026-07-02,2026-07-11,152.41,pago
PAG-003694,CLI-0343,2026-06-02,,152.41,pendente
PAG-003695,CLI-0343,2026-05-03,2026-05-14,152.41,pago
PAG-003696,CLI-0343,2026-04-03,2026-04-20,152.41,pago
PAG-003697,CLI-0343,2026-03-04,2026-03-03,152.41,pago
PAG-003698,CLI-0343,2026-02-02,2026-02-05,152.41,pago
PAG-003699,CLI-0343,2026-01-03,,152.41,pendente
PAG-003700,CLI-0343,2025-12-04,2025-12-07,152.41,pago
PAG-003701,CLI-0343,2025-11-04,2025-11-21,152.41,pago
PAG-003702,CLI-0343,2025-10-05,2025-10-07,152.41,pago
PAG-003703,CLI-0343,2025-09-05,2025-09-02,152.41,pago
PAG-003704,CLI-0344,2026-08-01,2026-08-16,155.2,pago
PAG-003705,CLI-0344,2026-07-02,2026-07-08,155.2,pago
PAG-003706,CLI-0344,2026-06-02,2026-06-16,155.2,pago
PAG-003707,CLI-0344,2026-05-03,2026-05-05,155.2,pago
PAG-003708,CLI-0344,2026-04-03,2026-04-11,155.2,pago
PAG-003709,CLI-0344,2026-03-04,2026-03-08,155.2,pago
PAG-003710,CLI-0344,2026-02-02,2026-02-16,155.2,pago
PAG-003711,CLI-0344,2026-01-03,2026-01-17,155.2,pago
PAG-003712,CLI-0344,2025-12-04,2025-12-09,155.2,pago
PAG-003713,CLI-0344,2025-11-04,2025-11-16,155.2,pago
PAG-003714,CLI-0344,2025-10-05,2025-10-16,155.2,pago
PAG-003715,CLI-0344,2025-09-05,2025-09-17,155.2,pago
PAG-003716,CLI-0345,2026-08-01,,106.54,pendente
PAG-003717,CLI-0345,2026-07-02,2026-07-02,106.54,pago
PAG-003718,CLI-0345,2026-06-02,,106.54,pendente
PAG-003719,CLI-0345,2026-05-03,2026-05-01,106.54,pago
PAG-003720,CLI-0345,2026-04-03,2026-04-05,106.54,pago
PAG-003721,CLI-0345,2026-03-04,,106.54,pendente
PAG-003722,CLI-0345,2026-02-02,,106.54,pendente
PAG-003723,CLI-0345,2026-01-03,2026-01-15,106.54,pago
PAG-003724,CLI-0345,2025-12-04,2025-12-22,106.54,pago
PAG-003725,CLI-0345,2025-11-04,2025-11-17,106.54,pago
PAG-003726,CLI-0345,2025-10-05,2025-10-20,106.54,pago
PAG-003727,CLI-0345,2025-09-05,2025-09-23,106.54,pago
PAG-003728,CLI-0346,2026-08-01,2026-08-16,105.17,pago
PAG-003729,CLI-0346,2026-07-02,2026-07-17,105.17,pago
PAG-003730,CLI-0346,2026-06-02,2026-06-20,105.17,pago
PAG-003731,CLI-0346,2026-05-03,,105.17,pendente
PAG-003732,CLI-0346,2026-04-03,2026-04-15,105.17,pago
PAG-003733,CLI-0346,2026-03-04,2026-03-17,105.17,pago
PAG-003734,CLI-0346,2026-02-02,2026-02-18,105.17,pago
PAG-003735,CLI-0346,2026-01-03,2025-12-31,105.17,pago
PAG-003736,CLI-0346,2025-12-04,2025-12-16,105.17,pago
PAG-003737,CLI-0346,2025-11-04,2025-11-22,105.17,pago
PAG-003738,CLI-0346,2025-10-05,2025-10-04,105.17,pago
PAG-003739,CLI-0346,2025-09-05,2025-09-05,105.17,pago
PAG-003740,CLI-0347,2026-08-01,2026-08-11,117.19,pago
PAG-003741,CLI-0347,2026-07-02,2026-07-05,117.19,pago
PAG-003742,CLI-0347,2026-06-02,2026-06-20,117.19,pago
PAG-003743,CLI-0347,2026-05-03,2026-05-20,117.19,pago
PAG-003744,CLI-0347,2026-04-03,2026-04-09,117.19,pago
PAG-003745,CLI-0347,2026-03-04,2026-03-04,117.19,pago
PAG-003746,CLI-0347,2026-02-02,2026-02-08,117.19,pago
PAG-003747,CLI-0347,2026-01-03,2026-01-02,117.19,pago
PAG-003748,CLI-0347,2025-12-04,2025-12-18,117.19,pago
PAG-003749,CLI-0347,2025-11-04,2025-11-21,117.19,pago
PAG-003750,CLI-0347,2025-10-05,2025-10-12,117.19,pago
PAG-003751,CLI-0347,2025-09-05,2025-09-20,117.19,pago
PAG-003752,CLI-0348,2026-08-01,2026-08-19,149.17,pago
PAG-003753,CLI-0348,2026-07-02,2026-07-10,149.17,pago
PAG-003754,CLI-0348,2026-06-02,2026-06-17,149.17,pago
PAG-003755,CLI-0348,2026-05-03,2026-04-30,149.17,pago
PAG-003756,CLI-0348,2026-04-03,2026-04-07,149.17,pago
PAG-003757,CLI-0348,2026-03-04,2026-03-04,149.17,pago
PAG-003758,CLI-0348,2026-02-02,2026-02-05,149.17,pago
PAG-003759,CLI-0348,2026-01-03,2026-01-11,149.17,pago
PAG-003760,CLI-0348,2025-12-04,2025-12-18,149.17,pago
PAG-003761,CLI-0348,2025-11-04,2025-11-10,149.17,pago
PAG-003762,CLI-0349,2026-08-01,2026-08-19,121.8,pago
PAG-003763,CLI-0349,2026-07-02,2026-06-29,121.8,pago
PAG-003764,CLI-0349,2026-06-02,2026-06-08,121.8,pago
PAG-003765,CLI-0349,2026-05-03,,121.8,pendente
PAG-003766,CLI-0349,2026-04-03,2026-03-31,121.8,pago
PAG-003767,CLI-0349,2026-03-04,2026-03-13,121.8,pago
PAG-003768,CLI-0349,2026-02-02,2026-02-17,121.8,pago
PAG-003769,CLI-0349,2026-01-03,2026-01-20,121.8,pago
PAG-003770,CLI-0349,2025-12-04,2025-12-14,121.8,pago
PAG-003771,CLI-0349,2025-11-04,2025-11-10,121.8,pago
PAG-003772,CLI-0349,2025-10-05,2025-10-13,121.8,pago
PAG-003773,CLI-0349,2025-09-05,2025-09-23,121.8,pago
PAG-003774,CLI-0350,2026-08-01,,163.2,pendente
PAG-003775,CLI-0350,2026-07-02,,163.2,pendente
PAG-003776,CLI-0350,2026-06-02,2026-06-06,163.2,pago
PAG-003777,CLI-0350,2026-05-03,,163.2,pendente
PAG-003778,CLI-0350,2026-04-03,2026-04-10,163.2,pago
PAG-003779,CLI-0350,2026-03-04,,163.2,pendente
PAG-003780,CLI-0350,2026-02-02,,163.2,pendente
PAG-003781,CLI-0350,2026-01-03,2026-01-11,163.2,pago
PAG-003782,CLI-0350,2025-12-04,2025-12-09,163.2,pago
PAG-003783,CLI-0350,2025-11-04,2025-11-07,163.2,pago
PAG-003784,CLI-0350,2025-10-05,2025-10-07,163.2,pago
PAG-003785,CLI-0350,2025-09-05,,163.2,pendente
PAG-003786,CLI-0351,2026-08-01,2026-08-12,105.1,pago
PAG-003787,CLI-0351,2026-07-02,2026-07-12,105.1,pago
PAG-003788,CLI-0352,2026-08-01,2026-08-05,198.03,pago
PAG-003789,CLI-0352,2026-07-02,2026-07-16,198.03,pago
PAG-003790,CLI-0352,2026-06-02,2026-06-17,198.03,pago
PAG-003791,CLI-0352,2026-05-03,2026-05-20,198.03,pago
PAG-003792,CLI-0352,2026-04-03,2026-04-18,198.03,pago
PAG-003793,CLI-0352,2026-03-04,,198.03,pendente
PAG-003794,CLI-0352,2026-02-02,2026-02-01,198.03,pago
PAG-003795,CLI-0352,2026-01-03,2026-01-05,198.03,pago
PAG-003796,CLI-0352,2025-12-04,2025-12-20,198.03,pago
PAG-003797,CLI-0352,2025-11-04,2025-11-02,198.03,pago
PAG-003798,CLI-0352,2025-10-05,2025-10-11,198.03,pago
PAG-003799,CLI-0352,2025-09-05,2025-09-21,198.03,pago
PAG-003800,CLI-0353,2026-08-01,2026-08-14,209.45,pago
PAG-003801,CLI-0353,2026-07-02,2026-07-18,209.45,pago
PAG-003802,CLI-0353,2026-06-02,2026-06-17,209.45,pago
PAG-003803,CLI-0353,2026-05-03,2026-05-19,209.45,pago
PAG-003804,CLI-0353,2026-04-03,2026-03-31,209.45,pago
PAG-003805,CLI-0353,2026-03-04,2026-03-09,209.45,pago
PAG-003806,CLI-0353,2026-02-02,2026-02-12,209.45,pago
PAG-003807,CLI-0353,2026-01-03,2026-01-21,209.45,pago
PAG-003808,CLI-0353,2025-12-04,2025-12-07,209.45,pago
PAG-003809,CLI-0353,2025-11-04,2025-11-17,209.45,pago
PAG-003810,CLI-0353,2025-10-05,2025-10-19,209.45,pago
PAG-003811,CLI-0353,2025-09-05,2025-09-05,209.45,pago
PAG-003812,CLI-0354,2026-08-01,2026-08-17,84.07,pago
PAG-003813,CLI-0354,2026-07-02,2026-07-18,84.07,pago
PAG-003814,CLI-0354,2026-06-02,2026-06-17,84.07,pago
PAG-003815,CLI-0354,2026-05-03,2026-05-04,84.07,pago
PAG-003816,CLI-0354,2026-04-03,2026-04-02,84.07,pago
PAG-003817,CLI-0354,2026-03-04,2026-03-01,84.07,pago
PAG-003818,CLI-0354,2026-02-02,2026-02-16,84.07,pago
PAG-003819,CLI-0354,2026-01-03,2026-01-18,84.07,pago
PAG-003820,CLI-0354,2025-12-04,2025-12-22,84.07,pago
PAG-003821,CLI-0354,2025-11-04,2025-11-03,84.07,pago
PAG-003822,CLI-0354,2025-10-05,2025-10-14,84.07,pago
PAG-003823,CLI-0354,2025-09-05,2025-09-11,84.07,pago
PAG-003824,CLI-0355,2026-08-01,2026-07-30,302.98,pago
PAG-003825,CLI-0355,2026-07-02,2026-07-07,302.98,pago
PAG-003826,CLI-0355,2026-06-02,2026-06-12,302.98,pago
PAG-003827,CLI-0355,2026-05-03,2026-05-15,302.98,pago
PAG-003828,CLI-0355,2026-04-03,2026-04-05,302.98,pago
PAG-003829,CLI-0355,2026-03-04,2026-03-13,302.98,pago
PAG-003830,CLI-0355,2026-02-02,2026-02-08,302.98,pago
PAG-003831,CLI-0355,2026-01-03,2026-01-02,302.98,pago
PAG-003832,CLI-0355,2025-12-04,2025-12-22,302.98,pago
PAG-003833,CLI-0355,2025-11-04,2025-11-06,302.98,pago
PAG-003834,CLI-0356,2026-08-01,2026-08-15,323.38,pago
PAG-003835,CLI-0356,2026-07-02,2026-07-09,323.38,pago
PAG-003836,CLI-0356,2026-06-02,2026-06-10,323.38,pago
PAG-003837,CLI-0356,2026-05-03,2026-05-14,323.38,pago
PAG-003838,CLI-0356,2026-04-03,2026-04-21,323.38,pago
PAG-003839,CLI-0356,2026-03-04,2026-03-13,323.38,pago
PAG-003840,CLI-0356,2026-02-02,2026-02-19,323.38,pago
PAG-003841,CLI-0356,2026-01-03,,323.38,pendente
PAG-003842,CLI-0356,2025-12-04,2025-12-14,323.38,pago
PAG-003843,CLI-0356,2025-11-04,2025-11-10,323.38,pago
PAG-003844,CLI-0356,2025-10-05,2025-10-14,323.38,pago
PAG-003845,CLI-0356,2025-09-05,2025-09-09,323.38,pago
PAG-003846,CLI-0357,2026-08-01,2026-08-05,145.87,pago
PAG-003847,CLI-0357,2026-07-02,2026-07-11,145.87,pago
PAG-003848,CLI-0357,2026-06-02,2026-06-15,145.87,pago
PAG-003849,CLI-0357,2026-05-03,2026-05-01,145.87,pago
PAG-003850,CLI-0357,2026-04-03,2026-04-04,145.87,pago
PAG-003851,CLI-0357,2026-03-04,2026-03-13,145.87,pago
PAG-003852,CLI-0357,2026-02-02,2026-02-15,145.87,pago
PAG-003853,CLI-0357,2026-01-03,2026-01-18,145.87,pago
PAG-003854,CLI-0357,2025-12-04,2025-12-01,145.87,pago
PAG-003855,CLI-0357,2025-11-04,2025-11-03,145.87,pago
PAG-003856,CLI-0357,2025-10-05,2025-10-04,145.87,pago
PAG-003857,CLI-0357,2025-09-05,2025-09-05,145.87,pago
PAG-003858,CLI-0358,2026-08-01,2026-07-29,335.8,pago
PAG-003859,CLI-0358,2026-07-02,2026-07-10,335.8,pago
PAG-003860,CLI-0358,2026-06-02,2026-06-07,335.8,pago
PAG-003861,CLI-0358,2026-05-03,2026-05-15,335.8,pago
PAG-003862,CLI-0358,2026-04-03,2026-04-03,335.8,pago
PAG-003863,CLI-0358,2026-03-04,2026-03-14,335.8,pago
PAG-003864,CLI-0358,2026-02-02,2026-01-31,335.8,pago
PAG-003865,CLI-0358,2026-01-03,2026-01-09,335.8,pago
PAG-003866,CLI-0358,2025-12-04,2025-12-19,335.8,pago
PAG-003867,CLI-0358,2025-11-04,2025-11-03,335.8,pago
PAG-003868,CLI-0358,2025-10-05,2025-10-17,335.8,pago
PAG-003869,CLI-0358,2025-09-05,2025-09-04,335.8,pago
PAG-003870,CLI-0359,2026-08-01,2026-08-15,308.7,pago
PAG-003871,CLI-0359,2026-07-02,2026-07-20,308.7,pago
PAG-003872,CLI-0359,2026-06-02,2026-06-06,308.7,pago
PAG-003873,CLI-0359,2026-05-03,2026-05-18,308.7,pago
PAG-003874,CLI-0359,2026-04-03,2026-04-19,308.7,pago
PAG-003875,CLI-0359,2026-03-04,2026-03-10,308.7,pago
PAG-003876,CLI-0359,2026-02-02,2026-02-11,308.7,pago
PAG-003877,CLI-0359,2026-01-03,2026-01-02,308.7,pago
PAG-003878,CLI-0359,2025-12-04,2025-12-19,308.7,pago
PAG-003879,CLI-0360,2026-08-01,2026-08-05,141.63,pago
PAG-003880,CLI-0360,2026-07-02,2026-07-16,141.63,pago
PAG-003881,CLI-0360,2026-06-02,2026-06-16,141.63,pago
PAG-003882,CLI-0360,2026-05-03,2026-05-06,141.63,pago
PAG-003883,CLI-0360,2026-04-03,2026-04-07,141.63,pago
PAG-003884,CLI-0360,2026-03-04,2026-03-21,141.63,pago
PAG-003885,CLI-0360,2026-02-02,2026-02-15,141.63,pago
PAG-003886,CLI-0360,2026-01-03,2026-01-10,141.63,pago
PAG-003887,CLI-0360,2025-12-04,2025-12-02,141.63,pago
PAG-003888,CLI-0360,2025-11-04,2025-11-01,141.63,pago
PAG-003889,CLI-0360,2025-10-05,2025-10-21,141.63,pago
PAG-003890,CLI-0360,2025-09-05,2025-09-20,141.63,pago
PAG-003891,CLI-0361,2026-08-01,2026-08-16,143.27,pago
PAG-003892,CLI-0361,2026-07-02,2026-07-08,143.27,pago
PAG-003893,CLI-0361,2026-06-02,2026-06-06,143.27,pago
PAG-003894,CLI-0361,2026-05-03,2026-05-16,143.27,pago
PAG-003895,CLI-0361,2026-04-03,2026-03-31,143.27,pago
PAG-003896,CLI-0361,2026-03-04,2026-03-08,143.27,pago
PAG-003897,CLI-0361,2026-02-02,2026-02-10,143.27,pago
PAG-003898,CLI-0361,2026-01-03,2026-01-12,143.27,pago
PAG-003899,CLI-0361,2025-12-04,2025-12-05,143.27,pago
PAG-003900,CLI-0361,2025-11-04,2025-11-06,143.27,pago
PAG-003901,CLI-0362,2026-08-01,2026-08-12,188.24,pago
PAG-003902,CLI-0362,2026-07-02,2026-07-14,188.24,pago
PAG-003903,CLI-0362,2026-06-02,2026-06-14,188.24,pago
PAG-003904,CLI-0362,2026-05-03,2026-05-04,188.24,pago
PAG-003905,CLI-0362,2026-04-03,2026-04-19,188.24,pago
PAG-003906,CLI-0362,2026-03-04,2026-03-01,188.24,pago
PAG-003907,CLI-0362,2026-02-02,2026-02-04,188.24,pago
PAG-003908,CLI-0362,2026-01-03,2026-01-03,188.24,pago
PAG-003909,CLI-0362,2025-12-04,2025-12-17,188.24,pago
PAG-003910,CLI-0362,2025-11-04,2025-11-09,188.24,pago
PAG-003911,CLI-0362,2025-10-05,2025-10-18,188.24,pago
PAG-003912,CLI-0362,2025-09-05,2025-09-03,188.24,pago
PAG-003913,CLI-0363,2026-08-01,2026-08-10,81.09,pago
PAG-003914,CLI-0363,2026-07-02,2026-07-16,81.09,pago
PAG-003915,CLI-0363,2026-06-02,,81.09,pendente
PAG-003916,CLI-0363,2026-05-03,2026-05-20,81.09,pago
PAG-003917,CLI-0363,2026-04-03,2026-04-08,81.09,pago
PAG-003918,CLI-0363,2026-03-04,2026-03-06,81.09,pago
PAG-003919,CLI-0363,2026-02-02,2026-02-02,81.09,pago
PAG-003920,CLI-0363,2026-01-03,2026-01-07,81.09,pago
PAG-003921,CLI-0363,2025-12-04,2025-12-09,81.09,pago
PAG-003922,CLI-0363,2025-11-04,2025-11-09,81.09,pago
PAG-003923,CLI-0363,2025-10-05,,81.09,pendente
PAG-003924,CLI-0363,2025-09-05,2025-09-15,81.09,pago
PAG-003925,CLI-0364,2026-08-01,,157.46,pendente
PAG-003926,CLI-0364,2026-07-02,2026-07-16,157.46,pago
PAG-003927,CLI-0364,2026-06-02,2026-06-20,157.46,pago
PAG-003928,CLI-0364,2026-05-03,2026-05-02,157.46,pago
PAG-003929,CLI-0364,2026-04-03,2026-04-11,157.46,pago
PAG-003930,CLI-0364,2026-03-04,2026-03-21,157.46,pago
PAG-003931,CLI-0364,2026-02-02,2026-02-01,157.46,pago
PAG-003932,CLI-0364,2026-01-03,2026-01-12,157.46,pago
PAG-003933,CLI-0364,2025-12-04,2025-12-02,157.46,pago
PAG-003934,CLI-0364,2025-11-04,2025-11-21,157.46,pago
PAG-003935,CLI-0364,2025-10-05,2025-10-14,157.46,pago
PAG-003936,CLI-0364,2025-09-05,2025-09-09,157.46,pago
PAG-003937,CLI-0365,2026-08-01,2026-08-14,145.91,pago
PAG-003938,CLI-0365,2026-07-02,2026-07-16,145.91,pago
PAG-003939,CLI-0365,2026-06-02,2026-06-18,145.91,pago
PAG-003940,CLI-0365,2026-05-03,2026-05-13,145.91,pago
PAG-003941,CLI-0365,2026-04-03,2026-04-16,145.91,pago
PAG-003942,CLI-0365,2026-03-04,2026-03-05,145.91,pago
PAG-003943,CLI-0365,2026-02-02,2026-02-18,145.91,pago
PAG-003944,CLI-0365,2026-01-03,2026-01-10,145.91,pago
PAG-003945,CLI-0365,2025-12-04,2025-12-05,145.91,pago
PAG-003946,CLI-0365,2025-11-04,2025-11-04,145.91,pago
PAG-003947,CLI-0365,2025-10-05,2025-10-16,145.91,pago
PAG-003948,CLI-0365,2025-09-05,2025-09-10,145.91,pago
PAG-003949,CLI-0366,2026-08-01,,218.36,pendente
PAG-003950,CLI-0366,2026-07-02,,218.36,pendente
PAG-003951,CLI-0366,2026-06-02,2026-06-02,218.36,pago
PAG-003952,CLI-0366,2026-05-03,,218.36,pendente
PAG-003953,CLI-0366,2026-04-03,,218.36,pendente
PAG-003954,CLI-0366,2026-03-04,2026-03-18,218.36,pago
PAG-003955,CLI-0366,2026-02-02,2026-02-11,218.36,pago
PAG-003956,CLI-0366,2026-01-03,2026-01-05,218.36,pago
PAG-003957,CLI-0366,2025-12-04,2025-12-19,218.36,pago
PAG-003958,CLI-0366,2025-11-04,,218.36,pendente
PAG-003959,CLI-0366,2025-10-05,,218.36,pendente
PAG-003960,CLI-0366,2025-09-05,2025-09-03,218.36,pago
PAG-003961,CLI-0367,2026-08-01,2026-08-05,284.65,pago
PAG-003962,CLI-0367,2026-07-02,2026-07-08,284.65,pago
PAG-003963,CLI-0367,2026-06-02,2026-06-19,284.65,pago
PAG-003964,CLI-0367,2026-05-03,2026-05-02,284.65,pago
PAG-003965,CLI-0367,2026-04-03,2026-04-01,284.65,pago
PAG-003966,CLI-0367,2026-03-04,2026-03-09,284.65,pago
PAG-003967,CLI-0367,2026-02-02,2026-02-16,284.65,pago
PAG-003968,CLI-0367,2026-01-03,2026-01-06,284.65,pago
PAG-003969,CLI-0367,2025-12-04,2025-12-14,284.65,pago
PAG-003970,CLI-0367,2025-11-04,2025-11-19,284.65,pago
PAG-003971,CLI-0367,2025-10-05,2025-10-23,284.65,pago
PAG-003972,CLI-0367,2025-09-05,2025-09-03,284.65,pago
PAG-003973,CLI-0368,2026-08-01,,86.86,pendente
PAG-003974,CLI-0368,2026-07-02,2026-07-09,86.86,pago
PAG-003975,CLI-0368,2026-06-02,2026-06-18,86.86,pago
PAG-003976,CLI-0368,2026-05-03,2026-05-18,86.86,pago
PAG-003977,CLI-0368,2026-04-03,2026-04-19,86.86,pago
PAG-003978,CLI-0368,2026-03-04,2026-03-17,86.86,pago
PAG-003979,CLI-0368,2026-02-02,2026-02-10,86.86,pago
PAG-003980,CLI-0368,2026-01-03,2026-01-06,86.86,pago
PAG-003981,CLI-0368,2025-12-04,2025-12-18,86.86,pago
PAG-003982,CLI-0368,2025-11-04,2025-11-18,86.86,pago
PAG-003983,CLI-0368,2025-10-05,2025-10-19,86.86,pago
PAG-003984,CLI-0368,2025-09-05,2025-09-20,86.86,pago
PAG-003985,CLI-0369,2026-08-01,2026-08-14,312.31,pago
PAG-003986,CLI-0369,2026-07-02,2026-07-20,312.31,pago
PAG-003987,CLI-0369,2026-06-02,2026-06-18,312.31,pago
PAG-003988,CLI-0369,2026-05-03,2026-04-30,312.31,pago
PAG-003989,CLI-0369,2026-04-03,2026-04-18,312.31,pago
PAG-003990,CLI-0369,2026-03-04,2026-03-12,312.31,pago
PAG-003991,CLI-0369,2026-02-02,2026-02-01,312.31,pago
PAG-003992,CLI-0369,2026-01-03,2026-01-12,312.31,pago
PAG-003993,CLI-0369,2025-12-04,,312.31,pendente
PAG-003994,CLI-0369,2025-11-04,2025-11-05,312.31,pago
PAG-003995,CLI-0369,2025-10-05,,312.31,pendente
PAG-003996,CLI-0369,2025-09-05,2025-09-15,312.31,pago
PAG-003997,CLI-0370,2026-08-01,2026-08-16,149.3,pago
PAG-003998,CLI-0370,2026-07-02,2026-07-03,149.3,pago
PAG-003999,CLI-0370,2026-06-02,2026-06-04,149.3,pago
PAG-004000,CLI-0370,2026-05-03,2026-05-19,149.3,pago
PAG-004001,CLI-0370,2026-04-03,2026-04-10,149.3,pago
PAG-004002,CLI-0370,2026-03-04,2026-03-03,149.3,pago
PAG-004003,CLI-0370,2026-02-02,2026-02-07,149.3,pago
PAG-004004,CLI-0370,2026-01-03,2026-01-11,149.3,pago
PAG-004005,CLI-0370,2025-12-04,2025-12-05,149.3,pago
PAG-004006,CLI-0370,2025-11-04,2025-11-18,149.3,pago
PAG-004007,CLI-0370,2025-10-05,2025-10-11,149.3,pago
PAG-004008,CLI-0370,2025-09-05,2025-09-03,149.3,pago
PAG-004009,CLI-0371,2026-08-01,,137.99,pendente
PAG-004010,CLI-0371,2026-07-02,2026-07-11,137.99,pago
PAG-004011,CLI-0371,2026-06-02,2026-06-16,137.99,pago
PAG-004012,CLI-0371,2026-05-03,2026-05-11,137.99,pago
PAG-004013,CLI-0371,2026-04-03,,137.99,pendente
PAG-004014,CLI-0371,2026-03-04,,137.99,pendente
PAG-004015,CLI-0371,2026-02-02,2026-02-16,137.99,pago
PAG-004016,CLI-0371,2026-01-03,2026-01-01,137.99,pago
PAG-004017,CLI-0371,2025-12-04,,137.99,pendente
PAG-004018,CLI-0371,2025-11-04,2025-11-01,137.99,pago
PAG-004019,CLI-0371,2025-10-05,2025-10-16,137.99,pago
PAG-004020,CLI-0371,2025-09-05,2025-09-05,137.99,pago
PAG-004021,CLI-0372,2026-08-01,,74.8,pendente
PAG-004022,CLI-0372,2026-07-02,2026-07-09,74.8,pago
PAG-004023,CLI-0372,2026-06-02,2026-05-30,74.8,pago
PAG-004024,CLI-0372,2026-05-03,2026-05-08,74.8,pago
PAG-004025,CLI-0372,2026-04-03,2026-04-20,74.8,pago
PAG-004026,CLI-0372,2026-03-04,,74.8,pendente
PAG-004027,CLI-0372,2026-02-02,2026-02-08,74.8,pago
PAG-004028,CLI-0372,2026-01-03,2026-01-10,74.8,pago
PAG-004029,CLI-0372,2025-12-04,2025-12-08,74.8,pago
PAG-004030,CLI-0372,2025-11-04,2025-11-05,74.8,pago
PAG-004031,CLI-0372,2025-10-05,2025-10-18,74.8,pago
PAG-004032,CLI-0372,2025-09-05,2025-09-20,74.8,pago
PAG-004033,CLI-0373,2026-08-01,2026-08-12,296.58,pago
PAG-004034,CLI-0373,2026-07-02,2026-07-05,296.58,pago
PAG-004035,CLI-0373,2026-06-02,2026-06-10,296.58,pago
PAG-004036,CLI-0373,2026-05-03,2026-05-16,296.58,pago
PAG-004037,CLI-0373,2026-04-03,2026-04-07,296.58,pago
PAG-004038,CLI-0373,2026-03-04,2026-03-05,296.58,pago
PAG-004039,CLI-0373,2026-02-02,2026-01-31,296.58,pago
PAG-004040,CLI-0373,2026-01-03,2026-01-08,296.58,pago
PAG-004041,CLI-0373,2025-12-04,2025-12-14,296.58,pago
PAG-004042,CLI-0373,2025-11-04,,296.58,pendente
PAG-004043,CLI-0373,2025-10-05,2025-10-08,296.58,pago
PAG-004044,CLI-0373,2025-09-05,2025-09-09,296.58,pago
PAG-004045,CLI-0374,2026-08-01,2026-07-29,154.31,pago
PAG-004046,CLI-0374,2026-07-02,2026-07-16,154.31,pago
PAG-004047,CLI-0374,2026-06-02,2026-06-09,154.31,pago
PAG-004048,CLI-0374,2026-05-03,,154.31,pendente
PAG-004049,CLI-0374,2026-04-03,2026-04-09,154.31,pago
PAG-004050,CLI-0374,2026-03-04,2026-03-22,154.31,pago
PAG-004051,CLI-0374,2026-02-02,2026-02-02,154.31,pago
PAG-004052,CLI-0374,2026-01-03,2026-01-03,154.31,pago
PAG-004053,CLI-0374,2025-12-04,2025-12-04,154.31,pago
PAG-004054,CLI-0374,2025-11-04,2025-11-17,154.31,pago
PAG-004055,CLI-0374,2025-10-05,2025-10-05,154.31,pago
PAG-004056,CLI-0374,2025-09-05,2025-09-23,154.31,pago
PAG-004057,CLI-0375,2026-08-01,2026-07-31,84.76,pago
PAG-004058,CLI-0375,2026-07-02,2026-07-04,84.76,pago
PAG-004059,CLI-0375,2026-06-02,2026-06-09,84.76,pago
PAG-004060,CLI-0375,2026-05-03,2026-05-18,84.76,pago
PAG-004061,CLI-0375,2026-04-03,2026-04-01,84.76,pago
PAG-004062,CLI-0375,2026-03-04,,84.76,pendente
PAG-004063,CLI-0375,2026-02-02,2026-01-31,84.76,pago
PAG-004064,CLI-0375,2026-01-03,2026-01-03,84.76,pago
PAG-004065,CLI-0375,2025-12-04,2025-12-06,84.76,pago
PAG-004066,CLI-0375,2025-11-04,2025-11-12,84.76,pago
PAG-004067,CLI-0376,2026-08-01,2026-08-19,277.83,pago
PAG-004068,CLI-0376,2026-07-02,2026-07-01,277.83,pago
PAG-004069,CLI-0376,2026-06-02,2026-06-11,277.83,pago
PAG-004070,CLI-0376,2026-05-03,2026-05-21,277.83,pago
PAG-004071,CLI-0376,2026-04-03,2026-04-09,277.83,pago
PAG-004072,CLI-0376,2026-03-04,2026-03-01,277.83,pago
PAG-004073,CLI-0376,2026-02-02,2026-02-17,277.83,pago
PAG-004074,CLI-0376,2026-01-03,2026-01-08,277.83,pago
PAG-004075,CLI-0376,2025-12-04,2025-12-02,277.83,pago
PAG-004076,CLI-0376,2025-11-04,2025-11-14,277.83,pago
PAG-004077,CLI-0376,2025-10-05,2025-10-21,277.83,pago
PAG-004078,CLI-0376,2025-09-05,2025-09-11,277.83,pago
PAG-004079,CLI-0377,2026-08-01,2026-08-05,83.53,pago
PAG-004080,CLI-0377,2026-07-02,2026-07-15,83.53,pago
PAG-004081,CLI-0377,2026-06-02,,83.53,pendente
PAG-004082,CLI-0377,2026-05-03,2026-05-06,83.53,pago
PAG-004083,CLI-0377,2026-04-03,2026-04-18,83.53,pago
PAG-004084,CLI-0378,2026-08-01,2026-08-16,163.75,pago
PAG-004085,CLI-0378,2026-07-02,2026-07-03,163.75,pago
PAG-004086,CLI-0378,2026-06-02,2026-06-06,163.75,pago
PAG-004087,CLI-0378,2026-05-03,2026-05-03,163.75,pago
PAG-004088,CLI-0378,2026-04-03,2026-04-01,163.75,pago
PAG-004089,CLI-0378,2026-03-04,2026-03-21,163.75,pago
PAG-004090,CLI-0378,2026-02-02,2026-02-12,163.75,pago
PAG-004091,CLI-0378,2026-01-03,2026-01-01,163.75,pago
PAG-004092,CLI-0378,2025-12-04,2025-12-01,163.75,pago
PAG-004093,CLI-0378,2025-11-04,2025-11-18,163.75,pago
PAG-004094,CLI-0378,2025-10-05,2025-10-15,163.75,pago
PAG-004095,CLI-0378,2025-09-05,2025-09-09,163.75,pago
PAG-004096,CLI-0379,2026-08-01,2026-08-03,79.64,pago
PAG-004097,CLI-0379,2026-07-02,2026-07-18,79.64,pago
PAG-004098,CLI-0379,2026-06-02,2026-06-04,79.64,pago
PAG-004099,CLI-0379,2026-05-03,2026-05-16,79.64,pago
PAG-004100,CLI-0379,2026-04-03,2026-04-16,79.64,pago
PAG-004101,CLI-0379,2026-03-04,2026-03-16,79.64,pago
PAG-004102,CLI-0379,2026-02-02,2026-02-20,79.64,pago
PAG-004103,CLI-0379,2026-01-03,2026-01-03,79.64,pago
PAG-004104,CLI-0379,2025-12-04,2025-12-04,79.64,pago
PAG-004105,CLI-0379,2025-11-04,2025-11-07,79.64,pago
PAG-004106,CLI-0379,2025-10-05,2025-10-12,79.64,pago
PAG-004107,CLI-0380,2026-08-01,2026-08-03,310.04,pago
PAG-004108,CLI-0380,2026-07-02,2026-07-07,310.04,pago
PAG-004109,CLI-0380,2026-06-02,2026-06-08,310.04,pago
PAG-004110,CLI-0380,2026-05-03,2026-05-21,310.04,pago
PAG-004111,CLI-0380,2026-04-03,2026-04-16,310.04,pago
PAG-004112,CLI-0380,2026-03-04,2026-03-16,310.04,pago
PAG-004113,CLI-0380,2026-02-02,2026-01-31,310.04,pago
PAG-004114,CLI-0380,2026-01-03,2026-01-06,310.04,pago
PAG-004115,CLI-0380,2025-12-04,2025-12-18,310.04,pago
PAG-004116,CLI-0380,2025-11-04,2025-11-08,310.04,pago
PAG-004117,CLI-0380,2025-10-05,2025-10-06,310.04,pago
PAG-004118,CLI-0380,2025-09-05,2025-09-04,310.04,pago
PAG-004119,CLI-0381,2026-08-01,2026-08-12,157.54,pago
PAG-004120,CLI-0381,2026-07-02,2026-07-17,157.54,pago
PAG-004121,CLI-0381,2026-06-02,,157.54,pendente
PAG-004122,CLI-0381,2026-05-03,2026-05-04,157.54,pago
PAG-004123,CLI-0381,2026-04-03,2026-04-21,157.54,pago
PAG-004124,CLI-0381,2026-03-04,,157.54,pendente
PAG-004125,CLI-0381,2026-02-02,2026-02-18,157.54,pago
PAG-004126,CLI-0381,2026-01-03,,157.54,pendente
PAG-004127,CLI-0381,2025-12-04,2025-12-22,157.54,pago
PAG-004128,CLI-0381,2025-11-04,2025-11-03,157.54,pago
PAG-004129,CLI-0381,2025-10-05,2025-10-14,157.54,pago
PAG-004130,CLI-0381,2025-09-05,2025-09-03,157.54,pago
PAG-004131,CLI-0382,2026-08-01,2026-08-07,103.73,pago
PAG-004132,CLI-0382,2026-07-02,2026-07-13,103.73,pago
PAG-004133,CLI-0382,2026-06-02,2026-06-11,103.73,pago
PAG-004134,CLI-0382,2026-05-03,2026-05-21,103.73,pago
PAG-004135,CLI-0382,2026-04-03,2026-04-06,103.73,pago
PAG-004136,CLI-0382,2026-03-04,2026-03-19,103.73,pago
PAG-004137,CLI-0382,2026-02-02,2026-01-30,103.73,pago
PAG-004138,CLI-0382,2026-01-03,2026-01-19,103.73,pago
PAG-004139,CLI-0382,2025-12-04,2025-12-15,103.73,pago
PAG-004140,CLI-0382,2025-11-04,2025-11-06,103.73,pago
PAG-004141,CLI-0382,2025-10-05,2025-10-15,103.73,pago
PAG-004142,CLI-0382,2025-09-05,2025-09-05,103.73,pago
PAG-004143,CLI-0383,2026-08-01,2026-08-14,76.97,pago
PAG-004144,CLI-0383,2026-07-02,2026-06-30,76.97,pago
PAG-004145,CLI-0383,2026-06-02,2026-06-14,76.97,pago
PAG-004146,CLI-0383,2026-05-03,2026-05-19,76.97,pago
PAG-004147,CLI-0383,2026-04-03,2026-04-19,76.97,pago
PAG-004148,CLI-0383,2026-03-04,,76.97,pendente
PAG-004149,CLI-0383,2026-02-02,2026-02-12,76.97,pago
PAG-004150,CLI-0383,2026-01-03,2026-01-07,76.97,pago
PAG-004151,CLI-0383,2025-12-04,2025-12-03,76.97,pago
PAG-004152,CLI-0383,2025-11-04,2025-11-19,76.97,pago
PAG-004153,CLI-0383,2025-10-05,2025-10-10,76.97,pago
PAG-004154,CLI-0383,2025-09-05,2025-09-19,76.97,pago
PAG-004155,CLI-0384,2026-08-01,2026-08-10,166.31,pago
PAG-004156,CLI-0384,2026-07-02,2026-07-07,166.31,pago
PAG-004157,CLI-0384,2026-06-02,2026-06-19,166.31,pago
PAG-004158,CLI-0384,2026-05-03,,166.31,pendente
PAG-004159,CLI-0384,2026-04-03,,166.31,pendente
PAG-004160,CLI-0384,2026-03-04,2026-03-14,166.31,pago
PAG-004161,CLI-0384,2026-02-02,2026-02-14,166.31,pago
PAG-004162,CLI-0384,2026-01-03,2026-01-08,166.31,pago
PAG-004163,CLI-0384,2025-12-04,2025-12-20,166.31,pago
PAG-004164,CLI-0384,2025-11-04,2025-11-13,166.31,pago
PAG-004165,CLI-0384,2025-10-05,2025-10-04,166.31,pago
PAG-004166,CLI-0384,2025-09-05,2025-09-10,166.31,pago
PAG-004167,CLI-0385,2026-08-01,2026-08-01,107.38,pago
PAG-004168,CLI-0385,2026-07-02,2026-07-11,107.38,pago
PAG-004169,CLI-0385,2026-06-02,2026-06-08,107.38,pago
PAG-004170,CLI-0385,2026-05-03,2026-05-21,107.38,pago
PAG-004171,CLI-0385,2026-04-03,2026-04-20,107.38,pago
PAG-004172,CLI-0385,2026-03-04,2026-03-07,107.38,pago
PAG-004173,CLI-0386,2026-08-01,2026-08-19,107.72,pago
PAG-004174,CLI-0386,2026-07-02,2026-07-04,107.72,pago
PAG-004175,CLI-0386,2026-06-02,2026-06-15,107.72,pago
PAG-004176,CLI-0386,2026-05-03,2026-05-08,107.72,pago
PAG-004177,CLI-0386,2026-04-03,2026-04-21,107.72,pago
PAG-004178,CLI-0386,2026-03-04,2026-03-22,107.72,pago
PAG-004179,CLI-0386,2026-02-02,2026-02-02,107.72,pago
PAG-004180,CLI-0386,2026-01-03,2026-01-20,107.72,pago
PAG-004181,CLI-0386,2025-12-04,2025-12-21,107.72,pago
PAG-004182,CLI-0386,2025-11-04,2025-11-22,107.72,pago
PAG-004183,CLI-0386,2025-10-05,,107.72,pendente
PAG-004184,CLI-0387,2026-08-01,2026-08-15,289.26,pago
PAG-004185,CLI-0387,2026-07-02,2026-07-10,289.26,pago
PAG-004186,CLI-0387,2026-06-02,2026-06-15,289.26,pago
PAG-004187,CLI-0387,2026-05-03,2026-05-01,289.26,pago
PAG-004188,CLI-0387,2026-04-03,,289.26,pendente
PAG-004189,CLI-0387,2026-03-04,2026-03-16,289.26,pago
PAG-004190,CLI-0387,2026-02-02,2026-02-04,289.26,pago
PAG-004191,CLI-0387,2026-01-03,2026-01-02,289.26,pago
PAG-004192,CLI-0387,2025-12-04,2025-12-11,289.26,pago
PAG-004193,CLI-0387,2025-11-04,2025-11-07,289.26,pago
PAG-004194,CLI-0387,2025-10-05,2025-10-02,289.26,pago
PAG-004195,CLI-0387,2025-09-05,2025-09-09,289.26,pago
PAG-004196,CLI-0388,2026-08-01,2026-08-17,321.68,pago
PAG-004197,CLI-0388,2026-07-02,2026-07-17,321.68,pago
PAG-004198,CLI-0388,2026-06-02,2026-06-14,321.68,pago
PAG-004199,CLI-0388,2026-05-03,2026-05-11,321.68,pago
PAG-004200,CLI-0388,2026-04-03,2026-04-11,321.68,pago
PAG-004201,CLI-0388,2026-03-04,2026-03-12,321.68,pago
PAG-004202,CLI-0388,2026-02-02,2026-02-20,321.68,pago
PAG-004203,CLI-0388,2026-01-03,2026-01-07,321.68,pago
PAG-004204,CLI-0388,2025-12-04,2025-12-05,321.68,pago
PAG-004205,CLI-0388,2025-11-04,2025-11-15,321.68,pago
PAG-004206,CLI-0388,2025-10-05,2025-10-21,321.68,pago
PAG-004207,CLI-0388,2025-09-05,2025-09-18,321.68,pago
PAG-004208,CLI-0389,2026-08-01,2026-08-01,293.14,pago
PAG-004209,CLI-0389,2026-07-02,2026-07-04,293.14,pago
PAG-004210,CLI-0389,2026-06-02,2026-06-05,293.14,pago
PAG-004211,CLI-0389,2026-05-03,2026-05-03,293.14,pago
PAG-004212,CLI-0389,2026-04-03,,293.14,pendente
PAG-004213,CLI-0389,2026-03-04,,293.14,pendente
PAG-004214,CLI-0389,2026-02-02,2026-02-10,293.14,pago
PAG-004215,CLI-0389,2026-01-03,2026-01-17,293.14,pago
PAG-004216,CLI-0389,2025-12-04,2025-12-18,293.14,pago
PAG-004217,CLI-0389,2025-11-04,2025-11-21,293.14,pago
PAG-004218,CLI-0389,2025-10-05,2025-10-04,293.14,pago
PAG-004219,CLI-0389,2025-09-05,2025-09-17,293.14,pago
PAG-004220,CLI-0390,2026-08-01,2026-08-13,215.07,pago
PAG-004221,CLI-0390,2026-07-02,2026-07-06,215.07,pago
PAG-004222,CLI-0390,2026-06-02,2026-06-19,215.07,pago
PAG-004223,CLI-0390,2026-05-03,2026-05-01,215.07,pago
PAG-004224,CLI-0390,2026-04-03,2026-04-21,215.07,pago
PAG-004225,CLI-0390,2026-03-04,2026-03-09,215.07,pago
PAG-004226,CLI-0390,2026-02-02,2026-02-06,215.07,pago
PAG-004227,CLI-0390,2026-01-03,,215.07,pendente
PAG-004228,CLI-0390,2025-12-04,2025-12-08,215.07,pago
PAG-004229,CLI-0390,2025-11-04,2025-11-10,215.07,pago
PAG-004230,CLI-0390,2025-10-05,2025-10-22,215.07,pago
PAG-004231,CLI-0390,2025-09-05,2025-09-06,215.07,pago
PAG-004232,CLI-0391,2026-08-01,2026-08-06,85.89,pago
PAG-004233,CLI-0391,2026-07-02,2026-06-30,85.89,pago
PAG-004234,CLI-0391,2026-06-02,2026-06-07,85.89,pago
PAG-004235,CLI-0391,2026-05-03,2026-05-05,85.89,pago
PAG-004236,CLI-0391,2026-04-03,2026-04-21,85.89,pago
PAG-004237,CLI-0391,2026-03-04,2026-03-03,85.89,pago
PAG-004238,CLI-0391,2026-02-02,2026-02-07,85.89,pago
PAG-004239,CLI-0391,2026-01-03,2026-01-18,85.89,pago
PAG-004240,CLI-0391,2025-12-04,2025-12-22,85.89,pago
PAG-004241,CLI-0391,2025-11-04,2025-11-14,85.89,pago
PAG-004242,CLI-0391,2025-10-05,2025-10-20,85.89,pago
PAG-004243,CLI-0391,2025-09-05,2025-09-04,85.89,pago
PAG-004244,CLI-0392,2026-08-01,2026-08-16,311.35,pago
PAG-004245,CLI-0392,2026-07-02,2026-07-12,311.35,pago
PAG-004246,CLI-0392,2026-06-02,2026-06-18,311.35,pago
PAG-004247,CLI-0392,2026-05-03,2026-05-17,311.35,pago
PAG-004248,CLI-0392,2026-04-03,2026-04-14,311.35,pago
PAG-004249,CLI-0392,2026-03-04,2026-03-19,311.35,pago
PAG-004250,CLI-0392,2026-02-02,2026-02-14,311.35,pago
PAG-004251,CLI-0392,2026-01-03,2026-01-05,311.35,pago
PAG-004252,CLI-0392,2025-12-04,2025-12-16,311.35,pago
PAG-004253,CLI-0392,2025-11-04,2025-11-20,311.35,pago
PAG-004254,CLI-0392,2025-10-05,2025-10-07,311.35,pago
PAG-004255,CLI-0392,2025-09-05,2025-09-22,311.35,pago
PAG-004256,CLI-0393,2026-08-01,2026-08-18,222.25,pago
PAG-004257,CLI-0393,2026-07-02,2026-07-09,222.25,pago
PAG-004258,CLI-0393,2026-06-02,2026-05-30,222.25,pago
PAG-004259,CLI-0393,2026-05-03,2026-05-21,222.25,pago
PAG-004260,CLI-0393,2026-04-03,2026-04-18,222.25,pago
PAG-004261,CLI-0393,2026-03-04,2026-03-06,222.25,pago
PAG-004262,CLI-0393,2026-02-02,2026-02-03,222.25,pago
PAG-004263,CLI-0393,2026-01-03,2026-01-03,222.25,pago
PAG-004264,CLI-0393,2025-12-04,2025-12-12,222.25,pago
PAG-004265,CLI-0393,2025-11-04,2025-11-12,222.25,pago
PAG-004266,CLI-0393,2025-10-05,2025-10-14,222.25,pago
PAG-004267,CLI-0393,2025-09-05,2025-09-11,222.25,pago
PAG-004268,CLI-0394,2026-08-01,2026-07-30,304.69,pago
PAG-004269,CLI-0394,2026-07-02,2026-07-09,304.69,pago
PAG-004270,CLI-0394,2026-06-02,,304.69,pendente
PAG-004271,CLI-0394,2026-05-03,2026-05-11,304.69,pago
PAG-004272,CLI-0394,2026-04-03,2026-04-07,304.69,pago
PAG-004273,CLI-0394,2026-03-04,2026-03-02,304.69,pago
PAG-004274,CLI-0394,2026-02-02,2026-02-11,304.69,pago
PAG-004275,CLI-0394,2026-01-03,2026-01-18,304.69,pago
PAG-004276,CLI-0394,2025-12-04,2025-12-06,304.69,pago
PAG-004277,CLI-0394,2025-11-04,2025-11-15,304.69,pago
PAG-004278,CLI-0394,2025-10-05,,304.69,pendente
PAG-004279,CLI-0394,2025-09-05,2025-09-20,304.69,pago
PAG-004280,CLI-0395,2026-08-01,2026-08-08,144.59,pago
PAG-004281,CLI-0395,2026-07-02,2026-07-08,144.59,pago
PAG-004282,CLI-0395,2026-06-02,2026-06-08,144.59,pago
PAG-004283,CLI-0395,2026-05-03,2026-05-02,144.59,pago
PAG-004284,CLI-0395,2026-04-03,2026-04-09,144.59,pago
PAG-004285,CLI-0395,2026-03-04,2026-03-13,144.59,pago
PAG-004286,CLI-0395,2026-02-02,2026-02-18,144.59,pago
PAG-004287,CLI-0395,2026-01-03,2026-01-19,144.59,pago
PAG-004288,CLI-0395,2025-12-04,2025-12-09,144.59,pago
PAG-004289,CLI-0395,2025-11-04,2025-11-15,144.59,pago
PAG-004290,CLI-0396,2026-08-01,2026-08-15,164.2,pago
PAG-004291,CLI-0396,2026-07-02,2026-07-15,164.2,pago
PAG-004292,CLI-0396,2026-06-02,2026-06-07,164.2,pago
PAG-004293,CLI-0396,2026-05-03,2026-05-05,164.2,pago
PAG-004294,CLI-0396,2026-04-03,2026-03-31,164.2,pago
PAG-004295,CLI-0396,2026-03-04,2026-03-19,164.2,pago
PAG-004296,CLI-0396,2026-02-02,2026-01-31,164.2,pago
PAG-004297,CLI-0396,2026-01-03,2026-01-03,164.2,pago
PAG-004298,CLI-0396,2025-12-04,2025-12-02,164.2,pago
PAG-004299,CLI-0396,2025-11-04,2025-11-10,164.2,pago
PAG-004300,CLI-0396,2025-10-05,2025-10-18,164.2,pago
PAG-004301,CLI-0396,2025-09-05,2025-09-11,164.2,pago
PAG-004302,CLI-0397,2026-08-01,2026-07-31,215.91,pago
PAG-004303,CLI-0397,2026-07-02,2026-07-18,215.91,pago
PAG-004304,CLI-0397,2026-06-02,2026-05-31,215.91,pago
PAG-004305,CLI-0397,2026-05-03,2026-05-04,215.91,pago
PAG-004306,CLI-0397,2026-04-03,2026-04-11,215.91,pago
PAG-004307,CLI-0397,2026-03-04,2026-03-04,215.91,pago
PAG-004308,CLI-0397,2026-02-02,2026-02-13,215.91,pago
PAG-004309,CLI-0397,2026-01-03,2026-01-12,215.91,pago
PAG-004310,CLI-0397,2025-12-04,2025-12-17,215.91,pago
PAG-004311,CLI-0397,2025-11-04,2025-11-13,215.91,pago
PAG-004312,CLI-0397,2025-10-05,2025-10-20,215.91,pago
PAG-004313,CLI-0397,2025-09-05,2025-09-23,215.91,pago
PAG-004314,CLI-0398,2026-08-01,2026-07-30,222.72,pago
PAG-004315,CLI-0399,2026-08-01,2026-08-18,119.33,pago
PAG-004316,CLI-0399,2026-07-02,2026-07-03,119.33,pago
PAG-004317,CLI-0399,2026-06-02,2026-06-07,119.33,pago
PAG-004318,CLI-0399,2026-05-03,2026-05-18,119.33,pago
PAG-004319,CLI-0399,2026-04-03,2026-04-04,119.33,pago
PAG-004320,CLI-0399,2026-03-04,2026-03-21,119.33,pago
PAG-004321,CLI-0399,2026-02-02,2026-02-20,119.33,pago
PAG-004322,CLI-0399,2026-01-03,2026-01-14,119.33,pago
PAG-004323,CLI-0399,2025-12-04,2025-12-03,119.33,pago
PAG-004324,CLI-0399,2025-11-04,2025-11-07,119.33,pago
PAG-004325,CLI-0399,2025-10-05,2025-10-11,119.33,pago
PAG-004326,CLI-0399,2025-09-05,2025-09-12,119.33,pago
PAG-004327,CLI-0400,2026-08-01,2026-08-03,88.65,pago
PAG-004328,CLI-0400,2026-07-02,2026-07-09,88.65,pago
PAG-004329,CLI-0400,2026-06-02,2026-06-04,88.65,pago
PAG-004330,CLI-0400,2026-05-03,2026-05-04,88.65,pago
PAG-004331,CLI-0400,2026-04-03,2026-04-04,88.65,pago
PAG-004332,CLI-0400,2026-03-04,2026-03-08,88.65,pago
PAG-004333,CLI-0400,2026-02-02,,88.65,pendente
PAG-004334,CLI-0400,2026-01-03,,88.65,pendente
PAG-004335,CLI-0400,2025-12-04,2025-12-19,88.65,pago
PAG-004336,CLI-0400,2025-11-04,2025-11-07,88.65,pago
PAG-004337,CLI-0400,2025-10-05,2025-10-02,88.65,pago
PAG-004338,CLI-0401,2026-08-01,2026-08-13,106.68,pago
PAG-004339,CLI-0401,2026-07-02,2026-07-10,106.68,pago
PAG-004340,CLI-0402,2026-08-01,2026-07-30,146.24,pago
PAG-004341,CLI-0402,2026-07-02,2026-06-30,146.24,pago
PAG-004342,CLI-0402,2026-06-02,2026-06-12,146.24,pago
PAG-004343,CLI-0402,2026-05-03,2026-05-08,146.24,pago
PAG-004344,CLI-0402,2026-04-03,2026-04-17,146.24,pago
PAG-004345,CLI-0402,2026-03-04,2026-03-04,146.24,pago
PAG-004346,CLI-0402,2026-02-02,2026-02-14,146.24,pago
PAG-004347,CLI-0402,2026-01-03,2026-01-15,146.24,pago
PAG-004348,CLI-0402,2025-12-04,2025-12-09,146.24,pago
PAG-004349,CLI-0402,2025-11-04,2025-11-20,146.24,pago
PAG-004350,CLI-0402,2025-10-05,2025-10-21,146.24,pago
PAG-004351,CLI-0402,2025-09-05,2025-09-07,146.24,pago
PAG-004352,CLI-0403,2026-08-01,2026-08-08,157.09,pago
PAG-004353,CLI-0403,2026-07-02,2026-07-16,157.09,pago
PAG-004354,CLI-0403,2026-06-02,2026-06-07,157.09,pago
PAG-004355,CLI-0403,2026-05-03,2026-05-04,157.09,pago
PAG-004356,CLI-0404,2026-08-01,2026-07-30,111.03,pago
PAG-004357,CLI-0404,2026-07-02,2026-07-06,111.03,pago
PAG-004358,CLI-0404,2026-06-02,2026-06-10,111.03,pago
PAG-004359,CLI-0404,2026-05-03,2026-05-19,111.03,pago
PAG-004360,CLI-0404,2026-04-03,2026-04-11,111.03,pago
PAG-004361,CLI-0404,2026-03-04,2026-03-11,111.03,pago
PAG-004362,CLI-0404,2026-02-02,2026-02-02,111.03,pago
PAG-004363,CLI-0404,2026-01-03,2026-01-05,111.03,pago
PAG-004364,CLI-0404,2025-12-04,2025-12-16,111.03,pago
PAG-004365,CLI-0404,2025-11-04,2025-11-09,111.03,pago
PAG-004366,CLI-0404,2025-10-05,2025-10-19,111.03,pago
PAG-004367,CLI-0404,2025-09-05,2025-09-07,111.03,pago
PAG-004368,CLI-0405,2026-08-01,2026-08-04,75.81,pago
PAG-004369,CLI-0405,2026-07-02,2026-06-29,75.81,pago
PAG-004370,CLI-0405,2026-06-02,2026-06-05,75.81,pago
PAG-004371,CLI-0405,2026-05-03,2026-05-09,75.81,pago
PAG-004372,CLI-0405,2026-04-03,2026-04-14,75.81,pago
PAG-004373,CLI-0405,2026-03-04,2026-03-01,75.81,pago
PAG-004374,CLI-0405,2026-02-02,2026-02-15,75.81,pago
PAG-004375,CLI-0405,2026-01-03,2026-01-19,75.81,pago
PAG-004376,CLI-0405,2025-12-04,2025-12-11,75.81,pago
PAG-004377,CLI-0405,2025-11-04,,75.81,pendente
PAG-004378,CLI-0405,2025-10-05,2025-10-07,75.81,pago
PAG-004379,CLI-0405,2025-09-05,,75.81,pendente
PAG-004380,CLI-0406,2026-08-01,2026-07-31,140.05,pago
PAG-004381,CLI-0406,2026-07-02,2026-07-12,140.05,pago
PAG-004382,CLI-0406,2026-06-02,2026-06-03,140.05,pago
PAG-004383,CLI-0406,2026-05-03,2026-05-10,140.05,pago
PAG-004384,CLI-0406,2026-04-03,2026-04-18,140.05,pago
PAG-004385,CLI-0406,2026-03-04,2026-03-14,140.05,pago
PAG-004386,CLI-0406,2026-02-02,2026-02-20,140.05,pago
PAG-004387,CLI-0406,2026-01-03,2026-01-04,140.05,pago
PAG-004388,CLI-0406,2025-12-04,2025-12-06,140.05,pago
PAG-004389,CLI-0406,2025-11-04,2025-11-10,140.05,pago
PAG-004390,CLI-0406,2025-10-05,2025-10-07,140.05,pago
PAG-004391,CLI-0406,2025-09-05,,140.05,pendente
PAG-004392,CLI-0407,2026-08-01,2026-08-07,208.84,pago
PAG-004393,CLI-0407,2026-07-02,2026-07-02,208.84,pago
PAG-004394,CLI-0407,2026-06-02,2026-06-16,208.84,pago
PAG-004395,CLI-0407,2026-05-03,2026-05-13,208.84,pago
PAG-004396,CLI-0407,2026-04-03,2026-04-17,208.84,pago
PAG-004397,CLI-0407,2026-03-04,2026-03-13,208.84,pago
PAG-004398,CLI-0408,2026-08-01,2026-08-10,153.82,pago
PAG-004399,CLI-0409,2026-08-01,2026-08-12,214.9,pago
PAG-004400,CLI-0409,2026-07-02,2026-07-12,214.9,pago
PAG-004401,CLI-0409,2026-06-02,2026-06-18,214.9,pago
PAG-004402,CLI-0409,2026-05-03,2026-05-08,214.9,pago
PAG-004403,CLI-0409,2026-04-03,2026-04-16,214.9,pago
PAG-004404,CLI-0409,2026-03-04,2026-03-06,214.9,pago
PAG-004405,CLI-0409,2026-02-02,2026-02-05,214.9,pago
PAG-004406,CLI-0409,2026-01-03,2026-01-17,214.9,pago
PAG-004407,CLI-0409,2025-12-04,,214.9,pendente
PAG-004408,CLI-0409,2025-11-04,2025-11-14,214.9,pago
PAG-004409,CLI-0409,2025-10-05,2025-10-02,214.9,pago
PAG-004410,CLI-0409,2025-09-05,2025-09-07,214.9,pago
PAG-004411,CLI-0410,2026-08-01,2026-08-17,88.47,pago
PAG-004412,CLI-0410,2026-07-02,2026-07-17,88.47,pago
PAG-004413,CLI-0410,2026-06-02,2026-05-31,88.47,pago
PAG-004414,CLI-0410,2026-05-03,,88.47,pendente
PAG-004415,CLI-0410,2026-04-03,2026-04-13,88.47,pago
PAG-004416,CLI-0411,2026-08-01,2026-08-04,119.96,pago
PAG-004417,CLI-0411,2026-07-02,2026-07-14,119.96,pago
PAG-004418,CLI-0411,2026-06-02,2026-06-01,119.96,pago
PAG-004419,CLI-0411,2026-05-03,2026-05-20,119.96,pago
PAG-004420,CLI-0411,2026-04-03,,119.96,pendente
PAG-004421,CLI-0411,2026-03-04,2026-03-18,119.96,pago
PAG-004422,CLI-0411,2026-02-02,2026-02-11,119.96,pago
PAG-004423,CLI-0411,2026-01-03,2026-01-14,119.96,pago
PAG-004424,CLI-0411,2025-12-04,,119.96,pendente
PAG-004425,CLI-0411,2025-11-04,2025-11-10,119.96,pago
PAG-004426,CLI-0411,2025-10-05,2025-10-05,119.96,pago
PAG-004427,CLI-0411,2025-09-05,,119.96,pendente
PAG-004428,CLI-0412,2026-08-01,2026-08-13,76.72,pago
PAG-004429,CLI-0412,2026-07-02,2026-07-19,76.72,pago
PAG-004430,CLI-0412,2026-06-02,2026-06-19,76.72,pago
PAG-004431,CLI-0412,2026-05-03,2026-05-18,76.72,pago
PAG-004432,CLI-0412,2026-04-03,2026-04-20,76.72,pago
PAG-004433,CLI-0412,2026-03-04,2026-03-18,76.72,pago
PAG-004434,CLI-0412,2026-02-02,2026-02-19,76.72,pago
PAG-004435,CLI-0412,2026-01-03,2026-01-07,76.72,pago
PAG-004436,CLI-0412,2025-12-04,2025-12-20,76.72,pago
PAG-004437,CLI-0412,2025-11-04,2025-11-20,76.72,pago
PAG-004438,CLI-0412,2025-10-05,2025-10-15,76.72,pago
PAG-004439,CLI-0412,2025-09-05,2025-09-18,76.72,pago
PAG-004440,CLI-0413,2026-08-01,,82.77,pendente
PAG-004441,CLI-0413,2026-07-02,2026-07-03,82.77,pago
PAG-004442,CLI-0413,2026-06-02,2026-06-11,82.77,pago
PAG-004443,CLI-0413,2026-05-03,2026-05-12,82.77,pago
PAG-004444,CLI-0413,2026-04-03,2026-04-05,82.77,pago
PAG-004445,CLI-0413,2026-03-04,2026-03-12,82.77,pago
PAG-004446,CLI-0413,2026-02-02,2026-02-02,82.77,pago
PAG-004447,CLI-0413,2026-01-03,2026-01-14,82.77,pago
PAG-004448,CLI-0413,2025-12-04,2025-12-20,82.77,pago
PAG-004449,CLI-0413,2025-11-04,2025-11-19,82.77,pago
PAG-004450,CLI-0413,2025-10-05,2025-10-07,82.77,pago
PAG-004451,CLI-0413,2025-09-05,2025-09-09,82.77,pago
PAG-004452,CLI-0414,2026-08-01,2026-08-11,321.73,pago
PAG-004453,CLI-0414,2026-07-02,2026-07-08,321.73,pago
PAG-004454,CLI-0414,2026-06-02,,321.73,pendente
PAG-004455,CLI-0414,2026-05-03,2026-05-19,321.73,pago
PAG-004456,CLI-0414,2026-04-03,2026-03-31,321.73,pago
PAG-004457,CLI-0414,2026-03-04,2026-03-18,321.73,pago
PAG-004458,CLI-0414,2026-02-02,2026-02-13,321.73,pago
PAG-004459,CLI-0414,2026-01-03,2026-01-21,321.73,pago
PAG-004460,CLI-0414,2025-12-04,2025-12-18,321.73,pago
PAG-004461,CLI-0414,2025-11-04,2025-11-20,321.73,pago
PAG-004462,CLI-0414,2025-10-05,2025-10-11,321.73,pago
PAG-004463,CLI-0414,2025-09-05,2025-09-04,321.73,pago
PAG-004464,CLI-0415,2026-08-01,2026-08-17,282.66,pago
PAG-004465,CLI-0415,2026-07-02,2026-07-19,282.66,pago
PAG-004466,CLI-0415,2026-06-02,2026-06-11,282.66,pago
PAG-004467,CLI-0415,2026-05-03,2026-05-10,282.66,pago
PAG-004468,CLI-0415,2026-04-03,2026-04-03,282.66,pago
PAG-004469,CLI-0415,2026-03-04,2026-03-02,282.66,pago
PAG-004470,CLI-0415,2026-02-02,2026-02-03,282.66,pago
PAG-004471,CLI-0415,2026-01-03,2026-01-01,282.66,pago
PAG-004472,CLI-0415,2025-12-04,2025-12-10,282.66,pago
PAG-004473,CLI-0415,2025-11-04,2025-11-02,282.66,pago
PAG-004474,CLI-0415,2025-10-05,,282.66,pendente
PAG-004475,CLI-0415,2025-09-05,2025-09-10,282.66,pago
PAG-004476,CLI-0416,2026-08-01,2026-08-15,322.1,pago
PAG-004477,CLI-0416,2026-07-02,2026-07-18,322.1,pago
PAG-004478,CLI-0416,2026-06-02,2026-06-14,322.1,pago
PAG-004479,CLI-0416,2026-05-03,2026-05-03,322.1,pago
PAG-004480,CLI-0416,2026-04-03,2026-04-13,322.1,pago
PAG-004481,CLI-0416,2026-03-04,2026-03-08,322.1,pago
PAG-004482,CLI-0416,2026-02-02,,322.1,pendente
PAG-004483,CLI-0416,2026-01-03,2026-01-14,322.1,pago
PAG-004484,CLI-0416,2025-12-04,2025-12-01,322.1,pago
PAG-004485,CLI-0416,2025-11-04,2025-11-07,322.1,pago
PAG-004486,CLI-0416,2025-10-05,2025-10-13,322.1,pago
PAG-004487,CLI-0416,2025-09-05,2025-09-23,322.1,pago
PAG-004488,CLI-0417,2026-08-01,2026-08-04,209.7,pago
PAG-004489,CLI-0417,2026-07-02,2026-07-02,209.7,pago
PAG-004490,CLI-0417,2026-06-02,2026-06-07,209.7,pago
PAG-004491,CLI-0417,2026-05-03,2026-05-09,209.7,pago
PAG-004492,CLI-0417,2026-04-03,2026-04-08,209.7,pago
PAG-004493,CLI-0417,2026-03-04,2026-03-20,209.7,pago
PAG-004494,CLI-0417,2026-02-02,2026-02-11,209.7,pago
PAG-004495,CLI-0418,2026-08-01,,206.24,pendente
PAG-004496,CLI-0418,2026-07-02,2026-07-10,206.24,pago
PAG-004497,CLI-0418,2026-06-02,2026-06-12,206.24,pago
PAG-004498,CLI-0418,2026-05-03,2026-05-04,206.24,pago
PAG-004499,CLI-0418,2026-04-03,2026-04-13,206.24,pago
PAG-004500,CLI-0418,2026-03-04,2026-03-06,206.24,pago
PAG-004501,CLI-0418,2026-02-02,2026-02-04,206.24,pago
PAG-004502,CLI-0418,2026-01-03,,206.24,pendente
PAG-004503,CLI-0418,2025-12-04,,206.24,pendente
PAG-004504,CLI-0418,2025-11-04,2025-11-21,206.24,pago
PAG-004505,CLI-0418,2025-10-05,2025-10-11,206.24,pago
PAG-004506,CLI-0418,2025-09-05,2025-09-02,206.24,pago
PAG-004507,CLI-0419,2026-08-01,2026-08-19,164.91,pago
PAG-004508,CLI-0419,2026-07-02,2026-07-01,164.91,pago
PAG-004509,CLI-0419,2026-06-02,2026-06-01,164.91,pago
PAG-004510,CLI-0419,2026-05-03,2026-05-15,164.91,pago
PAG-004511,CLI-0419,2026-04-03,2026-04-20,164.91,pago
PAG-004512,CLI-0419,2026-03-04,2026-03-15,164.91,pago
PAG-004513,CLI-0419,2026-02-02,2026-02-12,164.91,pago
PAG-004514,CLI-0419,2026-01-03,2026-01-17,164.91,pago
PAG-004515,CLI-0419,2025-12-04,2025-12-08,164.91,pago
PAG-004516,CLI-0419,2025-11-04,2025-11-18,164.91,pago
PAG-004517,CLI-0419,2025-10-05,2025-10-23,164.91,pago
PAG-004518,CLI-0419,2025-09-05,2025-09-12,164.91,pago
PAG-004519,CLI-0420,2026-08-01,2026-08-17,104.85,pago
PAG-004520,CLI-0420,2026-07-02,2026-07-09,104.85,pago
PAG-004521,CLI-0420,2026-06-02,2026-06-15,104.85,pago
PAG-004522,CLI-0420,2026-05-03,2026-05-07,104.85,pago
PAG-004523,CLI-0420,2026-04-03,2026-04-16,104.85,pago
PAG-004524,CLI-0420,2026-03-04,2026-03-03,104.85,pago
PAG-004525,CLI-0420,2026-02-02,2026-02-01,104.85,pago
PAG-004526,CLI-0420,2026-01-03,2026-01-07,104.85,pago
PAG-004527,CLI-0420,2025-12-04,2025-12-17,104.85,pago
PAG-004528,CLI-0420,2025-11-04,2025-11-06,104.85,pago
PAG-004529,CLI-0420,2025-10-05,2025-10-03,104.85,pago
PAG-004530,CLI-0420,2025-09-05,2025-09-18,104.85,pago
PAG-004531,CLI-0421,2026-08-01,2026-08-04,297.06,pago
PAG-004532,CLI-0421,2026-07-02,2026-07-06,297.06,pago
PAG-004533,CLI-0421,2026-06-02,2026-06-15,297.06,pago
PAG-004534,CLI-0421,2026-05-03,2026-05-16,297.06,pago
PAG-004535,CLI-0421,2026-04-03,2026-04-03,297.06,pago
PAG-004536,CLI-0421,2026-03-04,2026-03-22,297.06,pago
PAG-004537,CLI-0421,2026-02-02,2026-02-08,297.06,pago
PAG-004538,CLI-0421,2026-01-03,2026-01-12,297.06,pago
PAG-004539,CLI-0421,2025-12-04,2025-12-16,297.06,pago
PAG-004540,CLI-0421,2025-11-04,2025-11-13,297.06,pago
PAG-004541,CLI-0421,2025-10-05,2025-10-20,297.06,pago
PAG-004542,CLI-0421,2025-09-05,2025-09-20,297.06,pago
PAG-004543,CLI-0422,2026-08-01,2026-08-15,86.51,pago
PAG-004544,CLI-0422,2026-07-02,2026-07-20,86.51,pago
PAG-004545,CLI-0422,2026-06-02,2026-06-04,86.51,pago
PAG-004546,CLI-0422,2026-05-03,2026-05-02,86.51,pago
PAG-004547,CLI-0422,2026-04-03,2026-04-13,86.51,pago
PAG-004548,CLI-0422,2026-03-04,2026-03-10,86.51,pago
PAG-004549,CLI-0422,2026-02-02,2026-02-04,86.51,pago
PAG-004550,CLI-0422,2026-01-03,2026-01-12,86.51,pago
PAG-004551,CLI-0422,2025-12-04,2025-12-17,86.51,pago
PAG-004552,CLI-0422,2025-11-04,2025-11-10,86.51,pago
PAG-004553,CLI-0422,2025-10-05,2025-10-23,86.51,pago
PAG-004554,CLI-0422,2025-09-05,2025-09-16,86.51,pago
PAG-004555,CLI-0423,2026-08-01,2026-08-15,309.56,pago
PAG-004556,CLI-0423,2026-07-02,2026-07-18,309.56,pago
PAG-004557,CLI-0423,2026-06-02,2026-06-13,309.56,pago
PAG-004558,CLI-0423,2026-05-03,2026-05-14,309.56,pago
PAG-004559,CLI-0423,2026-04-03,,309.56,pendente
PAG-004560,CLI-0423,2026-03-04,2026-03-19,309.56,pago
PAG-004561,CLI-0423,2026-02-02,2026-02-07,309.56,pago
PAG-004562,CLI-0423,2026-01-03,2026-01-03,309.56,pago
PAG-004563,CLI-0423,2025-12-04,2025-12-07,309.56,pago
PAG-004564,CLI-0423,2025-11-04,2025-11-06,309.56,pago
PAG-004565,CLI-0423,2025-10-05,2025-10-14,309.56,pago
PAG-004566,CLI-0423,2025-09-05,2025-09-05,309.56,pago
PAG-004567,CLI-0424,2026-08-01,2026-08-05,76.86,pago
PAG-004568,CLI-0424,2026-07-02,2026-07-14,76.86,pago
PAG-004569,CLI-0424,2026-06-02,2026-06-01,76.86,pago
PAG-004570,CLI-0424,2026-05-03,2026-05-10,76.86,pago
PAG-004571,CLI-0424,2026-04-03,2026-03-31,76.86,pago
PAG-004572,CLI-0424,2026-03-04,2026-03-20,76.86,pago
PAG-004573,CLI-0424,2026-02-02,2026-02-17,76.86,pago
PAG-004574,CLI-0424,2026-01-03,2026-01-05,76.86,pago
PAG-004575,CLI-0424,2025-12-04,2025-12-15,76.86,pago
PAG-004576,CLI-0424,2025-11-04,2025-11-02,76.86,pago
PAG-004577,CLI-0424,2025-10-05,2025-10-06,76.86,pago
PAG-004578,CLI-0424,2025-09-05,2025-09-15,76.86,pago
PAG-004579,CLI-0425,2026-08-01,2026-08-16,216.82,pago
PAG-004580,CLI-0425,2026-07-02,2026-07-06,216.82,pago
PAG-004581,CLI-0425,2026-06-02,2026-06-16,216.82,pago
PAG-004582,CLI-0425,2026-05-03,2026-05-18,216.82,pago
PAG-004583,CLI-0425,2026-04-03,2026-04-09,216.82,pago
PAG-004584,CLI-0425,2026-03-04,2026-03-11,216.82,pago
PAG-004585,CLI-0425,2026-02-02,2026-02-06,216.82,pago
PAG-004586,CLI-0425,2026-01-03,2026-01-01,216.82,pago
PAG-004587,CLI-0425,2025-12-04,2025-12-17,216.82,pago
PAG-004588,CLI-0425,2025-11-04,2025-11-18,216.82,pago
PAG-004589,CLI-0425,2025-10-05,2025-10-18,216.82,pago
PAG-004590,CLI-0425,2025-09-05,2025-09-03,216.82,pago
PAG-004591,CLI-0426,2026-08-01,2026-08-15,146.88,pago
PAG-004592,CLI-0426,2026-07-02,2026-07-12,146.88,pago
PAG-004593,CLI-0426,2026-06-02,2026-06-19,146.88,pago
PAG-004594,CLI-0426,2026-05-03,2026-05-14,146.88,pago
PAG-004595,CLI-0426,2026-04-03,2026-04-02,146.88,pago
PAG-004596,CLI-0426,2026-03-04,2026-03-13,146.88,pago
PAG-004597,CLI-0426,2026-02-02,2026-02-06,146.88,pago
PAG-004598,CLI-0426,2026-01-03,2026-01-18,146.88,pago
PAG-004599,CLI-0426,2025-12-04,2025-12-12,146.88,pago
PAG-004600,CLI-0426,2025-11-04,2025-11-04,146.88,pago
PAG-004601,CLI-0426,2025-10-05,2025-10-11,146.88,pago
PAG-004602,CLI-0426,2025-09-05,2025-09-23,146.88,pago
PAG-004603,CLI-0427,2026-08-01,,304.19,pendente
PAG-004604,CLI-0427,2026-07-02,2026-07-16,304.19,pago
PAG-004605,CLI-0427,2026-06-02,,304.19,pendente
PAG-004606,CLI-0428,2026-08-01,2026-08-09,189.61,pago
PAG-004607,CLI-0428,2026-07-02,2026-07-06,189.61,pago
PAG-004608,CLI-0428,2026-06-02,2026-06-09,189.61,pago
PAG-004609,CLI-0428,2026-05-03,2026-05-14,189.61,pago
PAG-004610,CLI-0428,2026-04-03,2026-04-15,189.61,pago
PAG-004611,CLI-0428,2026-03-04,2026-03-09,189.61,pago
PAG-004612,CLI-0428,2026-02-02,2026-01-30,189.61,pago
PAG-004613,CLI-0428,2026-01-03,2026-01-13,189.61,pago
PAG-004614,CLI-0428,2025-12-04,2025-12-18,189.61,pago
PAG-004615,CLI-0428,2025-11-04,2025-11-04,189.61,pago
PAG-004616,CLI-0428,2025-10-05,2025-10-10,189.61,pago
PAG-004617,CLI-0428,2025-09-05,2025-09-03,189.61,pago
PAG-004618,CLI-0429,2026-08-01,2026-08-07,112.26,pago
PAG-004619,CLI-0429,2026-07-02,2026-07-13,112.26,pago
PAG-004620,CLI-0429,2026-06-02,,112.26,pendente
PAG-004621,CLI-0429,2026-05-03,2026-05-07,112.26,pago
PAG-004622,CLI-0429,2026-04-03,2026-04-19,112.26,pago
PAG-004623,CLI-0429,2026-03-04,,112.26,pendente
PAG-004624,CLI-0429,2026-02-02,2026-02-10,112.26,pago
PAG-004625,CLI-0429,2026-01-03,2026-01-20,112.26,pago
PAG-004626,CLI-0429,2025-12-04,2025-12-01,112.26,pago
PAG-004627,CLI-0429,2025-11-04,2025-11-05,112.26,pago
PAG-004628,CLI-0429,2025-10-05,2025-10-13,112.26,pago
PAG-004629,CLI-0429,2025-09-05,2025-09-07,112.26,pago
PAG-004630,CLI-0430,2026-08-01,2026-08-09,87.29,pago
PAG-004631,CLI-0430,2026-07-02,2026-07-06,87.29,pago
PAG-004632,CLI-0430,2026-06-02,2026-06-19,87.29,pago
PAG-004633,CLI-0430,2026-05-03,2026-05-19,87.29,pago
PAG-004634,CLI-0430,2026-04-03,2026-04-19,87.29,pago
PAG-004635,CLI-0430,2026-03-04,2026-03-21,87.29,pago
PAG-004636,CLI-0430,2026-02-02,2026-02-03,87.29,pago
PAG-004637,CLI-0430,2026-01-03,2026-01-17,87.29,pago
PAG-004638,CLI-0430,2025-12-04,2025-12-01,87.29,pago
PAG-004639,CLI-0430,2025-11-04,2025-11-18,87.29,pago
PAG-004640,CLI-0430,2025-10-05,2025-10-14,87.29,pago
PAG-004641,CLI-0430,2025-09-05,2025-09-20,87.29,pago
PAG-004642,CLI-0431,2026-08-01,2026-07-30,198.83,pago
PAG-004643,CLI-0431,2026-07-02,,198.83,pendente
PAG-004644,CLI-0431,2026-06-02,2026-06-06,198.83,pago
PAG-004645,CLI-0431,2026-05-03,2026-05-13,198.83,pago
PAG-004646,CLI-0431,2026-04-03,2026-04-02,198.83,pago
PAG-004647,CLI-0431,2026-03-04,2026-03-07,198.83,pago
PAG-004648,CLI-0431,2026-02-02,2026-02-16,198.83,pago
PAG-004649,CLI-0431,2026-01-03,2025-12-31,198.83,pago
PAG-004650,CLI-0431,2025-12-04,2025-12-16,198.83,pago
PAG-004651,CLI-0431,2025-11-04,2025-11-01,198.83,pago
PAG-004652,CLI-0431,2025-10-05,,198.83,pendente
PAG-004653,CLI-0431,2025-09-05,2025-09-06,198.83,pago
PAG-004654,CLI-0432,2026-08-01,2026-08-06,161.85,pago
PAG-004655,CLI-0432,2026-07-02,2026-07-07,161.85,pago
PAG-004656,CLI-0432,2026-06-02,2026-06-02,161.85,pago
PAG-004657,CLI-0432,2026-05-03,2026-05-03,161.85,pago
PAG-004658,CLI-0432,2026-04-03,2026-04-17,161.85,pago
PAG-004659,CLI-0432,2026-03-04,2026-03-03,161.85,pago
PAG-004660,CLI-0432,2026-02-02,2026-01-30,161.85,pago
PAG-004661,CLI-0432,2026-01-03,2026-01-09,161.85,pago
PAG-004662,CLI-0432,2025-12-04,2025-12-02,161.85,pago
PAG-004663,CLI-0432,2025-11-04,2025-11-05,161.85,pago
PAG-004664,CLI-0432,2025-10-05,2025-10-11,161.85,pago
PAG-004665,CLI-0432,2025-09-05,2025-09-06,161.85,pago
PAG-004666,CLI-0433,2026-08-01,2026-08-08,115.35,pago
PAG-004667,CLI-0433,2026-07-02,2026-07-03,115.35,pago
PAG-004668,CLI-0433,2026-06-02,2026-06-01,115.35,pago
PAG-004669,CLI-0433,2026-05-03,2026-05-19,115.35,pago
PAG-004670,CLI-0433,2026-04-03,2026-04-17,115.35,pago
PAG-004671,CLI-0433,2026-03-04,,115.35,pendente
PAG-004672,CLI-0433,2026-02-02,2026-02-03,115.35,pago
PAG-004673,CLI-0433,2026-01-03,2026-01-11,115.35,pago
PAG-004674,CLI-0433,2025-12-04,2025-12-12,115.35,pago
PAG-004675,CLI-0433,2025-11-04,2025-11-12,115.35,pago
PAG-004676,CLI-0433,2025-10-05,2025-10-03,115.35,pago
PAG-004677,CLI-0433,2025-09-05,2025-09-05,115.35,pago
PAG-004678,CLI-0434,2026-08-01,2026-07-30,333.19,pago
PAG-004679,CLI-0434,2026-07-02,2026-07-15,333.19,pago
PAG-004680,CLI-0434,2026-06-02,2026-06-08,333.19,pago
PAG-004681,CLI-0434,2026-05-03,2026-04-30,333.19,pago
PAG-004682,CLI-0434,2026-04-03,2026-04-07,333.19,pago
PAG-004683,CLI-0434,2026-03-04,2026-03-22,333.19,pago
PAG-004684,CLI-0434,2026-02-02,2026-02-01,333.19,pago
PAG-004685,CLI-0434,2026-01-03,2026-01-03,333.19,pago
PAG-004686,CLI-0434,2025-12-04,2025-12-16,333.19,pago
PAG-004687,CLI-0434,2025-11-04,2025-11-19,333.19,pago
PAG-004688,CLI-0434,2025-10-05,2025-10-15,333.19,pago
PAG-004689,CLI-0434,2025-09-05,2025-09-03,333.19,pago
PAG-004690,CLI-0435,2026-08-01,2026-07-29,199.62,pago
PAG-004691,CLI-0435,2026-07-02,2026-07-09,199.62,pago
PAG-004692,CLI-0435,2026-06-02,,199.62,pendente
PAG-004693,CLI-0435,2026-05-03,2026-05-06,199.62,pago
PAG-004694,CLI-0435,2026-04-03,,199.62,pendente
PAG-004695,CLI-0435,2026-03-04,,199.62,pendente
PAG-004696,CLI-0435,2026-02-02,2026-02-11,199.62,pago
PAG-004697,CLI-0435,2026-01-03,2026-01-09,199.62,pago
PAG-004698,CLI-0435,2025-12-04,2025-12-13,199.62,pago
PAG-004699,CLI-0435,2025-11-04,2025-11-19,199.62,pago
PAG-004700,CLI-0435,2025-10-05,,199.62,pendente
PAG-004701,CLI-0435,2025-09-05,,199.62,pendente
PAG-004702,CLI-0436,2026-08-01,2026-08-10,283.18,pago
PAG-004703,CLI-0436,2026-07-02,,283.18,pendente
PAG-004704,CLI-0436,2026-06-02,2026-06-09,283.18,pago
PAG-004705,CLI-0436,2026-05-03,2026-05-02,283.18,pago
PAG-004706,CLI-0436,2026-04-03,2026-04-17,283.18,pago
PAG-004707,CLI-0436,2026-03-04,2026-03-09,283.18,pago
PAG-004708,CLI-0436,2026-02-02,2026-01-31,283.18,pago
PAG-004709,CLI-0436,2026-01-03,2026-01-19,283.18,pago
PAG-004710,CLI-0436,2025-12-04,2025-12-19,283.18,pago
PAG-004711,CLI-0436,2025-11-04,2025-11-22,283.18,pago
PAG-004712,CLI-0436,2025-10-05,2025-10-15,283.18,pago
PAG-004713,CLI-0436,2025-09-05,2025-09-05,283.18,pago
PAG-004714,CLI-0437,2026-08-01,2026-08-05,112.61,pago
PAG-004715,CLI-0437,2026-07-02,2026-07-12,112.61,pago
PAG-004716,CLI-0437,2026-06-02,,112.61,pendente
PAG-004717,CLI-0437,2026-05-03,2026-05-18,112.61,pago
PAG-004718,CLI-0437,2026-04-03,2026-04-08,112.61,pago
PAG-004719,CLI-0437,2026-03-04,2026-03-09,112.61,pago
PAG-004720,CLI-0437,2026-02-02,2026-02-12,112.61,pago
PAG-004721,CLI-0437,2026-01-03,2026-01-01,112.61,pago
PAG-004722,CLI-0437,2025-12-04,2025-12-18,112.61,pago
PAG-004723,CLI-0437,2025-11-04,2025-11-21,112.61,pago
PAG-004724,CLI-0437,2025-10-05,2025-10-06,112.61,pago
PAG-004725,CLI-0437,2025-09-05,2025-09-19,112.61,pago
PAG-004726,CLI-0438,2026-08-01,2026-08-07,88.22,pago
PAG-004727,CLI-0438,2026-07-02,2026-07-06,88.22,pago
PAG-004728,CLI-0438,2026-06-02,2026-06-13,88.22,pago
PAG-004729,CLI-0438,2026-05-03,,88.22,pendente
PAG-004730,CLI-0438,2026-04-03,2026-04-05,88.22,pago
PAG-004731,CLI-0438,2026-03-04,2026-03-18,88.22,pago
PAG-004732,CLI-0438,2026-02-02,2026-02-16,88.22,pago
PAG-004733,CLI-0438,2026-01-03,2026-01-03,88.22,pago
PAG-004734,CLI-0438,2025-12-04,2025-12-22,88.22,pago
PAG-004735,CLI-0438,2025-11-04,2025-11-03,88.22,pago
PAG-004736,CLI-0438,2025-10-05,2025-10-22,88.22,pago
PAG-004737,CLI-0438,2025-09-05,2025-09-13,88.22,pago
PAG-004738,CLI-0439,2026-08-01,2026-08-11,282.77,pago
PAG-004739,CLI-0439,2026-07-02,2026-07-06,282.77,pago
PAG-004740,CLI-0440,2026-08-01,2026-08-15,167.01,pago
PAG-004741,CLI-0440,2026-07-02,2026-07-09,167.01,pago
PAG-004742,CLI-0440,2026-06-02,2026-06-20,167.01,pago
PAG-004743,CLI-0440,2026-05-03,2026-05-14,167.01,pago
PAG-004744,CLI-0440,2026-04-03,2026-04-05,167.01,pago
PAG-004745,CLI-0440,2026-03-04,2026-03-01,167.01,pago
PAG-004746,CLI-0440,2026-02-02,2026-02-12,167.01,pago
PAG-004747,CLI-0440,2026-01-03,2026-01-12,167.01,pago
PAG-004748,CLI-0440,2025-12-04,2025-12-13,167.01,pago
PAG-004749,CLI-0440,2025-11-04,2025-11-05,167.01,pago
PAG-004750,CLI-0440,2025-10-05,2025-10-04,167.01,pago
PAG-004751,CLI-0440,2025-09-05,2025-09-21,167.01,pago
PAG-004752,CLI-0441,2026-08-01,2026-08-15,204.32,pago
PAG-004753,CLI-0441,2026-07-02,2026-07-02,204.32,pago
PAG-004754,CLI-0441,2026-06-02,2026-06-09,204.32,pago
PAG-004755,CLI-0441,2026-05-03,2026-05-13,204.32,pago
PAG-004756,CLI-0441,2026-04-03,2026-04-19,204.32,pago
PAG-004757,CLI-0441,2026-03-04,2026-03-12,204.32,pago
PAG-004758,CLI-0441,2026-02-02,2026-02-07,204.32,pago
PAG-004759,CLI-0441,2026-01-03,2026-01-05,204.32,pago
PAG-004760,CLI-0441,2025-12-04,,204.32,pendente
PAG-004761,CLI-0441,2025-11-04,2025-11-09,204.32,pago
PAG-004762,CLI-0441,2025-10-05,2025-10-22,204.32,pago
PAG-004763,CLI-0441,2025-09-05,2025-09-05,204.32,pago
PAG-004764,CLI-0442,2026-08-01,2026-07-29,85.88,pago
PAG-004765,CLI-0442,2026-07-02,2026-07-02,85.88,pago
PAG-004766,CLI-0442,2026-06-02,2026-05-31,85.88,pago
PAG-004767,CLI-0442,2026-05-03,2026-05-05,85.88,pago
PAG-004768,CLI-0442,2026-04-03,2026-04-11,85.88,pago
PAG-004769,CLI-0442,2026-03-04,2026-03-22,85.88,pago
PAG-004770,CLI-0442,2026-02-02,2026-02-01,85.88,pago
PAG-004771,CLI-0442,2026-01-03,2026-01-05,85.88,pago
PAG-004772,CLI-0442,2025-12-04,2025-12-01,85.88,pago
PAG-004773,CLI-0442,2025-11-04,2025-11-13,85.88,pago
PAG-004774,CLI-0442,2025-10-05,2025-10-21,85.88,pago
PAG-004775,CLI-0442,2025-09-05,2025-09-18,85.88,pago
PAG-004776,CLI-0443,2026-08-01,2026-08-16,189.6,pago
PAG-004777,CLI-0444,2026-08-01,,163.91,pendente
PAG-004778,CLI-0444,2026-07-02,,163.91,pendente
PAG-004779,CLI-0444,2026-06-02,2026-05-31,163.91,pago
PAG-004780,CLI-0444,2026-05-03,2026-05-14,163.91,pago
PAG-004781,CLI-0444,2026-04-03,,163.91,pendente
PAG-004782,CLI-0444,2026-03-04,2026-03-14,163.91,pago
PAG-004783,CLI-0444,2026-02-02,,163.91,pendente
PAG-004784,CLI-0444,2026-01-03,2026-01-03,163.91,pago
PAG-004785,CLI-0444,2025-12-04,2025-12-16,163.91,pago
PAG-004786,CLI-0444,2025-11-04,2025-11-05,163.91,pago
PAG-004787,CLI-0444,2025-10-05,,163.91,pendente
PAG-004788,CLI-0444,2025-09-05,,163.91,pendente
PAG-004789,CLI-0445,2026-08-01,2026-08-19,304.77,pago
PAG-004790,CLI-0445,2026-07-02,2026-07-01,304.77,pago
PAG-004791,CLI-0445,2026-06-02,2026-06-02,304.77,pago
PAG-004792,CLI-0445,2026-05-03,2026-05-11,304.77,pago
PAG-004793,CLI-0445,2026-04-03,2026-04-04,304.77,pago
PAG-004794,CLI-0445,2026-03-04,2026-03-02,304.77,pago
PAG-004795,CLI-0445,2026-02-02,2026-02-12,304.77,pago
PAG-004796,CLI-0445,2026-01-03,2026-01-04,304.77,pago
PAG-004797,CLI-0445,2025-12-04,2025-12-01,304.77,pago
PAG-004798,CLI-0445,2025-11-04,2025-11-01,304.77,pago
PAG-004799,CLI-0445,2025-10-05,2025-10-13,304.77,pago
PAG-004800,CLI-0445,2025-09-05,2025-09-22,304.77,pago
PAG-004801,CLI-0446,2026-08-01,2026-08-07,326.8,pago
PAG-004802,CLI-0446,2026-07-02,2026-07-08,326.8,pago
PAG-004803,CLI-0446,2026-06-02,2026-06-06,326.8,pago
PAG-004804,CLI-0446,2026-05-03,,326.8,pendente
PAG-004805,CLI-0446,2026-04-03,2026-04-03,326.8,pago
PAG-004806,CLI-0446,2026-03-04,2026-03-20,326.8,pago
PAG-004807,CLI-0446,2026-02-02,2026-02-01,326.8,pago
PAG-004808,CLI-0446,2026-01-03,2026-01-10,326.8,pago
PAG-004809,CLI-0446,2025-12-04,2025-12-02,326.8,pago
PAG-004810,CLI-0446,2025-11-04,2025-11-12,326.8,pago
PAG-004811,CLI-0446,2025-10-05,2025-10-14,326.8,pago
PAG-004812,CLI-0446,2025-09-05,2025-09-13,326.8,pago
PAG-004813,CLI-0447,2026-08-01,,318.67,pendente
PAG-004814,CLI-0447,2026-07-02,2026-07-16,318.67,pago
PAG-004815,CLI-0447,2026-06-02,2026-06-02,318.67,pago
PAG-004816,CLI-0447,2026-05-03,,318.67,pendente
PAG-004817,CLI-0447,2026-04-03,2026-04-14,318.67,pago
PAG-004818,CLI-0447,2026-03-04,2026-03-11,318.67,pago
PAG-004819,CLI-0447,2026-02-02,2026-02-03,318.67,pago
PAG-004820,CLI-0447,2026-01-03,2026-01-11,318.67,pago
PAG-004821,CLI-0447,2025-12-04,2025-12-16,318.67,pago
PAG-004822,CLI-0447,2025-11-04,2025-11-11,318.67,pago
PAG-004823,CLI-0447,2025-10-05,2025-10-06,318.67,pago
PAG-004824,CLI-0447,2025-09-05,2025-09-22,318.67,pago
PAG-004825,CLI-0448,2026-08-01,2026-08-01,76.08,pago
PAG-004826,CLI-0448,2026-07-02,2026-07-07,76.08,pago
PAG-004827,CLI-0448,2026-06-02,2026-06-14,76.08,pago
PAG-004828,CLI-0448,2026-05-03,2026-05-20,76.08,pago
PAG-004829,CLI-0448,2026-04-03,2026-04-15,76.08,pago
PAG-004830,CLI-0448,2026-03-04,2026-03-02,76.08,pago
PAG-004831,CLI-0448,2026-02-02,2026-02-14,76.08,pago
PAG-004832,CLI-0448,2026-01-03,2026-01-07,76.08,pago
PAG-004833,CLI-0448,2025-12-04,2025-12-06,76.08,pago
PAG-004834,CLI-0448,2025-11-04,2025-11-10,76.08,pago
PAG-004835,CLI-0448,2025-10-05,2025-10-11,76.08,pago
PAG-004836,CLI-0448,2025-09-05,2025-09-12,76.08,pago
PAG-004837,CLI-0449,2026-08-01,2026-08-03,185.9,pago
PAG-004838,CLI-0449,2026-07-02,2026-07-08,185.9,pago
PAG-004839,CLI-0449,2026-06-02,2026-06-13,185.9,pago
PAG-004840,CLI-0449,2026-05-03,2026-05-08,185.9,pago
PAG-004841,CLI-0449,2026-04-03,2026-04-14,185.9,pago
PAG-004842,CLI-0449,2026-03-04,2026-03-13,185.9,pago
PAG-004843,CLI-0449,2026-02-02,2026-02-03,185.9,pago
PAG-004844,CLI-0449,2026-01-03,2026-01-02,185.9,pago
PAG-004845,CLI-0449,2025-12-04,2025-12-07,185.9,pago
PAG-004846,CLI-0449,2025-11-04,2025-11-07,185.9,pago
PAG-004847,CLI-0449,2025-10-05,2025-10-14,185.9,pago
PAG-004848,CLI-0449,2025-09-05,2025-09-06,185.9,pago
PAG-004849,CLI-0450,2026-08-01,2026-08-17,164.68,pago
PAG-004850,CLI-0450,2026-07-02,2026-07-14,164.68,pago
PAG-004851,CLI-0450,2026-06-02,2026-06-12,164.68,pago
PAG-004852,CLI-0450,2026-05-03,2026-05-10,164.68,pago
PAG-004853,CLI-0450,2026-04-03,2026-04-14,164.68,pago
PAG-004854,CLI-0450,2026-03-04,2026-03-09,164.68,pago
PAG-004855,CLI-0450,2026-02-02,2026-02-09,164.68,pago
PAG-004856,CLI-0450,2026-01-03,2026-01-20,164.68,pago
PAG-004857,CLI-0450,2025-12-04,2025-12-14,164.68,pago
PAG-004858,CLI-0450,2025-11-04,2025-11-16,164.68,pago
PAG-004859,CLI-0450,2025-10-05,2025-10-16,164.68,pago
PAG-004860,CLI-0450,2025-09-05,2025-09-12,164.68,pago
PAG-004861,CLI-0451,2026-08-01,2026-08-12,163.41,pago
PAG-004862,CLI-0451,2026-07-02,2026-07-19,163.41,pago
PAG-004863,CLI-0451,2026-06-02,2026-06-12,163.41,pago
PAG-004864,CLI-0451,2026-05-03,2026-05-15,163.41,pago
PAG-004865,CLI-0451,2026-04-03,2026-04-05,163.41,pago
PAG-004866,CLI-0451,2026-03-04,2026-03-10,163.41,pago
PAG-004867,CLI-0451,2026-02-02,2026-02-16,163.41,pago
PAG-004868,CLI-0451,2026-01-03,2026-01-09,163.41,pago
PAG-004869,CLI-0451,2025-12-04,2025-12-18,163.41,pago
PAG-004870,CLI-0451,2025-11-04,2025-11-18,163.41,pago
PAG-004871,CLI-0451,2025-10-05,2025-10-13,163.41,pago
PAG-004872,CLI-0451,2025-09-05,2025-09-05,163.41,pago
PAG-004873,CLI-0452,2026-08-01,2026-08-12,207.28,pago
PAG-004874,CLI-0452,2026-07-02,2026-07-07,207.28,pago
PAG-004875,CLI-0452,2026-06-02,2026-06-12,207.28,pago
PAG-004876,CLI-0452,2026-05-03,2026-05-17,207.28,pago
PAG-004877,CLI-0452,2026-04-03,,207.28,pendente
PAG-004878,CLI-0452,2026-03-04,2026-03-19,207.28,pago
PAG-004879,CLI-0452,2026-02-02,,207.28,pendente
PAG-004880,CLI-0452,2026-01-03,2026-01-10,207.28,pago
PAG-004881,CLI-0452,2025-12-04,2025-12-06,207.28,pago
PAG-004882,CLI-0452,2025-11-04,2025-11-20,207.28,pago
PAG-004883,CLI-0452,2025-10-05,2025-10-19,207.28,pago
PAG-004884,CLI-0452,2025-09-05,2025-09-21,207.28,pago
PAG-004885,CLI-0453,2026-08-01,2026-08-16,111.26,pago
PAG-004886,CLI-0453,2026-07-02,2026-07-13,111.26,pago
PAG-004887,CLI-0453,2026-06-02,2026-06-15,111.26,pago
PAG-004888,CLI-0453,2026-05-03,2026-05-13,111.26,pago
PAG-004889,CLI-0453,2026-04-03,2026-03-31,111.26,pago
PAG-004890,CLI-0453,2026-03-04,2026-03-16,111.26,pago
PAG-004891,CLI-0453,2026-02-02,2026-02-12,111.26,pago
PAG-004892,CLI-0453,2026-01-03,2025-12-31,111.26,pago
PAG-004893,CLI-0453,2025-12-04,2025-12-18,111.26,pago
PAG-004894,CLI-0453,2025-11-04,,111.26,pendente
PAG-004895,CLI-0453,2025-10-05,2025-10-05,111.26,pago
PAG-004896,CLI-0453,2025-09-05,2025-09-07,111.26,pago
PAG-004897,CLI-0454,2026-08-01,2026-07-30,322.19,pago
PAG-004898,CLI-0454,2026-07-02,2026-07-16,322.19,pago
PAG-004899,CLI-0454,2026-06-02,2026-05-31,322.19,pago
PAG-004900,CLI-0454,2026-05-03,2026-05-05,322.19,pago
PAG-004901,CLI-0455,2026-08-01,2026-08-06,105.64,pago
PAG-004902,CLI-0455,2026-07-02,2026-07-01,105.64,pago
PAG-004903,CLI-0455,2026-06-02,2026-06-17,105.64,pago
PAG-004904,CLI-0455,2026-05-03,2026-05-10,105.64,pago
PAG-004905,CLI-0455,2026-04-03,2026-04-12,105.64,pago
PAG-004906,CLI-0455,2026-03-04,2026-03-20,105.64,pago
PAG-004907,CLI-0455,2026-02-02,2026-02-03,105.64,pago
PAG-004908,CLI-0455,2026-01-03,2026-01-03,105.64,pago
PAG-004909,CLI-0455,2025-12-04,2025-12-16,105.64,pago
PAG-004910,CLI-0455,2025-11-04,2025-11-03,105.64,pago
PAG-004911,CLI-0455,2025-10-05,2025-10-11,105.64,pago
PAG-004912,CLI-0455,2025-09-05,2025-09-10,105.64,pago
PAG-004913,CLI-0456,2026-08-01,2026-08-18,105.11,pago
PAG-004914,CLI-0456,2026-07-02,2026-07-07,105.11,pago
PAG-004915,CLI-0456,2026-06-02,2026-06-03,105.11,pago
PAG-004916,CLI-0456,2026-05-03,2026-05-19,105.11,pago
PAG-004917,CLI-0456,2026-04-03,2026-04-14,105.11,pago
PAG-004918,CLI-0457,2026-08-01,2026-08-18,115.61,pago
PAG-004919,CLI-0457,2026-07-02,2026-07-13,115.61,pago
PAG-004920,CLI-0458,2026-08-01,2026-08-11,327.49,pago
PAG-004921,CLI-0458,2026-07-02,2026-07-10,327.49,pago
PAG-004922,CLI-0458,2026-06-02,2026-05-31,327.49,pago
PAG-004923,CLI-0458,2026-05-03,2026-05-14,327.49,pago
PAG-004924,CLI-0458,2026-04-03,2026-04-21,327.49,pago
PAG-004925,CLI-0458,2026-03-04,2026-03-14,327.49,pago
PAG-004926,CLI-0458,2026-02-02,2026-02-15,327.49,pago
PAG-004927,CLI-0458,2026-01-03,2026-01-16,327.49,pago
PAG-004928,CLI-0458,2025-12-04,2025-12-12,327.49,pago
PAG-004929,CLI-0459,2026-08-01,2026-08-03,334.25,pago
PAG-004930,CLI-0459,2026-07-02,2026-06-29,334.25,pago
PAG-004931,CLI-0459,2026-06-02,2026-06-16,334.25,pago
PAG-004932,CLI-0459,2026-05-03,2026-05-21,334.25,pago
PAG-004933,CLI-0459,2026-04-03,2026-04-12,334.25,pago
PAG-004934,CLI-0459,2026-03-04,2026-03-10,334.25,pago
PAG-004935,CLI-0459,2026-02-02,2026-02-16,334.25,pago
PAG-004936,CLI-0459,2026-01-03,2026-01-18,334.25,pago
PAG-004937,CLI-0459,2025-12-04,2025-12-06,334.25,pago
PAG-004938,CLI-0459,2025-11-04,2025-11-03,334.25,pago
PAG-004939,CLI-0459,2025-10-05,2025-10-07,334.25,pago
PAG-004940,CLI-0459,2025-09-05,2025-09-09,334.25,pago
PAG-004941,CLI-0460,2026-08-01,2026-08-06,155.72,pago
PAG-004942,CLI-0460,2026-07-02,2026-07-09,155.72,pago
PAG-004943,CLI-0460,2026-06-02,2026-05-31,155.72,pago
PAG-004944,CLI-0460,2026-05-03,2026-05-11,155.72,pago
PAG-004945,CLI-0460,2026-04-03,2026-04-05,155.72,pago
PAG-004946,CLI-0460,2026-03-04,,155.72,pendente
PAG-004947,CLI-0461,2026-08-01,2026-08-02,159.41,pago
PAG-004948,CLI-0461,2026-07-02,2026-07-20,159.41,pago
PAG-004949,CLI-0461,2026-06-02,,159.41,pendente
PAG-004950,CLI-0461,2026-05-03,2026-05-12,159.41,pago
PAG-004951,CLI-0461,2026-04-03,2026-04-21,159.41,pago
PAG-004952,CLI-0461,2026-03-04,2026-03-02,159.41,pago
PAG-004953,CLI-0461,2026-02-02,2026-02-12,159.41,pago
PAG-004954,CLI-0461,2026-01-03,2026-01-12,159.41,pago
PAG-004955,CLI-0461,2025-12-04,2025-12-17,159.41,pago
PAG-004956,CLI-0461,2025-11-04,2025-11-12,159.41,pago
PAG-004957,CLI-0461,2025-10-05,,159.41,pendente
PAG-004958,CLI-0461,2025-09-05,2025-09-09,159.41,pago
PAG-004959,CLI-0462,2026-08-01,2026-08-12,200.85,pago
PAG-004960,CLI-0462,2026-07-02,2026-07-14,200.85,pago
PAG-004961,CLI-0462,2026-06-02,2026-06-11,200.85,pago
PAG-004962,CLI-0462,2026-05-03,2026-05-15,200.85,pago
PAG-004963,CLI-0462,2026-04-03,2026-04-01,200.85,pago
PAG-004964,CLI-0462,2026-03-04,2026-03-07,200.85,pago
PAG-004965,CLI-0462,2026-02-02,2026-02-18,200.85,pago
PAG-004966,CLI-0462,2026-01-03,2026-01-19,200.85,pago
PAG-004967,CLI-0462,2025-12-04,2025-12-09,200.85,pago
PAG-004968,CLI-0462,2025-11-04,2025-11-03,200.85,pago
PAG-004969,CLI-0462,2025-10-05,2025-10-12,200.85,pago
PAG-004970,CLI-0462,2025-09-05,2025-09-19,200.85,pago
PAG-004971,CLI-0463,2026-08-01,2026-08-05,208.68,pago
PAG-004972,CLI-0463,2026-07-02,2026-07-12,208.68,pago
PAG-004973,CLI-0464,2026-08-01,2026-08-18,155.07,pago
PAG-004974,CLI-0464,2026-07-02,,155.07,pendente
PAG-004975,CLI-0464,2026-06-02,2026-06-18,155.07,pago
PAG-004976,CLI-0464,2026-05-03,2026-05-16,155.07,pago
PAG-004977,CLI-0464,2026-04-03,2026-04-20,155.07,pago
PAG-004978,CLI-0464,2026-03-04,2026-03-16,155.07,pago
PAG-004979,CLI-0464,2026-02-02,2026-02-07,155.07,pago
PAG-004980,CLI-0464,2026-01-03,2026-01-12,155.07,pago
PAG-004981,CLI-0464,2025-12-04,2025-12-08,155.07,pago
PAG-004982,CLI-0464,2025-11-04,2025-11-19,155.07,pago
PAG-004983,CLI-0464,2025-10-05,2025-10-03,155.07,pago
PAG-004984,CLI-0464,2025-09-05,2025-09-09,155.07,pago
PAG-004985,CLI-0465,2026-08-01,2026-07-31,210.77,pago
PAG-004986,CLI-0465,2026-07-02,2026-07-08,210.77,pago
PAG-004987,CLI-0465,2026-06-02,2026-06-01,210.77,pago
PAG-004988,CLI-0465,2026-05-03,2026-05-16,210.77,pago
PAG-004989,CLI-0465,2026-04-03,2026-04-18,210.77,pago
PAG-004990,CLI-0465,2026-03-04,,210.77,pendente
PAG-004991,CLI-0465,2026-02-02,,210.77,pendente
PAG-004992,CLI-0465,2026-01-03,2026-01-05,210.77,pago
PAG-004993,CLI-0465,2025-12-04,2025-12-04,210.77,pago
PAG-004994,CLI-0465,2025-11-04,,210.77,pendente
PAG-004995,CLI-0465,2025-10-05,2025-10-12,210.77,pago
PAG-004996,CLI-0465,2025-09-05,,210.77,pendente
PAG-004997,CLI-0466,2026-08-01,2026-08-14,184.72,pago
PAG-004998,CLI-0466,2026-07-02,2026-07-19,184.72,pago
PAG-004999,CLI-0466,2026-06-02,2026-06-09,184.72,pago
PAG-005000,CLI-0466,2026-05-03,,184.72,pendente
PAG-005001,CLI-0466,2026-04-03,2026-04-21,184.72,pago
PAG-005002,CLI-0466,2026-03-04,2026-03-02,184.72,pago
PAG-005003,CLI-0466,2026-02-02,2026-02-05,184.72,pago
PAG-005004,CLI-0466,2026-01-03,2026-01-06,184.72,pago
PAG-005005,CLI-0466,2025-12-04,,184.72,pendente
PAG-005006,CLI-0466,2025-11-04,2025-11-17,184.72,pago
PAG-005007,CLI-0466,2025-10-05,2025-10-18,184.72,pago
PAG-005008,CLI-0466,2025-09-05,2025-09-14,184.72,pago
PAG-005009,CLI-0467,2026-08-01,2026-08-03,86.99,pago
PAG-005010,CLI-0467,2026-07-02,2026-07-01,86.99,pago
PAG-005011,CLI-0467,2026-06-02,2026-06-04,86.99,pago
PAG-005012,CLI-0467,2026-05-03,2026-05-21,86.99,pago
PAG-005013,CLI-0467,2026-04-03,2026-03-31,86.99,pago
PAG-005014,CLI-0467,2026-03-04,2026-03-19,86.99,pago
PAG-005015,CLI-0467,2026-02-02,2026-02-15,86.99,pago
PAG-005016,CLI-0467,2026-01-03,2026-01-02,86.99,pago
PAG-005017,CLI-0467,2025-12-04,2025-12-19,86.99,pago
PAG-005018,CLI-0467,2025-11-04,2025-11-06,86.99,pago
PAG-005019,CLI-0467,2025-10-05,2025-10-19,86.99,pago
PAG-005020,CLI-0467,2025-09-05,2025-09-12,86.99,pago
PAG-005021,CLI-0468,2026-08-01,2026-08-18,111.16,pago
PAG-005022,CLI-0468,2026-07-02,2026-06-29,111.16,pago
PAG-005023,CLI-0468,2026-06-02,,111.16,pendente
PAG-005024,CLI-0468,2026-05-03,2026-05-18,111.16,pago
PAG-005025,CLI-0468,2026-04-03,2026-04-13,111.16,pago
PAG-005026,CLI-0468,2026-03-04,2026-03-13,111.16,pago
PAG-005027,CLI-0468,2026-02-02,2026-02-01,111.16,pago
PAG-005028,CLI-0468,2026-01-03,2026-01-17,111.16,pago
PAG-005029,CLI-0468,2025-12-04,2025-12-01,111.16,pago
PAG-005030,CLI-0468,2025-11-04,2025-11-20,111.16,pago
PAG-005031,CLI-0468,2025-10-05,2025-10-10,111.16,pago
PAG-005032,CLI-0468,2025-09-05,2025-09-18,111.16,pago
PAG-005033,CLI-0469,2026-08-01,2026-08-05,158.82,pago
PAG-005034,CLI-0469,2026-07-02,2026-07-09,158.82,pago
PAG-005035,CLI-0469,2026-06-02,2026-06-15,158.82,pago
PAG-005036,CLI-0469,2026-05-03,2026-05-01,158.82,pago
PAG-005037,CLI-0469,2026-04-03,,158.82,pendente
PAG-005038,CLI-0469,2026-03-04,2026-03-09,158.82,pago
PAG-005039,CLI-0469,2026-02-02,2026-02-17,158.82,pago
PAG-005040,CLI-0469,2026-01-03,2026-01-21,158.82,pago
PAG-005041,CLI-0469,2025-12-04,2025-12-21,158.82,pago
PAG-005042,CLI-0469,2025-11-04,2025-11-11,158.82,pago
PAG-005043,CLI-0469,2025-10-05,,158.82,pendente
PAG-005044,CLI-0469,2025-09-05,2025-09-03,158.82,pago
PAG-005045,CLI-0470,2026-08-01,2026-07-29,80.1,pago
PAG-005046,CLI-0470,2026-07-02,2026-06-29,80.1,pago
PAG-005047,CLI-0470,2026-06-02,2026-06-15,80.1,pago
PAG-005048,CLI-0470,2026-05-03,2026-05-18,80.1,pago
PAG-005049,CLI-0470,2026-04-03,2026-04-18,80.1,pago
PAG-005050,CLI-0470,2026-03-04,2026-03-21,80.1,pago
PAG-005051,CLI-0470,2026-02-02,2026-02-07,80.1,pago
PAG-005052,CLI-0470,2026-01-03,2026-01-13,80.1,pago
PAG-005053,CLI-0470,2025-12-04,2025-12-14,80.1,pago
PAG-005054,CLI-0470,2025-11-04,2025-11-22,80.1,pago
PAG-005055,CLI-0470,2025-10-05,2025-10-21,80.1,pago
PAG-005056,CLI-0470,2025-09-05,2025-09-14,80.1,pago
PAG-005057,CLI-0471,2026-08-01,2026-08-11,79.77,pago
PAG-005058,CLI-0471,2026-07-02,2026-07-07,79.77,pago
PAG-005059,CLI-0471,2026-06-02,2026-06-05,79.77,pago
PAG-005060,CLI-0471,2026-05-03,2026-05-19,79.77,pago
PAG-005061,CLI-0471,2026-04-03,2026-04-20,79.77,pago
PAG-005062,CLI-0471,2026-03-04,2026-03-09,79.77,pago
PAG-005063,CLI-0471,2026-02-02,2026-02-15,79.77,pago
PAG-005064,CLI-0471,2026-01-03,2026-01-15,79.77,pago
PAG-005065,CLI-0471,2025-12-04,2025-12-03,79.77,pago
PAG-005066,CLI-0471,2025-11-04,2025-11-10,79.77,pago
PAG-005067,CLI-0471,2025-10-05,2025-10-23,79.77,pago
PAG-005068,CLI-0471,2025-09-05,2025-09-07,79.77,pago
PAG-005069,CLI-0472,2026-08-01,2026-08-15,155.46,pago
PAG-005070,CLI-0472,2026-07-02,2026-07-10,155.46,pago
PAG-005071,CLI-0472,2026-06-02,2026-06-07,155.46,pago
PAG-005072,CLI-0472,2026-05-03,2026-05-07,155.46,pago
PAG-005073,CLI-0472,2026-04-03,2026-04-08,155.46,pago
PAG-005074,CLI-0472,2026-03-04,2026-03-17,155.46,pago
PAG-005075,CLI-0472,2026-02-02,2026-02-02,155.46,pago
PAG-005076,CLI-0472,2026-01-03,2026-01-18,155.46,pago
PAG-005077,CLI-0472,2025-12-04,2025-12-16,155.46,pago
PAG-005078,CLI-0472,2025-11-04,2025-11-12,155.46,pago
PAG-005079,CLI-0472,2025-10-05,2025-10-14,155.46,pago
PAG-005080,CLI-0472,2025-09-05,2025-09-08,155.46,pago
PAG-005081,CLI-0473,2026-08-01,2026-08-02,109.49,pago
PAG-005082,CLI-0473,2026-07-02,,109.49,pendente
PAG-005083,CLI-0473,2026-06-02,2026-06-01,109.49,pago
PAG-005084,CLI-0473,2026-05-03,2026-05-18,109.49,pago
PAG-005085,CLI-0473,2026-04-03,2026-04-05,109.49,pago
PAG-005086,CLI-0473,2026-03-04,2026-03-12,109.49,pago
PAG-005087,CLI-0473,2026-02-02,2026-02-17,109.49,pago
PAG-005088,CLI-0473,2026-01-03,2026-01-19,109.49,pago
PAG-005089,CLI-0473,2025-12-04,2025-12-05,109.49,pago
PAG-005090,CLI-0473,2025-11-04,2025-11-20,109.49,pago
PAG-005091,CLI-0473,2025-10-05,2025-10-19,109.49,pago
PAG-005092,CLI-0473,2025-09-05,2025-09-12,109.49,pago
PAG-005093,CLI-0474,2026-08-01,2026-08-16,318.5,pago
PAG-005094,CLI-0474,2026-07-02,2026-07-08,318.5,pago
PAG-005095,CLI-0474,2026-06-02,2026-06-05,318.5,pago
PAG-005096,CLI-0474,2026-05-03,2026-05-18,318.5,pago
PAG-005097,CLI-0474,2026-04-03,2026-04-04,318.5,pago
PAG-005098,CLI-0474,2026-03-04,2026-03-18,318.5,pago
PAG-005099,CLI-0474,2026-02-02,2026-01-31,318.5,pago
PAG-005100,CLI-0474,2026-01-03,2026-01-17,318.5,pago
PAG-005101,CLI-0474,2025-12-04,2025-12-11,318.5,pago
PAG-005102,CLI-0474,2025-11-04,2025-11-13,318.5,pago
PAG-005103,CLI-0474,2025-10-05,2025-10-23,318.5,pago
PAG-005104,CLI-0474,2025-09-05,2025-09-06,318.5,pago
PAG-005105,CLI-0475,2026-08-01,2026-08-17,139.58,pago
PAG-005106,CLI-0476,2026-08-01,2026-08-06,209.86,pago
PAG-005107,CLI-0476,2026-07-02,,209.86,pendente
PAG-005108,CLI-0476,2026-06-02,2026-06-06,209.86,pago
PAG-005109,CLI-0476,2026-05-03,2026-05-21,209.86,pago
PAG-005110,CLI-0476,2026-04-03,2026-04-21,209.86,pago
PAG-005111,CLI-0476,2026-03-04,2026-03-13,209.86,pago
PAG-005112,CLI-0476,2026-02-02,,209.86,pendente
PAG-005113,CLI-0476,2026-01-03,,209.86,pendente
PAG-005114,CLI-0476,2025-12-04,2025-12-07,209.86,pago
PAG-005115,CLI-0477,2026-08-01,2026-08-08,102.47,pago
PAG-005116,CLI-0477,2026-07-02,,102.47,pendente
PAG-005117,CLI-0477,2026-06-02,2026-06-01,102.47,pago
PAG-005118,CLI-0477,2026-05-03,2026-05-20,102.47,pago
PAG-005119,CLI-0477,2026-04-03,,102.47,pendente
PAG-005120,CLI-0477,2026-03-04,2026-03-18,102.47,pago
PAG-005121,CLI-0478,2026-08-01,2026-08-08,166.72,pago
PAG-005122,CLI-0478,2026-07-02,2026-07-13,166.72,pago
PAG-005123,CLI-0478,2026-06-02,2026-06-18,166.72,pago
PAG-005124,CLI-0478,2026-05-03,2026-05-11,166.72,pago
PAG-005125,CLI-0478,2026-04-03,2026-04-21,166.72,pago
PAG-005126,CLI-0478,2026-03-04,2026-03-13,166.72,pago
PAG-005127,CLI-0478,2026-02-02,2026-02-14,166.72,pago
PAG-005128,CLI-0479,2026-08-01,2026-08-15,184.36,pago
PAG-005129,CLI-0480,2026-08-01,2026-08-04,315.5,pago
PAG-005130,CLI-0480,2026-07-02,2026-07-13,315.5,pago
PAG-005131,CLI-0480,2026-06-02,2026-05-30,315.5,pago
PAG-005132,CLI-0480,2026-05-03,2026-05-16,315.5,pago
PAG-005133,CLI-0480,2026-04-03,2026-04-13,315.5,pago
PAG-005134,CLI-0480,2026-03-04,2026-03-17,315.5,pago
PAG-005135,CLI-0480,2026-02-02,2026-02-18,315.5,pago
PAG-005136,CLI-0480,2026-01-03,2026-01-01,315.5,pago
PAG-005137,CLI-0480,2025-12-04,2025-12-02,315.5,pago
PAG-005138,CLI-0480,2025-11-04,2025-11-04,315.5,pago
PAG-005139,CLI-0480,2025-10-05,2025-10-21,315.5,pago
PAG-005140,CLI-0480,2025-09-05,2025-09-22,315.5,pago
PAG-005141,CLI-0481,2026-08-01,2026-08-19,143.89,pago
PAG-005142,CLI-0481,2026-07-02,2026-07-04,143.89,pago
PAG-005143,CLI-0481,2026-06-02,2026-06-09,143.89,pago
PAG-005144,CLI-0481,2026-05-03,2026-05-15,143.89,pago
PAG-005145,CLI-0481,2026-04-03,2026-04-15,143.89,pago
PAG-005146,CLI-0481,2026-03-04,2026-03-09,143.89,pago
PAG-005147,CLI-0481,2026-02-02,2026-02-07,143.89,pago
PAG-005148,CLI-0481,2026-01-03,2026-01-01,143.89,pago
PAG-005149,CLI-0481,2025-12-04,2025-12-22,143.89,pago
PAG-005150,CLI-0481,2025-11-04,2025-11-05,143.89,pago
PAG-005151,CLI-0481,2025-10-05,2025-10-08,143.89,pago
PAG-005152,CLI-0481,2025-09-05,2025-09-04,143.89,pago
PAG-005153,CLI-0482,2026-08-01,2026-08-05,159.77,pago
PAG-005154,CLI-0482,2026-07-02,2026-06-29,159.77,pago
PAG-005155,CLI-0482,2026-06-02,2026-06-03,159.77,pago
PAG-005156,CLI-0482,2026-05-03,2026-05-20,159.77,pago
PAG-005157,CLI-0482,2026-04-03,2026-04-20,159.77,pago
PAG-005158,CLI-0482,2026-03-04,2026-03-01,159.77,pago
PAG-005159,CLI-0482,2026-02-02,2026-02-17,159.77,pago
PAG-005160,CLI-0482,2026-01-03,2026-01-06,159.77,pago
PAG-005161,CLI-0482,2025-12-04,2025-12-19,159.77,pago
PAG-005162,CLI-0482,2025-11-04,2025-11-06,159.77,pago
PAG-005163,CLI-0482,2025-10-05,2025-10-09,159.77,pago
PAG-005164,CLI-0482,2025-09-05,2025-09-06,159.77,pago
PAG-005165,CLI-0483,2026-08-01,2026-08-01,148.07,pago
PAG-005166,CLI-0483,2026-07-02,2026-07-04,148.07,pago
PAG-005167,CLI-0483,2026-06-02,2026-05-31,148.07,pago
PAG-005168,CLI-0483,2026-05-03,2026-05-17,148.07,pago
PAG-005169,CLI-0483,2026-04-03,2026-04-04,148.07,pago
PAG-005170,CLI-0483,2026-03-04,2026-03-15,148.07,pago
PAG-005171,CLI-0483,2026-02-02,2026-02-14,148.07,pago
PAG-005172,CLI-0483,2026-01-03,2026-01-21,148.07,pago
PAG-005173,CLI-0483,2025-12-04,2025-12-09,148.07,pago
PAG-005174,CLI-0483,2025-11-04,2025-11-19,148.07,pago
PAG-005175,CLI-0484,2026-08-01,2026-08-02,117.53,pago
PAG-005176,CLI-0484,2026-07-02,,117.53,pendente
PAG-005177,CLI-0484,2026-06-02,2026-05-31,117.53,pago
PAG-005178,CLI-0485,2026-08-01,2026-07-31,138.27,pago
PAG-005179,CLI-0485,2026-07-02,2026-07-10,138.27,pago
PAG-005180,CLI-0485,2026-06-02,,138.27,pendente
PAG-005181,CLI-0485,2026-05-03,2026-05-06,138.27,pago
PAG-005182,CLI-0485,2026-04-03,2026-04-02,138.27,pago
PAG-005183,CLI-0485,2026-03-04,2026-03-22,138.27,pago
PAG-005184,CLI-0485,2026-02-02,2026-02-01,138.27,pago
PAG-005185,CLI-0485,2026-01-03,2026-01-03,138.27,pago
PAG-005186,CLI-0485,2025-12-04,2025-12-02,138.27,pago
PAG-005187,CLI-0485,2025-11-04,2025-11-15,138.27,pago
PAG-005188,CLI-0485,2025-10-05,2025-10-13,138.27,pago
PAG-005189,CLI-0485,2025-09-05,,138.27,pendente
PAG-005190,CLI-0486,2026-08-01,2026-08-07,145.26,pago
PAG-005191,CLI-0486,2026-07-02,2026-07-11,145.26,pago
PAG-005192,CLI-0486,2026-06-02,2026-06-12,145.26,pago
PAG-005193,CLI-0486,2026-05-03,2026-05-03,145.26,pago
PAG-005194,CLI-0486,2026-04-03,2026-04-06,145.26,pago
PAG-005195,CLI-0486,2026-03-04,2026-03-20,145.26,pago
PAG-005196,CLI-0486,2026-02-02,2026-02-19,145.26,pago
PAG-005197,CLI-0486,2026-01-03,2026-01-14,145.26,pago
PAG-005198,CLI-0486,2025-12-04,2025-12-01,145.26,pago
PAG-005199,CLI-0486,2025-11-04,2025-11-15,145.26,pago
PAG-005200,CLI-0486,2025-10-05,2025-10-07,145.26,pago
PAG-005201,CLI-0486,2025-09-05,2025-09-17,145.26,pago
PAG-005202,CLI-0487,2026-08-01,2026-08-04,193.68,pago
PAG-005203,CLI-0487,2026-07-02,2026-07-11,193.68,pago
PAG-005204,CLI-0487,2026-06-02,2026-05-31,193.68,pago
PAG-005205,CLI-0487,2026-05-03,2026-05-17,193.68,pago
PAG-005206,CLI-0487,2026-04-03,2026-04-10,193.68,pago
PAG-005207,CLI-0487,2026-03-04,2026-03-06,193.68,pago
PAG-005208,CLI-0487,2026-02-02,2026-02-13,193.68,pago
PAG-005209,CLI-0488,2026-08-01,,194.23,pendente
PAG-005210,CLI-0488,2026-07-02,2026-06-29,194.23,pago
PAG-005211,CLI-0488,2026-06-02,2026-06-18,194.23,pago
PAG-005212,CLI-0488,2026-05-03,2026-05-05,194.23,pago
PAG-005213,CLI-0488,2026-04-03,2026-04-09,194.23,pago
PAG-005214,CLI-0488,2026-03-04,2026-03-10,194.23,pago
PAG-005215,CLI-0488,2026-02-02,2026-02-01,194.23,pago
PAG-005216,CLI-0488,2026-01-03,2026-01-16,194.23,pago
PAG-005217,CLI-0488,2025-12-04,2025-12-20,194.23,pago
PAG-005218,CLI-0488,2025-11-04,,194.23,pendente
PAG-005219,CLI-0488,2025-10-05,2025-10-12,194.23,pago
PAG-005220,CLI-0488,2025-09-05,2025-09-04,194.23,pago
PAG-005221,CLI-0489,2026-08-01,2026-08-18,164.79,pago
PAG-005222,CLI-0489,2026-07-02,2026-07-03,164.79,pago
PAG-005223,CLI-0489,2026-06-02,2026-06-14,164.79,pago
PAG-005224,CLI-0489,2026-05-03,2026-05-14,164.79,pago
PAG-005225,CLI-0489,2026-04-03,2026-04-02,164.79,pago
PAG-005226,CLI-0489,2026-03-04,2026-03-17,164.79,pago
PAG-005227,CLI-0489,2026-02-02,2026-01-31,164.79,pago
PAG-005228,CLI-0489,2026-01-03,2026-01-12,164.79,pago
PAG-005229,CLI-0489,2025-12-04,2025-12-16,164.79,pago
PAG-005230,CLI-0489,2025-11-04,,164.79,pendente
PAG-005231,CLI-0489,2025-10-05,2025-10-02,164.79,pago
PAG-005232,CLI-0489,2025-09-05,2025-09-13,164.79,pago
PAG-005233,CLI-0490,2026-08-01,2026-07-30,78.86,pago
PAG-005234,CLI-0490,2026-07-02,2026-07-08,78.86,pago
PAG-005235,CLI-0490,2026-06-02,2026-06-03,78.86,pago
PAG-005236,CLI-0490,2026-05-03,2026-05-08,78.86,pago
PAG-005237,CLI-0490,2026-04-03,,78.86,pendente
PAG-005238,CLI-0490,2026-03-04,2026-03-14,78.86,pago
PAG-005239,CLI-0490,2026-02-02,2026-02-10,78.86,pago
PAG-005240,CLI-0490,2026-01-03,2026-01-13,78.86,pago
PAG-005241,CLI-0490,2025-12-04,2025-12-05,78.86,pago
PAG-005242,CLI-0490,2025-11-04,2025-11-01,78.86,pago
PAG-005243,CLI-0490,2025-10-05,2025-10-15,78.86,pago
PAG-005244,CLI-0490,2025-09-05,2025-09-02,78.86,pago
PAG-005245,CLI-0491,2026-08-01,2026-08-11,86.37,pago
PAG-005246,CLI-0491,2026-07-02,2026-07-08,86.37,pago
PAG-005247,CLI-0491,2026-06-02,2026-06-07,86.37,pago
PAG-005248,CLI-0491,2026-05-03,2026-05-15,86.37,pago
PAG-005249,CLI-0491,2026-04-03,2026-04-06,86.37,pago
PAG-005250,CLI-0491,2026-03-04,,86.37,pendente
PAG-005251,CLI-0491,2026-02-02,2026-02-17,86.37,pago
PAG-005252,CLI-0491,2026-01-03,2026-01-18,86.37,pago
PAG-005253,CLI-0491,2025-12-04,2025-12-19,86.37,pago
PAG-005254,CLI-0491,2025-11-04,2025-11-09,86.37,pago
PAG-005255,CLI-0491,2025-10-05,2025-10-21,86.37,pago
PAG-005256,CLI-0491,2025-09-05,2025-09-10,86.37,pago
PAG-005257,CLI-0492,2026-08-01,2026-08-11,277.97,pago
PAG-005258,CLI-0492,2026-07-02,2026-07-12,277.97,pago
PAG-005259,CLI-0492,2026-06-02,2026-06-03,277.97,pago
PAG-005260,CLI-0492,2026-05-03,2026-05-07,277.97,pago
PAG-005261,CLI-0492,2026-04-03,2026-04-08,277.97,pago
PAG-005262,CLI-0492,2026-03-04,2026-03-04,277.97,pago
PAG-005263,CLI-0492,2026-02-02,2026-02-04,277.97,pago
PAG-005264,CLI-0492,2026-01-03,2026-01-18,277.97,pago
PAG-005265,CLI-0492,2025-12-04,2025-12-18,277.97,pago
PAG-005266,CLI-0492,2025-11-04,2025-11-03,277.97,pago
PAG-005267,CLI-0492,2025-10-05,2025-10-05,277.97,pago
PAG-005268,CLI-0492,2025-09-05,2025-09-11,277.97,pago
PAG-005269,CLI-0493,2026-08-01,2026-08-07,276.88,pago
PAG-005270,CLI-0493,2026-07-02,2026-07-17,276.88,pago
PAG-005271,CLI-0493,2026-06-02,2026-06-07,276.88,pago
PAG-005272,CLI-0493,2026-05-03,2026-05-21,276.88,pago
PAG-005273,CLI-0493,2026-04-03,2026-04-13,276.88,pago
PAG-005274,CLI-0493,2026-03-04,2026-03-20,276.88,pago
PAG-005275,CLI-0493,2026-02-02,2026-02-11,276.88,pago
PAG-005276,CLI-0493,2026-01-03,2026-01-21,276.88,pago
PAG-005277,CLI-0493,2025-12-04,2025-12-01,276.88,pago
PAG-005278,CLI-0493,2025-11-04,2025-11-15,276.88,pago
PAG-005279,CLI-0493,2025-10-05,2025-10-14,276.88,pago
PAG-005280,CLI-0493,2025-09-05,2025-09-03,276.88,pago
PAG-005281,CLI-0494,2026-08-01,,300.93,pendente
PAG-005282,CLI-0494,2026-07-02,2026-07-15,300.93,pago
PAG-005283,CLI-0494,2026-06-02,2026-06-15,300.93,pago
PAG-005284,CLI-0494,2026-05-03,2026-05-13,300.93,pago
PAG-005285,CLI-0494,2026-04-03,2026-04-04,300.93,pago
PAG-005286,CLI-0495,2026-08-01,2026-07-31,140.05,pago
PAG-005287,CLI-0495,2026-07-02,2026-07-06,140.05,pago
PAG-005288,CLI-0495,2026-06-02,2026-05-31,140.05,pago
PAG-005289,CLI-0495,2026-05-03,2026-05-09,140.05,pago
PAG-005290,CLI-0495,2026-04-03,2026-04-08,140.05,pago
PAG-005291,CLI-0495,2026-03-04,2026-03-07,140.05,pago
PAG-005292,CLI-0495,2026-02-02,2026-02-12,140.05,pago
PAG-005293,CLI-0495,2026-01-03,2026-01-01,140.05,pago
PAG-005294,CLI-0495,2025-12-04,2025-12-11,140.05,pago
PAG-005295,CLI-0495,2025-11-04,2025-11-18,140.05,pago
PAG-005296,CLI-0495,2025-10-05,2025-10-19,140.05,pago
PAG-005297,CLI-0495,2025-09-05,2025-09-21,140.05,pago
PAG-005298,CLI-0496,2026-08-01,2026-08-13,157.93,pago
PAG-005299,CLI-0496,2026-07-02,2026-07-17,157.93,pago
PAG-005300,CLI-0496,2026-06-02,2026-06-03,157.93,pago
PAG-005301,CLI-0496,2026-05-03,2026-05-10,157.93,pago
PAG-005302,CLI-0496,2026-04-03,2026-04-17,157.93,pago
PAG-005303,CLI-0497,2026-08-01,2026-07-29,149.58,pago
PAG-005304,CLI-0497,2026-07-02,2026-07-18,149.58,pago
PAG-005305,CLI-0497,2026-06-02,2026-06-03,149.58,pago
PAG-005306,CLI-0497,2026-05-03,2026-05-01,149.58,pago
PAG-005307,CLI-0497,2026-04-03,2026-04-02,149.58,pago
PAG-005308,CLI-0497,2026-03-04,2026-03-17,149.58,pago
PAG-005309,CLI-0497,2026-02-02,2026-02-03,149.58,pago
PAG-005310,CLI-0497,2026-01-03,2026-01-08,149.58,pago
PAG-005311,CLI-0498,2026-08-01,2026-08-18,326.55,pago
PAG-005312,CLI-0498,2026-07-02,2026-07-04,326.55,pago
PAG-005313,CLI-0499,2026-08-01,2026-08-11,212.55,pago
PAG-005314,CLI-0499,2026-07-02,2026-07-17,212.55,pago
PAG-005315,CLI-0499,2026-06-02,2026-06-12,212.55,pago
PAG-005316,CLI-0500,2026-08-01,2026-08-06,117.04,pago
PAG-005317,CLI-0500,2026-07-02,2026-07-13,117.04,pago
PAG-005318,CLI-0500,2026-06-02,2026-06-09,117.04,pago
PAG-005319,CLI-0500,2026-05-03,2026-05-18,117.04,pago
PAG-005320,CLI-0500,2026-04-03,2026-04-17,117.04,pago
PAG-005321,CLI-0500,2026-03-04,2026-03-22,117.04,pago
PAG-005322,CLI-0500,2026-02-02,,117.04,pendente
PAG-005323,CLI-0500,2026-01-03,2026-01-06,117.04,pago
PAG-005324,CLI-0500,2025-12-04,2025-12-03,117.04,pago
PAG-005325,CLI-0500,2025-11-04,2025-11-03,117.04,pago
PAG-005326,CLI-0500,2025-10-05,2025-10-21,117.04,pago
PAG-005327,CLI-0500,2025-09-05,2025-09-20,117.04,pago
PAG-005328,CLI-0501,2026-08-01,2026-08-16,142.93,pago
PAG-005329,CLI-0501,2026-07-02,2026-07-02,142.93,pago
PAG-005330,CLI-0501,2026-06-02,2026-06-19,142.93,pago
PAG-005331,CLI-0501,2026-05-03,2026-05-19,142.93,pago
PAG-005332,CLI-0501,2026-04-03,,142.93,pendente
PAG-005333,CLI-0501,2026-03-04,2026-03-03,142.93,pago
PAG-005334,CLI-0501,2026-02-02,2026-02-16,142.93,pago
PAG-005335,CLI-0501,2026-01-03,2026-01-18,142.93,pago
PAG-005336,CLI-0501,2025-12-04,2025-12-18,142.93,pago
PAG-005337,CLI-0501,2025-11-04,2025-11-13,142.93,pago
PAG-005338,CLI-0501,2025-10-05,2025-10-05,142.93,pago
PAG-005339,CLI-0501,2025-09-05,2025-09-06,142.93,pago
PAG-005340,CLI-0502,2026-08-01,2026-08-02,88.14,pago
PAG-005341,CLI-0502,2026-07-02,2026-07-03,88.14,pago
PAG-005342,CLI-0502,2026-06-02,2026-06-03,88.14,pago
PAG-005343,CLI-0502,2026-05-03,2026-05-19,88.14,pago
PAG-005344,CLI-0502,2026-04-03,2026-04-07,88.14,pago
PAG-005345,CLI-0502,2026-03-04,2026-03-17,88.14,pago
PAG-005346,CLI-0502,2026-02-02,2026-02-12,88.14,pago
PAG-005347,CLI-0502,2026-01-03,2026-01-19,88.14,pago
PAG-005348,CLI-0502,2025-12-04,2025-12-02,88.14,pago
PAG-005349,CLI-0502,2025-11-04,2025-11-11,88.14,pago
PAG-005350,CLI-0502,2025-10-05,2025-10-17,88.14,pago
PAG-005351,CLI-0502,2025-09-05,2025-09-18,88.14,pago
PAG-005352,CLI-0503,2026-08-01,2026-08-19,335.68,pago
PAG-005353,CLI-0503,2026-07-02,2026-07-05,335.68,pago
PAG-005354,CLI-0503,2026-06-02,2026-06-09,335.68,pago
PAG-005355,CLI-0503,2026-05-03,2026-05-01,335.68,pago
PAG-005356,CLI-0503,2026-04-03,2026-04-10,335.68,pago
PAG-005357,CLI-0503,2026-03-04,2026-03-02,335.68,pago
PAG-005358,CLI-0503,2026-02-02,2026-02-19,335.68,pago
PAG-005359,CLI-0503,2026-01-03,2026-01-15,335.68,pago
PAG-005360,CLI-0503,2025-12-04,2025-12-22,335.68,pago
PAG-005361,CLI-0503,2025-11-04,2025-11-08,335.68,pago
PAG-005362,CLI-0503,2025-10-05,2025-10-10,335.68,pago
PAG-005363,CLI-0503,2025-09-05,2025-09-11,335.68,pago
PAG-005364,CLI-0504,2026-08-01,2026-08-12,141.05,pago
PAG-005365,CLI-0504,2026-07-02,2026-07-03,141.05,pago
PAG-005366,CLI-0504,2026-06-02,2026-06-08,141.05,pago
PAG-005367,CLI-0504,2026-05-03,2026-05-20,141.05,pago
PAG-005368,CLI-0504,2026-04-03,2026-04-13,141.05,pago
PAG-005369,CLI-0504,2026-03-04,2026-03-09,141.05,pago
PAG-005370,CLI-0504,2026-02-02,2026-02-14,141.05,pago
PAG-005371,CLI-0504,2026-01-03,2026-01-09,141.05,pago
PAG-005372,CLI-0504,2025-12-04,,141.05,pendente
PAG-005373,CLI-0504,2025-11-04,2025-11-08,141.05,pago
PAG-005374,CLI-0504,2025-10-05,2025-10-15,141.05,pago
PAG-005375,CLI-0504,2025-09-05,2025-09-15,141.05,pago
PAG-005376,CLI-0505,2026-08-01,2026-08-03,144.44,pago
PAG-005377,CLI-0505,2026-07-02,2026-07-20,144.44,pago
PAG-005378,CLI-0506,2026-08-01,2026-08-05,103.4,pago
PAG-005379,CLI-0506,2026-07-02,2026-07-08,103.4,pago
PAG-005380,CLI-0506,2026-06-02,2026-06-10,103.4,pago
PAG-005381,CLI-0506,2026-05-03,2026-05-11,103.4,pago
PAG-005382,CLI-0506,2026-04-03,2026-04-08,103.4,pago
PAG-005383,CLI-0506,2026-03-04,2026-03-19,103.4,pago
PAG-005384,CLI-0506,2026-02-02,2026-02-11,103.4,pago
PAG-005385,CLI-0506,2026-01-03,,103.4,pendente
PAG-005386,CLI-0506,2025-12-04,2025-12-07,103.4,pago
PAG-005387,CLI-0506,2025-11-04,2025-11-13,103.4,pago
PAG-005388,CLI-0506,2025-10-05,2025-10-10,103.4,pago
PAG-005389,CLI-0506,2025-09-05,2025-09-05,103.4,pago
PAG-005390,CLI-0507,2026-08-01,2026-08-02,154.24,pago
PAG-005391,CLI-0507,2026-07-02,2026-07-03,154.24,pago
PAG-005392,CLI-0507,2026-06-02,2026-06-08,154.24,pago
PAG-005393,CLI-0507,2026-05-03,2026-05-07,154.24,pago
PAG-005394,CLI-0507,2026-04-03,2026-03-31,154.24,pago
PAG-005395,CLI-0507,2026-03-04,2026-03-14,154.24,pago
PAG-005396,CLI-0507,2026-02-02,2026-02-19,154.24,pago
PAG-005397,CLI-0507,2026-01-03,2025-12-31,154.24,pago
PAG-005398,CLI-0507,2025-12-04,2025-12-21,154.24,pago
PAG-005399,CLI-0507,2025-11-04,2025-11-06,154.24,pago
PAG-005400,CLI-0507,2025-10-05,2025-10-08,154.24,pago
PAG-005401,CLI-0507,2025-09-05,2025-09-16,154.24,pago
PAG-005402,CLI-0508,2026-08-01,2026-08-12,223.49,pago
PAG-005403,CLI-0508,2026-07-02,2026-07-16,223.49,pago
PAG-005404,CLI-0508,2026-06-02,2026-06-12,223.49,pago
PAG-005405,CLI-0508,2026-05-03,2026-05-19,223.49,pago
PAG-005406,CLI-0508,2026-04-03,2026-04-03,223.49,pago
PAG-005407,CLI-0508,2026-03-04,2026-03-15,223.49,pago
PAG-005408,CLI-0508,2026-02-02,2026-02-09,223.49,pago
PAG-005409,CLI-0508,2026-01-03,2026-01-09,223.49,pago
PAG-005410,CLI-0508,2025-12-04,2025-12-13,223.49,pago
PAG-005411,CLI-0509,2026-08-01,2026-07-30,83.36,pago
PAG-005412,CLI-0509,2026-07-02,,83.36,pendente
PAG-005413,CLI-0509,2026-06-02,2026-06-16,83.36,pago
PAG-005414,CLI-0509,2026-05-03,2026-05-05,83.36,pago
PAG-005415,CLI-0509,2026-04-03,2026-04-10,83.36,pago
PAG-005416,CLI-0509,2026-03-04,2026-03-07,83.36,pago
PAG-005417,CLI-0509,2026-02-02,2026-02-07,83.36,pago
PAG-005418,CLI-0509,2026-01-03,2026-01-21,83.36,pago
PAG-005419,CLI-0509,2025-12-04,2025-12-18,83.36,pago
PAG-005420,CLI-0509,2025-11-04,2025-11-05,83.36,pago
PAG-005421,CLI-0509,2025-10-05,2025-10-19,83.36,pago
PAG-005422,CLI-0509,2025-09-05,2025-09-02,83.36,pago
PAG-005423,CLI-0510,2026-08-01,2026-08-15,139.89,pago
PAG-005424,CLI-0510,2026-07-02,2026-07-06,139.89,pago
PAG-005425,CLI-0510,2026-06-02,,139.89,pendente
PAG-005426,CLI-0510,2026-05-03,,139.89,pendente
PAG-005427,CLI-0510,2026-04-03,,139.89,pendente
PAG-005428,CLI-0510,2026-03-04,,139.89,pendente
PAG-005429,CLI-0510,2026-02-02,,139.89,pendente
PAG-005430,CLI-0510,2026-01-03,2026-01-15,139.89,pago
PAG-005431,CLI-0510,2025-12-04,2025-12-06,139.89,pago
PAG-005432,CLI-0510,2025-11-04,2025-11-01,139.89,pago
PAG-005433,CLI-0510,2025-10-05,2025-10-19,139.89,pago
PAG-005434,CLI-0510,2025-09-05,,139.89,pendente
PAG-005435,CLI-0511,2026-08-01,2026-08-07,209.13,pago
PAG-005436,CLI-0511,2026-07-02,2026-07-02,209.13,pago
PAG-005437,CLI-0511,2026-06-02,2026-06-03,209.13,pago
PAG-005438,CLI-0511,2026-05-03,,209.13,pendente
PAG-005439,CLI-0511,2026-04-03,2026-04-01,209.13,pago
PAG-005440,CLI-0511,2026-03-04,2026-03-03,209.13,pago
PAG-005441,CLI-0511,2026-02-02,2026-02-17,209.13,pago
PAG-005442,CLI-0512,2026-08-01,2026-08-09,334.87,pago
PAG-005443,CLI-0512,2026-07-02,2026-07-19,334.87,pago
PAG-005444,CLI-0512,2026-06-02,,334.87,pendente
PAG-005445,CLI-0512,2026-05-03,2026-05-19,334.87,pago
PAG-005446,CLI-0512,2026-04-03,2026-04-02,334.87,pago
PAG-005447,CLI-0512,2026-03-04,2026-03-07,334.87,pago
PAG-005448,CLI-0512,2026-02-02,2026-02-08,334.87,pago
PAG-005449,CLI-0512,2026-01-03,2026-01-18,334.87,pago
PAG-005450,CLI-0512,2025-12-04,2025-12-08,334.87,pago
PAG-005451,CLI-0512,2025-11-04,2025-11-12,334.87,pago
PAG-005452,CLI-0513,2026-08-01,2026-07-29,118.62,pago
PAG-005453,CLI-0513,2026-07-02,2026-07-17,118.62,pago
PAG-005454,CLI-0513,2026-06-02,2026-06-12,118.62,pago
PAG-005455,CLI-0513,2026-05-03,2026-05-05,118.62,pago
PAG-005456,CLI-0513,2026-04-03,2026-04-18,118.62,pago
PAG-005457,CLI-0513,2026-03-04,2026-03-08,118.62,pago
PAG-005458,CLI-0513,2026-02-02,2026-02-13,118.62,pago
PAG-005459,CLI-0513,2026-01-03,2026-01-15,118.62,pago
PAG-005460,CLI-0513,2025-12-04,2025-12-08,118.62,pago
PAG-005461,CLI-0513,2025-11-04,2025-11-19,118.62,pago
PAG-005462,CLI-0513,2025-10-05,2025-10-22,118.62,pago
PAG-005463,CLI-0513,2025-09-05,2025-09-21,118.62,pago
PAG-005464,CLI-0514,2026-08-01,2026-08-08,217.28,pago
PAG-005465,CLI-0514,2026-07-02,2026-07-01,217.28,pago
PAG-005466,CLI-0514,2026-06-02,2026-06-11,217.28,pago
PAG-005467,CLI-0514,2026-05-03,2026-05-11,217.28,pago
PAG-005468,CLI-0514,2026-04-03,2026-04-20,217.28,pago
PAG-005469,CLI-0514,2026-03-04,2026-03-20,217.28,pago
PAG-005470,CLI-0514,2026-02-02,2026-02-12,217.28,pago
PAG-005471,CLI-0514,2026-01-03,2026-01-08,217.28,pago
PAG-005472,CLI-0514,2025-12-04,2025-12-12,217.28,pago
PAG-005473,CLI-0514,2025-11-04,2025-11-13,217.28,pago
PAG-005474,CLI-0514,2025-10-05,2025-10-13,217.28,pago
PAG-005475,CLI-0514,2025-09-05,2025-09-16,217.28,pago
PAG-005476,CLI-0515,2026-08-01,2026-08-16,157.9,pago
PAG-005477,CLI-0515,2026-07-02,2026-07-09,157.9,pago
PAG-005478,CLI-0515,2026-06-02,2026-06-03,157.9,pago
PAG-005479,CLI-0515,2026-05-03,2026-05-12,157.9,pago
PAG-005480,CLI-0515,2026-04-03,2026-04-18,157.9,pago
PAG-005481,CLI-0515,2026-03-04,2026-03-04,157.9,pago
PAG-005482,CLI-0515,2026-02-02,2026-02-01,157.9,pago
PAG-005483,CLI-0515,2026-01-03,2026-01-14,157.9,pago
PAG-005484,CLI-0515,2025-12-04,2025-12-14,157.9,pago
PAG-005485,CLI-0515,2025-11-04,2025-11-21,157.9,pago
PAG-005486,CLI-0515,2025-10-05,2025-10-09,157.9,pago
PAG-005487,CLI-0515,2025-09-05,2025-09-08,157.9,pago
PAG-005488,CLI-0516,2026-08-01,2026-08-05,152.9,pago
PAG-005489,CLI-0516,2026-07-02,2026-07-15,152.9,pago
PAG-005490,CLI-0516,2026-06-02,2026-06-11,152.9,pago
PAG-005491,CLI-0516,2026-05-03,2026-05-16,152.9,pago
PAG-005492,CLI-0516,2026-04-03,2026-04-14,152.9,pago
PAG-005493,CLI-0516,2026-03-04,2026-03-08,152.9,pago
PAG-005494,CLI-0516,2026-02-02,,152.9,pendente
PAG-005495,CLI-0516,2026-01-03,2026-01-15,152.9,pago
PAG-005496,CLI-0516,2025-12-04,2025-12-02,152.9,pago
PAG-005497,CLI-0516,2025-11-04,2025-11-06,152.9,pago
PAG-005498,CLI-0516,2025-10-05,2025-10-02,152.9,pago
PAG-005499,CLI-0516,2025-09-05,2025-09-10,152.9,pago
PAG-005500,CLI-0517,2026-08-01,2026-08-18,333.42,pago
PAG-005501,CLI-0517,2026-07-02,,333.42,pendente
PAG-005502,CLI-0517,2026-06-02,2026-06-08,333.42,pago
PAG-005503,CLI-0517,2026-05-03,2026-05-12,333.42,pago
PAG-005504,CLI-0517,2026-04-03,,333.42,pendente
PAG-005505,CLI-0517,2026-03-04,2026-03-20,333.42,pago
PAG-005506,CLI-0517,2026-02-02,,333.42,pendente
PAG-005507,CLI-0517,2026-01-03,,333.42,pendente
PAG-005508,CLI-0517,2025-12-04,2025-12-19,333.42,pago
PAG-005509,CLI-0517,2025-11-04,2025-11-10,333.42,pago
PAG-005510,CLI-0517,2025-10-05,,333.42,pendente
PAG-005511,CLI-0517,2025-09-05,2025-09-20,333.42,pago
PAG-005512,CLI-0518,2026-08-01,2026-08-11,143.35,pago
PAG-005513,CLI-0518,2026-07-02,2026-07-16,143.35,pago
PAG-005514,CLI-0518,2026-06-02,2026-06-09,143.35,pago
PAG-005515,CLI-0518,2026-05-03,2026-05-03,143.35,pago
PAG-005516,CLI-0518,2026-04-03,,143.35,pendente
PAG-005517,CLI-0518,2026-03-04,2026-03-04,143.35,pago
PAG-005518,CLI-0518,2026-02-02,2026-02-17,143.35,pago
PAG-005519,CLI-0518,2026-01-03,,143.35,pendente
PAG-005520,CLI-0518,2025-12-04,2025-12-08,143.35,pago
PAG-005521,CLI-0518,2025-11-04,2025-11-09,143.35,pago
PAG-005522,CLI-0518,2025-10-05,2025-10-03,143.35,pago
PAG-005523,CLI-0518,2025-09-05,2025-09-04,143.35,pago
PAG-005524,CLI-0519,2026-08-01,2026-08-07,122.47,pago
PAG-005525,CLI-0519,2026-07-02,2026-07-04,122.47,pago
PAG-005526,CLI-0519,2026-06-02,2026-05-31,122.47,pago
PAG-005527,CLI-0519,2026-05-03,2026-05-17,122.47,pago
PAG-005528,CLI-0519,2026-04-03,2026-04-13,122.47,pago
PAG-005529,CLI-0519,2026-03-04,2026-03-04,122.47,pago
PAG-005530,CLI-0519,2026-02-02,2026-02-16,122.47,pago
PAG-005531,CLI-0519,2026-01-03,2026-01-02,122.47,pago
PAG-005532,CLI-0519,2025-12-04,2025-12-20,122.47,pago
PAG-005533,CLI-0519,2025-11-04,,122.47,pendente
PAG-005534,CLI-0519,2025-10-05,2025-10-05,122.47,pago
PAG-005535,CLI-0519,2025-09-05,2025-09-08,122.47,pago
PAG-005536,CLI-0520,2026-08-01,2026-07-31,154.5,pago
PAG-005537,CLI-0520,2026-07-02,2026-07-02,154.5,pago
PAG-005538,CLI-0520,2026-06-02,2026-06-03,154.5,pago
PAG-005539,CLI-0520,2026-05-03,2026-05-03,154.5,pago
PAG-005540,CLI-0520,2026-04-03,2026-04-09,154.5,pago
PAG-005541,CLI-0520,2026-03-04,2026-03-01,154.5,pago
PAG-005542,CLI-0520,2026-02-02,2026-02-08,154.5,pago
PAG-005543,CLI-0520,2026-01-03,2026-01-21,154.5,pago
PAG-005544,CLI-0520,2025-12-04,2025-12-06,154.5,pago
PAG-005545,CLI-0520,2025-11-04,2025-11-17,154.5,pago
PAG-005546,CLI-0520,2025-10-05,2025-10-22,154.5,pago
PAG-005547,CLI-0520,2025-09-05,,154.5,pendente
PAG-005548,CLI-0521,2026-08-01,2026-08-07,87.11,pago
PAG-005549,CLI-0521,2026-07-02,2026-07-19,87.11,pago
PAG-005550,CLI-0521,2026-06-02,2026-06-10,87.11,pago
PAG-005551,CLI-0521,2026-05-03,2026-05-01,87.11,pago
PAG-005552,CLI-0521,2026-04-03,2026-04-07,87.11,pago
PAG-005553,CLI-0521,2026-03-04,2026-03-11,87.11,pago
PAG-005554,CLI-0521,2026-02-02,2026-01-31,87.11,pago
PAG-005555,CLI-0521,2026-01-03,2026-01-21,87.11,pago
PAG-005556,CLI-0521,2025-12-04,2025-12-22,87.11,pago
PAG-005557,CLI-0522,2026-08-01,2026-07-29,113.15,pago
PAG-005558,CLI-0522,2026-07-02,2026-07-20,113.15,pago
PAG-005559,CLI-0522,2026-06-02,,113.15,pendente
PAG-005560,CLI-0522,2026-05-03,2026-05-20,113.15,pago
PAG-005561,CLI-0522,2026-04-03,2026-04-03,113.15,pago
PAG-005562,CLI-0522,2026-03-04,2026-03-01,113.15,pago
PAG-005563,CLI-0522,2026-02-02,2026-02-11,113.15,pago
PAG-005564,CLI-0522,2026-01-03,2026-01-13,113.15,pago
PAG-005565,CLI-0522,2025-12-04,2025-12-09,113.15,pago
PAG-005566,CLI-0522,2025-11-04,,113.15,pendente
PAG-005567,CLI-0522,2025-10-05,2025-10-16,113.15,pago
PAG-005568,CLI-0522,2025-09-05,2025-09-05,113.15,pago
PAG-005569,CLI-0523,2026-08-01,,82.16,pendente
PAG-005570,CLI-0524,2026-08-01,2026-08-17,188.77,pago
PAG-005571,CLI-0524,2026-07-02,2026-06-29,188.77,pago
PAG-005572,CLI-0524,2026-06-02,2026-05-31,188.77,pago
PAG-005573,CLI-0524,2026-05-03,2026-05-17,188.77,pago
PAG-005574,CLI-0524,2026-04-03,2026-04-19,188.77,pago
PAG-005575,CLI-0524,2026-03-04,2026-03-08,188.77,pago
PAG-005576,CLI-0524,2026-02-02,2026-02-02,188.77,pago
PAG-005577,CLI-0524,2026-01-03,2026-01-07,188.77,pago
PAG-005578,CLI-0524,2025-12-04,2025-12-01,188.77,pago
PAG-005579,CLI-0524,2025-11-04,2025-11-11,188.77,pago
PAG-005580,CLI-0524,2025-10-05,2025-10-16,188.77,pago
PAG-005581,CLI-0524,2025-09-05,2025-09-07,188.77,pago
PAG-005582,CLI-0525,2026-08-01,2026-08-15,323.38,pago
PAG-005583,CLI-0525,2026-07-02,,323.38,pendente
PAG-005584,CLI-0525,2026-06-02,,323.38,pendente
PAG-005585,CLI-0525,2026-05-03,2026-05-17,323.38,pago
PAG-005586,CLI-0525,2026-04-03,2026-04-07,323.38,pago
PAG-005587,CLI-0525,2026-03-04,,323.38,pendente
PAG-005588,CLI-0525,2026-02-02,2026-02-10,323.38,pago
PAG-005589,CLI-0525,2026-01-03,2026-01-17,323.38,pago
PAG-005590,CLI-0525,2025-12-04,2025-12-01,323.38,pago
PAG-005591,CLI-0525,2025-11-04,2025-11-08,323.38,pago
PAG-005592,CLI-0525,2025-10-05,2025-10-20,323.38,pago
PAG-005593,CLI-0525,2025-09-05,2025-09-23,323.38,pago
PAG-005594,CLI-0526,2026-08-01,2026-08-05,106.62,pago
PAG-005595,CLI-0526,2026-07-02,2026-07-07,106.62,pago
PAG-005596,CLI-0526,2026-06-02,2026-05-31,106.62,pago
PAG-005597,CLI-0526,2026-05-03,,106.62,pendente
PAG-005598,CLI-0526,2026-04-03,2026-04-14,106.62,pago
PAG-005599,CLI-0526,2026-03-04,2026-03-08,106.62,pago
PAG-005600,CLI-0526,2026-02-02,2026-02-16,106.62,pago
PAG-005601,CLI-0527,2026-08-01,2026-08-13,75.75,pago
PAG-005602,CLI-0527,2026-07-02,2026-07-04,75.75,pago
PAG-005603,CLI-0527,2026-06-02,2026-05-30,75.75,pago
PAG-005604,CLI-0527,2026-05-03,2026-05-21,75.75,pago
PAG-005605,CLI-0527,2026-04-03,2026-04-04,75.75,pago
PAG-005606,CLI-0527,2026-03-04,2026-03-06,75.75,pago
PAG-005607,CLI-0527,2026-02-02,2026-02-15,75.75,pago
PAG-005608,CLI-0527,2026-01-03,,75.75,pendente
PAG-005609,CLI-0527,2025-12-04,,75.75,pendente
PAG-005610,CLI-0527,2025-11-04,2025-11-05,75.75,pago
PAG-005611,CLI-0527,2025-10-05,2025-10-12,75.75,pago
PAG-005612,CLI-0527,2025-09-05,2025-09-14,75.75,pago
PAG-005613,CLI-0528,2026-08-01,2026-08-04,294.82,pago
PAG-005614,CLI-0528,2026-07-02,2026-07-03,294.82,pago
PAG-005615,CLI-0528,2026-06-02,2026-06-09,294.82,pago
PAG-005616,CLI-0528,2026-05-03,2026-05-09,294.82,pago
PAG-005617,CLI-0528,2026-04-03,2026-04-07,294.82,pago
PAG-005618,CLI-0528,2026-03-04,2026-03-11,294.82,pago
PAG-005619,CLI-0528,2026-02-02,2026-02-03,294.82,pago
PAG-005620,CLI-0528,2026-01-03,2026-01-07,294.82,pago
PAG-005621,CLI-0529,2026-08-01,2026-08-05,83.18,pago
PAG-005622,CLI-0529,2026-07-02,2026-07-11,83.18,pago
PAG-005623,CLI-0529,2026-06-02,2026-06-05,83.18,pago
PAG-005624,CLI-0529,2026-05-03,2026-04-30,83.18,pago
PAG-005625,CLI-0529,2026-04-03,2026-04-04,83.18,pago
PAG-005626,CLI-0529,2026-03-04,2026-03-02,83.18,pago
PAG-005627,CLI-0529,2026-02-02,2026-02-02,83.18,pago
PAG-005628,CLI-0529,2026-01-03,2026-01-18,83.18,pago
PAG-005629,CLI-0529,2025-12-04,2025-12-02,83.18,pago
PAG-005630,CLI-0529,2025-11-04,2025-11-12,83.18,pago
PAG-005631,CLI-0529,2025-10-05,,83.18,pendente
PAG-005632,CLI-0529,2025-09-05,2025-09-15,83.18,pago
PAG-005633,CLI-0530,2026-08-01,2026-08-17,75.21,pago
PAG-005634,CLI-0530,2026-07-02,2026-07-03,75.21,pago
PAG-005635,CLI-0530,2026-06-02,2026-06-08,75.21,pago
PAG-005636,CLI-0530,2026-05-03,2026-05-11,75.21,pago
PAG-005637,CLI-0530,2026-04-03,2026-04-06,75.21,pago
PAG-005638,CLI-0530,2026-03-04,2026-03-08,75.21,pago
PAG-005639,CLI-0530,2026-02-02,2026-02-11,75.21,pago
PAG-005640,CLI-0530,2026-01-03,2026-01-14,75.21,pago
PAG-005641,CLI-0530,2025-12-04,2025-12-18,75.21,pago
PAG-005642,CLI-0530,2025-11-04,2025-11-10,75.21,pago
PAG-005643,CLI-0530,2025-10-05,2025-10-11,75.21,pago
PAG-005644,CLI-0530,2025-09-05,2025-09-11,75.21,pago
PAG-005645,CLI-0531,2026-08-01,2026-08-18,114.62,pago
PAG-005646,CLI-0531,2026-07-02,2026-07-16,114.62,pago
PAG-005647,CLI-0531,2026-06-02,,114.62,pendente
PAG-005648,CLI-0531,2026-05-03,2026-05-19,114.62,pago
PAG-005649,CLI-0531,2026-04-03,,114.62,pendente
PAG-005650,CLI-0531,2026-03-04,2026-03-03,114.62,pago
PAG-005651,CLI-0531,2026-02-02,2026-02-11,114.62,pago
PAG-005652,CLI-0531,2026-01-03,2026-01-17,114.62,pago
PAG-005653,CLI-0531,2025-12-04,2025-12-15,114.62,pago
PAG-005654,CLI-0531,2025-11-04,,114.62,pendente
PAG-005655,CLI-0531,2025-10-05,2025-10-17,114.62,pago
PAG-005656,CLI-0531,2025-09-05,2025-09-08,114.62,pago
PAG-005657,CLI-0532,2026-08-01,2026-08-04,143.86,pago
PAG-005658,CLI-0532,2026-07-02,,143.86,pendente
PAG-005659,CLI-0532,2026-06-02,,143.86,pendente
PAG-005660,CLI-0532,2026-05-03,2026-05-14,143.86,pago
PAG-005661,CLI-0532,2026-04-03,2026-04-07,143.86,pago
PAG-005662,CLI-0532,2026-03-04,2026-03-18,143.86,pago
PAG-005663,CLI-0532,2026-02-02,2026-02-03,143.86,pago
PAG-005664,CLI-0532,2026-01-03,2026-01-02,143.86,pago
PAG-005665,CLI-0532,2025-12-04,2025-12-09,143.86,pago
PAG-005666,CLI-0532,2025-11-04,2025-11-20,143.86,pago
PAG-005667,CLI-0532,2025-10-05,2025-10-18,143.86,pago
PAG-005668,CLI-0532,2025-09-05,2025-09-14,143.86,pago
PAG-005669,CLI-0533,2026-08-01,2026-08-03,321.19,pago
PAG-005670,CLI-0533,2026-07-02,2026-07-06,321.19,pago
PAG-005671,CLI-0533,2026-06-02,2026-06-10,321.19,pago
PAG-005672,CLI-0533,2026-05-03,2026-05-04,321.19,pago
PAG-005673,CLI-0533,2026-04-03,2026-04-08,321.19,pago
PAG-005674,CLI-0533,2026-03-04,2026-03-12,321.19,pago
PAG-005675,CLI-0533,2026-02-02,2026-02-06,321.19,pago
PAG-005676,CLI-0533,2026-01-03,2026-01-11,321.19,pago
PAG-005677,CLI-0533,2025-12-04,2025-12-11,321.19,pago
PAG-005678,CLI-0533,2025-11-04,2025-11-13,321.19,pago
PAG-005679,CLI-0533,2025-10-05,2025-10-15,321.19,pago
PAG-005680,CLI-0533,2025-09-05,2025-09-16,321.19,pago
PAG-005681,CLI-0534,2026-08-01,2026-08-16,285.49,pago
PAG-005682,CLI-0534,2026-07-02,2026-07-11,285.49,pago
PAG-005683,CLI-0534,2026-06-02,2026-06-09,285.49,pago
PAG-005684,CLI-0534,2026-05-03,2026-05-04,285.49,pago
PAG-005685,CLI-0534,2026-04-03,2026-04-01,285.49,pago
PAG-005686,CLI-0534,2026-03-04,2026-03-05,285.49,pago
PAG-005687,CLI-0534,2026-02-02,2026-02-12,285.49,pago
PAG-005688,CLI-0534,2026-01-03,2026-01-05,285.49,pago
PAG-005689,CLI-0534,2025-12-04,2025-12-08,285.49,pago
PAG-005690,CLI-0534,2025-11-04,2025-11-01,285.49,pago
PAG-005691,CLI-0534,2025-10-05,2025-10-20,285.49,pago
PAG-005692,CLI-0534,2025-09-05,2025-09-10,285.49,pago
PAG-005693,CLI-0535,2026-08-01,2026-08-19,155.16,pago
PAG-005694,CLI-0535,2026-07-02,2026-07-03,155.16,pago
PAG-005695,CLI-0535,2026-06-02,2026-06-05,155.16,pago
PAG-005696,CLI-0535,2026-05-03,2026-05-04,155.16,pago
PAG-005697,CLI-0535,2026-04-03,2026-04-18,155.16,pago
PAG-005698,CLI-0535,2026-03-04,2026-03-09,155.16,pago
PAG-005699,CLI-0535,2026-02-02,2026-02-11,155.16,pago
PAG-005700,CLI-0535,2026-01-03,2026-01-14,155.16,pago
PAG-005701,CLI-0535,2025-12-04,,155.16,pendente
PAG-005702,CLI-0535,2025-11-04,2025-11-21,155.16,pago
PAG-005703,CLI-0536,2026-08-01,2026-08-11,105.51,pago
PAG-005704,CLI-0536,2026-07-02,2026-07-20,105.51,pago
PAG-005705,CLI-0536,2026-06-02,2026-05-30,105.51,pago
PAG-005706,CLI-0536,2026-05-03,2026-05-16,105.51,pago
PAG-005707,CLI-0536,2026-04-03,2026-04-17,105.51,pago
PAG-005708,CLI-0536,2026-03-04,2026-03-16,105.51,pago
PAG-005709,CLI-0536,2026-02-02,2026-02-19,105.51,pago
PAG-005710,CLI-0536,2026-01-03,2026-01-06,105.51,pago
PAG-005711,CLI-0536,2025-12-04,2025-12-11,105.51,pago
PAG-005712,CLI-0536,2025-11-04,2025-11-09,105.51,pago
PAG-005713,CLI-0536,2025-10-05,2025-10-11,105.51,pago
PAG-005714,CLI-0536,2025-09-05,2025-09-21,105.51,pago
PAG-005715,CLI-0537,2026-08-01,2026-07-31,121.27,pago
PAG-005716,CLI-0537,2026-07-02,2026-07-11,121.27,pago
PAG-005717,CLI-0538,2026-08-01,2026-08-08,325.91,pago
PAG-005718,CLI-0538,2026-07-02,2026-07-13,325.91,pago
PAG-005719,CLI-0538,2026-06-02,2026-06-13,325.91,pago
PAG-005720,CLI-0538,2026-05-03,2026-05-01,325.91,pago
PAG-005721,CLI-0538,2026-04-03,2026-04-19,325.91,pago
PAG-005722,CLI-0538,2026-03-04,,325.91,pendente
PAG-005723,CLI-0538,2026-02-02,2026-02-20,325.91,pago
PAG-005724,CLI-0538,2026-01-03,2026-01-19,325.91,pago
PAG-005725,CLI-0538,2025-12-04,2025-12-18,325.91,pago
PAG-005726,CLI-0538,2025-11-04,2025-11-07,325.91,pago
PAG-005727,CLI-0538,2025-10-05,2025-10-05,325.91,pago
PAG-005728,CLI-0538,2025-09-05,2025-09-05,325.91,pago
PAG-005729,CLI-0539,2026-08-01,2026-08-12,167.32,pago
PAG-005730,CLI-0539,2026-07-02,2026-07-16,167.32,pago
PAG-005731,CLI-0539,2026-06-02,2026-06-10,167.32,pago
PAG-005732,CLI-0539,2026-05-03,2026-05-07,167.32,pago
PAG-005733,CLI-0539,2026-04-03,2026-04-18,167.32,pago
PAG-005734,CLI-0539,2026-03-04,2026-03-17,167.32,pago
PAG-005735,CLI-0539,2026-02-02,2026-02-04,167.32,pago
PAG-005736,CLI-0539,2026-01-03,2026-01-21,167.32,pago
PAG-005737,CLI-0539,2025-12-04,2025-12-15,167.32,pago
PAG-005738,CLI-0539,2025-11-04,2025-11-16,167.32,pago
PAG-005739,CLI-0539,2025-10-05,2025-10-03,167.32,pago
PAG-005740,CLI-0539,2025-09-05,2025-09-12,167.32,pago
PAG-005741,CLI-0540,2026-08-01,2026-08-05,308.78,pago
PAG-005742,CLI-0540,2026-07-02,2026-07-04,308.78,pago
PAG-005743,CLI-0540,2026-06-02,2026-06-14,308.78,pago
PAG-005744,CLI-0540,2026-05-03,2026-05-03,308.78,pago
PAG-005745,CLI-0540,2026-04-03,2026-04-16,308.78,pago
PAG-005746,CLI-0540,2026-03-04,2026-03-11,308.78,pago
PAG-005747,CLI-0540,2026-02-02,2026-02-14,308.78,pago
PAG-005748,CLI-0540,2026-01-03,2026-01-12,308.78,pago
PAG-005749,CLI-0540,2025-12-04,2025-12-20,308.78,pago
PAG-005750,CLI-0540,2025-11-04,,308.78,pendente
PAG-005751,CLI-0540,2025-10-05,2025-10-04,308.78,pago
PAG-005752,CLI-0540,2025-09-05,2025-09-03,308.78,pago
PAG-005753,CLI-0541,2026-08-01,,105.36,pendente
PAG-005754,CLI-0541,2026-07-02,2026-07-12,105.36,pago
PAG-005755,CLI-0541,2026-06-02,2026-06-20,105.36,pago
PAG-005756,CLI-0541,2026-05-03,2026-05-20,105.36,pago
PAG-005757,CLI-0541,2026-04-03,2026-04-12,105.36,pago
PAG-005758,CLI-0541,2026-03-04,2026-03-20,105.36,pago
PAG-005759,CLI-0541,2026-02-02,2026-02-11,105.36,pago
PAG-005760,CLI-0541,2026-01-03,2026-01-14,105.36,pago
PAG-005761,CLI-0541,2025-12-04,2025-12-02,105.36,pago
PAG-005762,CLI-0541,2025-11-04,2025-11-22,105.36,pago
PAG-005763,CLI-0541,2025-10-05,2025-10-09,105.36,pago
PAG-005764,CLI-0541,2025-09-05,2025-09-10,105.36,pago
PAG-005765,CLI-0542,2026-08-01,2026-08-09,75.94,pago
PAG-005766,CLI-0542,2026-07-02,,75.94,pendente
PAG-005767,CLI-0543,2026-08-01,2026-07-30,188.99,pago
PAG-005768,CLI-0543,2026-07-02,2026-07-02,188.99,pago
PAG-005769,CLI-0543,2026-06-02,2026-06-11,188.99,pago
PAG-005770,CLI-0543,2026-05-03,2026-05-04,188.99,pago
PAG-005771,CLI-0543,2026-04-03,2026-03-31,188.99,pago
PAG-005772,CLI-0543,2026-03-04,2026-03-05,188.99,pago
PAG-005773,CLI-0543,2026-02-02,2026-02-16,188.99,pago
PAG-005774,CLI-0543,2026-01-03,2026-01-06,188.99,pago
PAG-005775,CLI-0543,2025-12-04,2025-12-15,188.99,pago
PAG-005776,CLI-0543,2025-11-04,2025-11-20,188.99,pago
PAG-005777,CLI-0543,2025-10-05,2025-10-19,188.99,pago
PAG-005778,CLI-0543,2025-09-05,2025-09-08,188.99,pago
PAG-005779,CLI-0544,2026-08-01,2026-08-02,108.98,pago
PAG-005780,CLI-0544,2026-07-02,,108.98,pendente
PAG-005781,CLI-0544,2026-06-02,,108.98,pendente
PAG-005782,CLI-0544,2026-05-03,2026-05-15,108.98,pago
PAG-005783,CLI-0544,2026-04-03,2026-04-21,108.98,pago
PAG-005784,CLI-0544,2026-03-04,2026-03-12,108.98,pago
PAG-005785,CLI-0544,2026-02-02,,108.98,pendente
PAG-005786,CLI-0544,2026-01-03,2026-01-09,108.98,pago
PAG-005787,CLI-0544,2025-12-04,2025-12-11,108.98,pago
PAG-005788,CLI-0544,2025-11-04,2025-11-19,108.98,pago
PAG-005789,CLI-0544,2025-10-05,2025-10-17,108.98,pago
PAG-005790,CLI-0544,2025-09-05,2025-09-11,108.98,pago
PAG-005791,CLI-0545,2026-08-01,2026-08-10,73.84,pago
PAG-005792,CLI-0545,2026-07-02,2026-07-05,73.84,pago
PAG-005793,CLI-0545,2026-06-02,2026-06-01,73.84,pago
PAG-005794,CLI-0546,2026-08-01,2026-08-14,81.92,pago
PAG-005795,CLI-0546,2026-07-02,2026-07-01,81.92,pago
PAG-005796,CLI-0546,2026-06-02,2026-06-03,81.92,pago
PAG-005797,CLI-0546,2026-05-03,2026-05-13,81.92,pago
PAG-005798,CLI-0547,2026-08-01,2026-08-13,322.68,pago
PAG-005799,CLI-0547,2026-07-02,2026-07-02,322.68,pago
PAG-005800,CLI-0547,2026-06-02,2026-06-14,322.68,pago
PAG-005801,CLI-0547,2026-05-03,2026-05-04,322.68,pago
PAG-005802,CLI-0547,2026-04-03,2026-04-17,322.68,pago
PAG-005803,CLI-0548,2026-08-01,2026-07-29,113.08,pago
PAG-005804,CLI-0548,2026-07-02,2026-07-05,113.08,pago
PAG-005805,CLI-0548,2026-06-02,2026-06-11,113.08,pago
PAG-005806,CLI-0548,2026-05-03,,113.08,pendente
PAG-005807,CLI-0548,2026-04-03,2026-04-10,113.08,pago
PAG-005808,CLI-0548,2026-03-04,,113.08,pendente
PAG-005809,CLI-0548,2026-02-02,2026-02-19,113.08,pago
PAG-005810,CLI-0548,2026-01-03,2026-01-17,113.08,pago
PAG-005811,CLI-0548,2025-12-04,2025-12-01,113.08,pago
PAG-005812,CLI-0548,2025-11-04,2025-11-19,113.08,pago
PAG-005813,CLI-0548,2025-10-05,2025-10-12,113.08,pago
PAG-005814,CLI-0548,2025-09-05,2025-09-05,113.08,pago
PAG-005815,CLI-0549,2026-08-01,2026-08-10,111.66,pago
PAG-005816,CLI-0549,2026-07-02,2026-07-16,111.66,pago
PAG-005817,CLI-0549,2026-06-02,2026-06-17,111.66,pago
PAG-005818,CLI-0549,2026-05-03,2026-05-04,111.66,pago
PAG-005819,CLI-0549,2026-04-03,2026-04-11,111.66,pago
PAG-005820,CLI-0549,2026-03-04,2026-03-12,111.66,pago
PAG-005821,CLI-0549,2026-02-02,2026-02-16,111.66,pago
PAG-005822,CLI-0549,2026-01-03,2026-01-02,111.66,pago
PAG-005823,CLI-0549,2025-12-04,2025-12-10,111.66,pago
PAG-005824,CLI-0549,2025-11-04,2025-11-02,111.66,pago
PAG-005825,CLI-0549,2025-10-05,,111.66,pendente
PAG-005826,CLI-0549,2025-09-05,2025-09-03,111.66,pago
PAG-005827,CLI-0550,2026-08-01,,77.82,pendente
PAG-005828,CLI-0550,2026-07-02,2026-07-19,77.82,pago
PAG-005829,CLI-0550,2026-06-02,2026-06-03,77.82,pago
PAG-005830,CLI-0550,2026-05-03,2026-05-05,77.82,pago
PAG-005831,CLI-0550,2026-04-03,2026-04-20,77.82,pago
PAG-005832,CLI-0550,2026-03-04,2026-03-05,77.82,pago
PAG-005833,CLI-0550,2026-02-02,2026-02-17,77.82,pago
PAG-005834,CLI-0550,2026-01-03,2026-01-07,77.82,pago
PAG-005835,CLI-0550,2025-12-04,2025-12-21,77.82,pago
PAG-005836,CLI-0550,2025-11-04,2025-11-01,77.82,pago
PAG-005837,CLI-0550,2025-10-05,2025-10-12,77.82,pago
PAG-005838,CLI-0550,2025-09-05,2025-09-04,77.82,pago
PAG-005839,CLI-0551,2026-08-01,2026-08-06,164.93,pago
PAG-005840,CLI-0551,2026-07-02,2026-07-01,164.93,pago
PAG-005841,CLI-0551,2026-06-02,2026-06-19,164.93,pago
PAG-005842,CLI-0551,2026-05-03,2026-05-17,164.93,pago
PAG-005843,CLI-0551,2026-04-03,2026-04-21,164.93,pago
PAG-005844,CLI-0551,2026-03-04,2026-03-12,164.93,pago
PAG-005845,CLI-0551,2026-02-02,2026-02-15,164.93,pago
PAG-005846,CLI-0551,2026-01-03,2026-01-08,164.93,pago
PAG-005847,CLI-0551,2025-12-04,2025-12-10,164.93,pago
PAG-005848,CLI-0551,2025-11-04,2025-11-08,164.93,pago
PAG-005849,CLI-0551,2025-10-05,2025-10-13,164.93,pago
PAG-005850,CLI-0551,2025-09-05,2025-09-15,164.93,pago
PAG-005851,CLI-0552,2026-08-01,,110.65,pendente
PAG-005852,CLI-0552,2026-07-02,,110.65,pendente
PAG-005853,CLI-0552,2026-06-02,2026-06-08,110.65,pago
PAG-005854,CLI-0552,2026-05-03,2026-05-01,110.65,pago
PAG-005855,CLI-0552,2026-04-03,2026-04-01,110.65,pago
PAG-005856,CLI-0552,2026-03-04,2026-03-18,110.65,pago
PAG-005857,CLI-0552,2026-02-02,2026-02-13,110.65,pago
PAG-005858,CLI-0552,2026-01-03,2025-12-31,110.65,pago
PAG-005859,CLI-0552,2025-12-04,2025-12-07,110.65,pago
PAG-005860,CLI-0552,2025-11-04,2025-11-20,110.65,pago
PAG-005861,CLI-0552,2025-10-05,2025-10-20,110.65,pago
PAG-005862,CLI-0552,2025-09-05,2025-09-16,110.65,pago
PAG-005863,CLI-0553,2026-08-01,2026-08-15,217.67,pago
PAG-005864,CLI-0553,2026-07-02,2026-07-02,217.67,pago
PAG-005865,CLI-0553,2026-06-02,2026-06-20,217.67,pago
PAG-005866,CLI-0553,2026-05-03,2026-05-20,217.67,pago
PAG-005867,CLI-0553,2026-04-03,,217.67,pendente
PAG-005868,CLI-0553,2026-03-04,2026-03-01,217.67,pago
PAG-005869,CLI-0553,2026-02-02,2026-02-16,217.67,pago
PAG-005870,CLI-0553,2026-01-03,2026-01-06,217.67,pago
PAG-005871,CLI-0553,2025-12-04,2025-12-03,217.67,pago
PAG-005872,CLI-0553,2025-11-04,2025-11-15,217.67,pago
PAG-005873,CLI-0553,2025-10-05,2025-10-23,217.67,pago
PAG-005874,CLI-0553,2025-09-05,2025-09-23,217.67,pago
PAG-005875,CLI-0554,2026-08-01,2026-08-19,105.24,pago
PAG-005876,CLI-0554,2026-07-02,2026-07-04,105.24,pago
PAG-005877,CLI-0554,2026-06-02,2026-06-10,105.24,pago
PAG-005878,CLI-0554,2026-05-03,2026-05-01,105.24,pago
PAG-005879,CLI-0554,2026-04-03,2026-04-15,105.24,pago
PAG-005880,CLI-0554,2026-03-04,2026-03-07,105.24,pago
PAG-005881,CLI-0554,2026-02-02,2026-02-20,105.24,pago
PAG-005882,CLI-0554,2026-01-03,2026-01-09,105.24,pago
PAG-005883,CLI-0554,2025-12-04,2025-12-03,105.24,pago
PAG-005884,CLI-0554,2025-11-04,2025-11-14,105.24,pago
PAG-005885,CLI-0554,2025-10-05,2025-10-21,105.24,pago
PAG-005886,CLI-0554,2025-09-05,2025-09-22,105.24,pago
PAG-005887,CLI-0555,2026-08-01,2026-08-11,75.01,pago
PAG-005888,CLI-0555,2026-07-02,2026-07-06,75.01,pago
PAG-005889,CLI-0555,2026-06-02,2026-06-11,75.01,pago
PAG-005890,CLI-0555,2026-05-03,2026-05-04,75.01,pago
PAG-005891,CLI-0555,2026-04-03,2026-04-21,75.01,pago
PAG-005892,CLI-0555,2026-03-04,2026-03-16,75.01,pago
PAG-005893,CLI-0555,2026-02-02,2026-02-12,75.01,pago
PAG-005894,CLI-0555,2026-01-03,2026-01-05,75.01,pago
PAG-005895,CLI-0555,2025-12-04,2025-12-09,75.01,pago
PAG-005896,CLI-0555,2025-11-04,2025-11-06,75.01,pago
PAG-005897,CLI-0555,2025-10-05,2025-10-02,75.01,pago
PAG-005898,CLI-0555,2025-09-05,2025-09-18,75.01,pago
PAG-005899,CLI-0556,2026-08-01,2026-07-30,76.06,pago
PAG-005900,CLI-0556,2026-07-02,2026-06-30,76.06,pago
PAG-005901,CLI-0556,2026-06-02,2026-06-18,76.06,pago
PAG-005902,CLI-0556,2026-05-03,2026-05-17,76.06,pago
PAG-005903,CLI-0556,2026-04-03,2026-04-04,76.06,pago
PAG-005904,CLI-0556,2026-03-04,2026-03-14,76.06,pago
PAG-005905,CLI-0556,2026-02-02,2026-02-20,76.06,pago
PAG-005906,CLI-0556,2026-01-03,2026-01-05,76.06,pago
PAG-005907,CLI-0556,2025-12-04,2025-12-07,76.06,pago
PAG-005908,CLI-0556,2025-11-04,2025-11-08,76.06,pago
PAG-005909,CLI-0556,2025-10-05,2025-10-18,76.06,pago
PAG-005910,CLI-0556,2025-09-05,2025-09-18,76.06,pago
PAG-005911,CLI-0557,2026-08-01,2026-08-05,87.09,pago
PAG-005912,CLI-0557,2026-07-02,2026-07-14,87.09,pago
PAG-005913,CLI-0557,2026-06-02,2026-06-10,87.09,pago
PAG-005914,CLI-0557,2026-05-03,2026-05-14,87.09,pago
PAG-005915,CLI-0557,2026-04-03,2026-04-19,87.09,pago
PAG-005916,CLI-0557,2026-03-04,2026-03-11,87.09,pago
PAG-005917,CLI-0557,2026-02-02,2026-01-30,87.09,pago
PAG-005918,CLI-0557,2026-01-03,2026-01-20,87.09,pago
PAG-005919,CLI-0557,2025-12-04,2025-12-03,87.09,pago
PAG-005920,CLI-0557,2025-11-04,2025-11-07,87.09,pago
PAG-005921,CLI-0557,2025-10-05,2025-10-09,87.09,pago
PAG-005922,CLI-0557,2025-09-05,2025-09-21,87.09,pago
PAG-005923,CLI-0558,2026-08-01,2026-08-19,158.46,pago
PAG-005924,CLI-0558,2026-07-02,2026-07-20,158.46,pago
PAG-005925,CLI-0558,2026-06-02,2026-06-18,158.46,pago
PAG-005926,CLI-0558,2026-05-03,,158.46,pendente
PAG-005927,CLI-0558,2026-04-03,2026-04-10,158.46,pago
PAG-005928,CLI-0558,2026-03-04,2026-03-15,158.46,pago
PAG-005929,CLI-0558,2026-02-02,2026-02-04,158.46,pago
PAG-005930,CLI-0558,2026-01-03,2026-01-13,158.46,pago
PAG-005931,CLI-0558,2025-12-04,2025-12-20,158.46,pago
PAG-005932,CLI-0558,2025-11-04,,158.46,pendente
PAG-005933,CLI-0558,2025-10-05,,158.46,pendente
PAG-005934,CLI-0558,2025-09-05,2025-09-09,158.46,pago
PAG-005935,CLI-0559,2026-08-01,2026-08-03,311.52,pago
PAG-005936,CLI-0559,2026-07-02,,311.52,pendente
PAG-005937,CLI-0559,2026-06-02,2026-06-11,311.52,pago
PAG-005938,CLI-0559,2026-05-03,2026-05-16,311.52,pago
PAG-005939,CLI-0559,2026-04-03,2026-04-15,311.52,pago
PAG-005940,CLI-0559,2026-03-04,2026-03-02,311.52,pago
PAG-005941,CLI-0559,2026-02-02,2026-02-08,311.52,pago
PAG-005942,CLI-0559,2026-01-03,2026-01-01,311.52,pago
PAG-005943,CLI-0559,2025-12-04,2025-12-11,311.52,pago
PAG-005944,CLI-0559,2025-11-04,2025-11-15,311.52,pago
PAG-005945,CLI-0559,2025-10-05,2025-10-03,311.52,pago
PAG-005946,CLI-0560,2026-08-01,2026-08-14,101.3,pago
PAG-005947,CLI-0560,2026-07-02,2026-07-01,101.3,pago
PAG-005948,CLI-0560,2026-06-02,2026-06-16,101.3,pago
PAG-005949,CLI-0560,2026-05-03,2026-05-14,101.3,pago
PAG-005950,CLI-0560,2026-04-03,2026-04-01,101.3,pago
PAG-005951,CLI-0560,2026-03-04,2026-03-11,101.3,pago
PAG-005952,CLI-0560,2026-02-02,2026-02-06,101.3,pago
PAG-005953,CLI-0560,2026-01-03,2026-01-01,101.3,pago
PAG-005954,CLI-0560,2025-12-04,2025-12-10,101.3,pago
PAG-005955,CLI-0560,2025-11-04,2025-11-01,101.3,pago
PAG-005956,CLI-0560,2025-10-05,2025-10-19,101.3,pago
PAG-005957,CLI-0560,2025-09-05,2025-09-07,101.3,pago
PAG-005958,CLI-0561,2026-08-01,2026-08-12,161.02,pago
PAG-005959,CLI-0561,2026-07-02,2026-07-17,161.02,pago
PAG-005960,CLI-0561,2026-06-02,2026-06-19,161.02,pago
PAG-005961,CLI-0561,2026-05-03,2026-05-15,161.02,pago
PAG-005962,CLI-0561,2026-04-03,2026-04-01,161.02,pago
PAG-005963,CLI-0561,2026-03-04,,161.02,pendente
PAG-005964,CLI-0561,2026-02-02,2026-02-07,161.02,pago
PAG-005965,CLI-0561,2026-01-03,2026-01-03,161.02,pago
PAG-005966,CLI-0561,2025-12-04,2025-12-16,161.02,pago
PAG-005967,CLI-0561,2025-11-04,2025-11-15,161.02,pago
PAG-005968,CLI-0561,2025-10-05,2025-10-09,161.02,pago
PAG-005969,CLI-0561,2025-09-05,2025-09-13,161.02,pago
PAG-005970,CLI-0562,2026-08-01,2026-08-03,75.17,pago
PAG-005971,CLI-0562,2026-07-02,2026-07-14,75.17,pago
PAG-005972,CLI-0562,2026-06-02,2026-06-13,75.17,pago
PAG-005973,CLI-0562,2026-05-03,2026-05-21,75.17,pago
PAG-005974,CLI-0562,2026-04-03,2026-04-21,75.17,pago
PAG-005975,CLI-0562,2026-03-04,2026-03-14,75.17,pago
PAG-005976,CLI-0562,2026-02-02,2026-02-12,75.17,pago
PAG-005977,CLI-0562,2026-01-03,2026-01-11,75.17,pago
PAG-005978,CLI-0562,2025-12-04,2025-12-05,75.17,pago
PAG-005979,CLI-0562,2025-11-04,2025-11-13,75.17,pago
PAG-005980,CLI-0562,2025-10-05,2025-10-16,75.17,pago
PAG-005981,CLI-0562,2025-09-05,2025-09-02,75.17,pago
PAG-005982,CLI-0563,2026-08-01,2026-07-29,151.66,pago
PAG-005983,CLI-0563,2026-07-02,2026-07-20,151.66,pago
PAG-005984,CLI-0563,2026-06-02,2026-06-13,151.66,pago
PAG-005985,CLI-0563,2026-05-03,2026-05-03,151.66,pago
PAG-005986,CLI-0563,2026-04-03,2026-04-05,151.66,pago
PAG-005987,CLI-0563,2026-03-04,2026-03-04,151.66,pago
PAG-005988,CLI-0563,2026-02-02,2026-02-08,151.66,pago
PAG-005989,CLI-0563,2026-01-03,2026-01-03,151.66,pago
PAG-005990,CLI-0563,2025-12-04,2025-12-18,151.66,pago
PAG-005991,CLI-0563,2025-11-04,2025-11-07,151.66,pago
PAG-005992,CLI-0563,2025-10-05,2025-10-15,151.66,pago
PAG-005993,CLI-0563,2025-09-05,2025-09-02,151.66,pago
PAG-005994,CLI-0564,2026-08-01,2026-08-15,154.06,pago
PAG-005995,CLI-0564,2026-07-02,2026-07-06,154.06,pago
PAG-005996,CLI-0564,2026-06-02,,154.06,pendente
PAG-005997,CLI-0564,2026-05-03,2026-05-07,154.06,pago
PAG-005998,CLI-0564,2026-04-03,2026-04-19,154.06,pago
PAG-005999,CLI-0564,2026-03-04,2026-03-08,154.06,pago
PAG-006000,CLI-0564,2026-02-02,2026-02-06,154.06,pago
PAG-006001,CLI-0564,2026-01-03,2026-01-02,154.06,pago
PAG-006002,CLI-0564,2025-12-04,2025-12-19,154.06,pago
PAG-006003,CLI-0564,2025-11-04,2025-11-05,154.06,pago
PAG-006004,CLI-0564,2025-10-05,2025-10-21,154.06,pago
PAG-006005,CLI-0564,2025-09-05,2025-09-22,154.06,pago
PAG-006006,CLI-0565,2026-08-01,2026-08-10,108.36,pago
PAG-006007,CLI-0565,2026-07-02,2026-07-14,108.36,pago
PAG-006008,CLI-0565,2026-06-02,2026-06-13,108.36,pago
PAG-006009,CLI-0565,2026-05-03,2026-05-16,108.36,pago
PAG-006010,CLI-0565,2026-04-03,2026-04-18,108.36,pago
PAG-006011,CLI-0565,2026-03-04,2026-03-10,108.36,pago
PAG-006012,CLI-0565,2026-02-02,2026-02-13,108.36,pago
PAG-006013,CLI-0565,2026-01-03,2026-01-01,108.36,pago
PAG-006014,CLI-0565,2025-12-04,2025-12-05,108.36,pago
PAG-006015,CLI-0565,2025-11-04,,108.36,pendente
PAG-006016,CLI-0565,2025-10-05,,108.36,pendente
PAG-006017,CLI-0565,2025-09-05,2025-09-15,108.36,pago
PAG-006018,CLI-0566,2026-08-01,2026-08-04,154.48,pago
PAG-006019,CLI-0566,2026-07-02,2026-07-17,154.48,pago
PAG-006020,CLI-0566,2026-06-02,2026-06-17,154.48,pago
PAG-006021,CLI-0566,2026-05-03,2026-05-16,154.48,pago
PAG-006022,CLI-0566,2026-04-03,2026-04-05,154.48,pago
PAG-006023,CLI-0566,2026-03-04,2026-03-04,154.48,pago
PAG-006024,CLI-0566,2026-02-02,2026-02-19,154.48,pago
PAG-006025,CLI-0566,2026-01-03,2026-01-15,154.48,pago
PAG-006026,CLI-0566,2025-12-04,2025-12-16,154.48,pago
PAG-006027,CLI-0566,2025-11-04,2025-11-22,154.48,pago
PAG-006028,CLI-0566,2025-10-05,2025-10-05,154.48,pago
PAG-006029,CLI-0566,2025-09-05,2025-09-08,154.48,pago
PAG-006030,CLI-0567,2026-08-01,2026-08-17,202.71,pago
PAG-006031,CLI-0567,2026-07-02,2026-07-04,202.71,pago
PAG-006032,CLI-0567,2026-06-02,2026-06-01,202.71,pago
PAG-006033,CLI-0567,2026-05-03,2026-05-08,202.71,pago
PAG-006034,CLI-0567,2026-04-03,2026-04-13,202.71,pago
PAG-006035,CLI-0567,2026-03-04,2026-03-04,202.71,pago
PAG-006036,CLI-0567,2026-02-02,2026-02-04,202.71,pago
PAG-006037,CLI-0567,2026-01-03,2026-01-12,202.71,pago
PAG-006038,CLI-0567,2025-12-04,2025-12-04,202.71,pago
PAG-006039,CLI-0568,2026-08-01,2026-07-31,297.38,pago
PAG-006040,CLI-0568,2026-07-02,2026-07-15,297.38,pago
PAG-006041,CLI-0568,2026-06-02,2026-06-05,297.38,pago
PAG-006042,CLI-0568,2026-05-03,2026-05-19,297.38,pago
PAG-006043,CLI-0568,2026-04-03,2026-04-13,297.38,pago
PAG-006044,CLI-0568,2026-03-04,2026-03-16,297.38,pago
PAG-006045,CLI-0568,2026-02-02,2026-02-02,297.38,pago
PAG-006046,CLI-0568,2026-01-03,2026-01-07,297.38,pago
PAG-006047,CLI-0568,2025-12-04,2025-12-01,297.38,pago
PAG-006048,CLI-0568,2025-11-04,2025-11-06,297.38,pago
PAG-006049,CLI-0568,2025-10-05,2025-10-22,297.38,pago
PAG-006050,CLI-0568,2025-09-05,2025-09-07,297.38,pago
PAG-006051,CLI-0569,2026-08-01,2026-08-15,162.21,pago
PAG-006052,CLI-0569,2026-07-02,2026-07-07,162.21,pago
PAG-006053,CLI-0569,2026-06-02,2026-06-20,162.21,pago
PAG-006054,CLI-0569,2026-05-03,,162.21,pendente
PAG-006055,CLI-0569,2026-04-03,2026-04-07,162.21,pago
PAG-006056,CLI-0569,2026-03-04,2026-03-12,162.21,pago
PAG-006057,CLI-0569,2026-02-02,,162.21,pendente
PAG-006058,CLI-0570,2026-08-01,2026-08-19,296.96,pago
PAG-006059,CLI-0570,2026-07-02,2026-06-30,296.96,pago
PAG-006060,CLI-0570,2026-06-02,2026-06-04,296.96,pago
PAG-006061,CLI-0570,2026-05-03,2026-05-02,296.96,pago
PAG-006062,CLI-0570,2026-04-03,2026-04-02,296.96,pago
PAG-006063,CLI-0570,2026-03-04,,296.96,pendente
PAG-006064,CLI-0570,2026-02-02,,296.96,pendente
PAG-006065,CLI-0570,2026-01-03,2026-01-19,296.96,pago
PAG-006066,CLI-0570,2025-12-04,2025-12-19,296.96,pago
PAG-006067,CLI-0570,2025-11-04,2025-11-06,296.96,pago
PAG-006068,CLI-0570,2025-10-05,,296.96,pendente
PAG-006069,CLI-0570,2025-09-05,2025-09-09,296.96,pago
PAG-006070,CLI-0571,2026-08-01,2026-08-07,207.22,pago
PAG-006071,CLI-0571,2026-07-02,,207.22,pendente
PAG-006072,CLI-0571,2026-06-02,2026-06-04,207.22,pago
PAG-006073,CLI-0571,2026-05-03,2026-05-06,207.22,pago
PAG-006074,CLI-0571,2026-04-03,2026-04-06,207.22,pago
PAG-006075,CLI-0571,2026-03-04,2026-03-10,207.22,pago
PAG-006076,CLI-0571,2026-02-02,2026-02-16,207.22,pago
PAG-006077,CLI-0571,2026-01-03,2026-01-07,207.22,pago
PAG-006078,CLI-0571,2025-12-04,2025-12-16,207.22,pago
PAG-006079,CLI-0571,2025-11-04,2025-11-17,207.22,pago
PAG-006080,CLI-0571,2025-10-05,2025-10-21,207.22,pago
PAG-006081,CLI-0571,2025-09-05,2025-09-03,207.22,pago
PAG-006082,CLI-0572,2026-08-01,2026-08-15,286.45,pago
PAG-006083,CLI-0572,2026-07-02,2026-07-15,286.45,pago
PAG-006084,CLI-0572,2026-06-02,2026-06-10,286.45,pago
PAG-006085,CLI-0572,2026-05-03,2026-05-15,286.45,pago
PAG-006086,CLI-0572,2026-04-03,2026-03-31,286.45,pago
PAG-006087,CLI-0572,2026-03-04,2026-03-14,286.45,pago
PAG-006088,CLI-0572,2026-02-02,2026-02-18,286.45,pago
PAG-006089,CLI-0572,2026-01-03,2026-01-13,286.45,pago
PAG-006090,CLI-0572,2025-12-04,2025-12-07,286.45,pago
PAG-006091,CLI-0572,2025-11-04,2025-11-04,286.45,pago
PAG-006092,CLI-0572,2025-10-05,2025-10-17,286.45,pago
PAG-006093,CLI-0572,2025-09-05,2025-09-03,286.45,pago
PAG-006094,CLI-0573,2026-08-01,2026-08-11,138.04,pago
PAG-006095,CLI-0573,2026-07-02,2026-07-17,138.04,pago
PAG-006096,CLI-0573,2026-06-02,2026-06-17,138.04,pago
PAG-006097,CLI-0573,2026-05-03,2026-04-30,138.04,pago
PAG-006098,CLI-0573,2026-04-03,2026-04-03,138.04,pago
PAG-006099,CLI-0573,2026-03-04,2026-03-21,138.04,pago
PAG-006100,CLI-0573,2026-02-02,,138.04,pendente
PAG-006101,CLI-0573,2026-01-03,2026-01-13,138.04,pago
PAG-006102,CLI-0573,2025-12-04,2025-12-03,138.04,pago
PAG-006103,CLI-0573,2025-11-04,2025-11-20,138.04,pago
PAG-006104,CLI-0573,2025-10-05,2025-10-04,138.04,pago
PAG-006105,CLI-0573,2025-09-05,2025-09-08,138.04,pago
PAG-006106,CLI-0574,2026-08-01,2026-08-06,296.1,pago
PAG-006107,CLI-0574,2026-07-02,2026-06-29,296.1,pago
PAG-006108,CLI-0574,2026-06-02,2026-06-12,296.1,pago
PAG-006109,CLI-0574,2026-05-03,2026-05-18,296.1,pago
PAG-006110,CLI-0574,2026-04-03,2026-04-07,296.1,pago
PAG-006111,CLI-0574,2026-03-04,2026-03-10,296.1,pago
PAG-006112,CLI-0574,2026-02-02,2026-02-07,296.1,pago
PAG-006113,CLI-0574,2026-01-03,2026-01-17,296.1,pago
PAG-006114,CLI-0574,2025-12-04,2025-12-16,296.1,pago
PAG-006115,CLI-0574,2025-11-04,2025-11-18,296.1,pago
PAG-006116,CLI-0574,2025-10-05,2025-10-12,296.1,pago
PAG-006117,CLI-0574,2025-09-05,2025-09-05,296.1,pago
PAG-006118,CLI-0575,2026-08-01,2026-08-02,139.58,pago
PAG-006119,CLI-0575,2026-07-02,2026-07-17,139.58,pago
PAG-006120,CLI-0575,2026-06-02,2026-06-09,139.58,pago
PAG-006121,CLI-0576,2026-08-01,2026-08-07,85.64,pago
PAG-006122,CLI-0576,2026-07-02,2026-07-18,85.64,pago
PAG-006123,CLI-0576,2026-06-02,2026-06-15,85.64,pago
PAG-006124,CLI-0576,2026-05-03,2026-05-12,85.64,pago
PAG-006125,CLI-0576,2026-04-03,2026-04-07,85.64,pago
PAG-006126,CLI-0576,2026-03-04,2026-03-18,85.64,pago
PAG-006127,CLI-0576,2026-02-02,2026-02-03,85.64,pago
PAG-006128,CLI-0576,2026-01-03,2026-01-11,85.64,pago
PAG-006129,CLI-0576,2025-12-04,2025-12-14,85.64,pago
PAG-006130,CLI-0576,2025-11-04,2025-11-02,85.64,pago
PAG-006131,CLI-0576,2025-10-05,2025-10-09,85.64,pago
PAG-006132,CLI-0576,2025-09-05,2025-09-16,85.64,pago
PAG-006133,CLI-0577,2026-08-01,2026-07-29,151.75,pago
PAG-006134,CLI-0577,2026-07-02,2026-07-06,151.75,pago
PAG-006135,CLI-0577,2026-06-02,2026-06-13,151.75,pago
PAG-006136,CLI-0577,2026-05-03,2026-05-15,151.75,pago
PAG-006137,CLI-0577,2026-04-03,2026-04-08,151.75,pago
PAG-006138,CLI-0577,2026-03-04,2026-03-01,151.75,pago
PAG-006139,CLI-0577,2026-02-02,2026-02-14,151.75,pago
PAG-006140,CLI-0577,2026-01-03,2026-01-11,151.75,pago
PAG-006141,CLI-0577,2025-12-04,,151.75,pendente
PAG-006142,CLI-0577,2025-11-04,2025-11-12,151.75,pago
PAG-006143,CLI-0577,2025-10-05,,151.75,pendente
PAG-006144,CLI-0577,2025-09-05,,151.75,pendente
PAG-006145,CLI-0578,2026-08-01,2026-07-30,139.69,pago
PAG-006146,CLI-0578,2026-07-02,2026-07-10,139.69,pago
PAG-006147,CLI-0578,2026-06-02,2026-06-15,139.69,pago
PAG-006148,CLI-0578,2026-05-03,2026-05-09,139.69,pago
PAG-006149,CLI-0578,2026-04-03,2026-04-10,139.69,pago
PAG-006150,CLI-0578,2026-03-04,2026-03-11,139.69,pago
PAG-006151,CLI-0578,2026-02-02,2026-02-12,139.69,pago
PAG-006152,CLI-0578,2026-01-03,2026-01-10,139.69,pago
PAG-006153,CLI-0578,2025-12-04,2025-12-07,139.69,pago
PAG-006154,CLI-0578,2025-11-04,2025-11-05,139.69,pago
PAG-006155,CLI-0578,2025-10-05,2025-10-15,139.69,pago
PAG-006156,CLI-0578,2025-09-05,2025-09-22,139.69,pago
PAG-006157,CLI-0579,2026-08-01,2026-07-31,73.97,pago
PAG-006158,CLI-0579,2026-07-02,2026-07-19,73.97,pago
PAG-006159,CLI-0579,2026-06-02,2026-06-14,73.97,pago
PAG-006160,CLI-0580,2026-08-01,2026-08-09,79.9,pago
PAG-006161,CLI-0580,2026-07-02,2026-07-18,79.9,pago
PAG-006162,CLI-0580,2026-06-02,2026-05-30,79.9,pago
PAG-006163,CLI-0580,2026-05-03,2026-05-19,79.9,pago
PAG-006164,CLI-0580,2026-04-03,2026-04-05,79.9,pago
PAG-006165,CLI-0580,2026-03-04,2026-03-08,79.9,pago
PAG-006166,CLI-0580,2026-02-02,,79.9,pendente
PAG-006167,CLI-0580,2026-01-03,2026-01-05,79.9,pago
PAG-006168,CLI-0580,2025-12-04,2025-12-10,79.9,pago
PAG-006169,CLI-0580,2025-11-04,2025-11-11,79.9,pago
PAG-006170,CLI-0580,2025-10-05,2025-10-17,79.9,pago
PAG-006171,CLI-0580,2025-09-05,2025-09-21,79.9,pago
PAG-006172,CLI-0581,2026-08-01,2026-08-14,279.93,pago
PAG-006173,CLI-0581,2026-07-02,2026-07-07,279.93,pago
PAG-006174,CLI-0581,2026-06-02,2026-06-08,279.93,pago
PAG-006175,CLI-0581,2026-05-03,2026-04-30,279.93,pago
PAG-006176,CLI-0581,2026-04-03,2026-04-19,279.93,pago
PAG-006177,CLI-0581,2026-03-04,2026-03-04,279.93,pago
PAG-006178,CLI-0581,2026-02-02,,279.93,pendente
PAG-006179,CLI-0581,2026-01-03,2026-01-21,279.93,pago
PAG-006180,CLI-0581,2025-12-04,2025-12-08,279.93,pago
PAG-006181,CLI-0581,2025-11-04,2025-11-16,279.93,pago
PAG-006182,CLI-0581,2025-10-05,2025-10-13,279.93,pago
PAG-006183,CLI-0581,2025-09-05,2025-09-19,279.93,pago
PAG-006184,CLI-0582,2026-08-01,2026-08-13,203.06,pago
PAG-006185,CLI-0582,2026-07-02,2026-07-09,203.06,pago
PAG-006186,CLI-0582,2026-06-02,2026-06-18,203.06,pago
PAG-006187,CLI-0582,2026-05-03,2026-05-01,203.06,pago
PAG-006188,CLI-0582,2026-04-03,2026-04-16,203.06,pago
PAG-006189,CLI-0582,2026-03-04,2026-03-22,203.06,pago
PAG-006190,CLI-0582,2026-02-02,2026-02-01,203.06,pago
PAG-006191,CLI-0582,2026-01-03,2026-01-17,203.06,pago
PAG-006192,CLI-0582,2025-12-04,2025-12-11,203.06,pago
PAG-006193,CLI-0582,2025-11-04,2025-11-17,203.06,pago
PAG-006194,CLI-0582,2025-10-05,2025-10-05,203.06,pago
PAG-006195,CLI-0582,2025-09-05,2025-09-13,203.06,pago
PAG-006196,CLI-0583,2026-08-01,2026-08-10,332.44,pago
PAG-006197,CLI-0583,2026-07-02,2026-07-06,332.44,pago
PAG-006198,CLI-0583,2026-06-02,2026-06-19,332.44,pago
PAG-006199,CLI-0583,2026-05-03,2026-05-06,332.44,pago
PAG-006200,CLI-0583,2026-04-03,2026-04-02,332.44,pago
PAG-006201,CLI-0583,2026-03-04,2026-03-02,332.44,pago
PAG-006202,CLI-0583,2026-02-02,2026-02-08,332.44,pago
PAG-006203,CLI-0583,2026-01-03,2026-01-14,332.44,pago
PAG-006204,CLI-0583,2025-12-04,2025-12-03,332.44,pago
PAG-006205,CLI-0583,2025-11-04,2025-11-04,332.44,pago
PAG-006206,CLI-0583,2025-10-05,2025-10-21,332.44,pago
PAG-006207,CLI-0583,2025-09-05,2025-09-15,332.44,pago
PAG-006208,CLI-0584,2026-08-01,2026-08-01,157.8,pago
PAG-006209,CLI-0584,2026-07-02,,157.8,pendente
PAG-006210,CLI-0584,2026-06-02,2026-06-11,157.8,pago
PAG-006211,CLI-0584,2026-05-03,2026-05-12,157.8,pago
PAG-006212,CLI-0584,2026-04-03,2026-04-02,157.8,pago
PAG-006213,CLI-0584,2026-03-04,,157.8,pendente
PAG-006214,CLI-0584,2026-02-02,2026-02-15,157.8,pago
PAG-006215,CLI-0584,2026-01-03,2026-01-05,157.8,pago
PAG-006216,CLI-0584,2025-12-04,2025-12-05,157.8,pago
PAG-006217,CLI-0584,2025-11-04,2025-11-04,157.8,pago
PAG-006218,CLI-0584,2025-10-05,2025-10-06,157.8,pago
PAG-006219,CLI-0584,2025-09-05,2025-09-18,157.8,pago
PAG-006220,CLI-0585,2026-08-01,2026-07-31,108.93,pago
PAG-006221,CLI-0585,2026-07-02,2026-06-29,108.93,pago
PAG-006222,CLI-0585,2026-06-02,2026-06-06,108.93,pago
PAG-006223,CLI-0585,2026-05-03,2026-05-20,108.93,pago
PAG-006224,CLI-0585,2026-04-03,2026-04-20,108.93,pago
PAG-006225,CLI-0585,2026-03-04,2026-03-05,108.93,pago
PAG-006226,CLI-0585,2026-02-02,2026-02-16,108.93,pago
PAG-006227,CLI-0585,2026-01-03,2026-01-01,108.93,pago
PAG-006228,CLI-0585,2025-12-04,2025-12-06,108.93,pago
PAG-006229,CLI-0585,2025-11-04,2025-11-02,108.93,pago
PAG-006230,CLI-0585,2025-10-05,2025-10-23,108.93,pago
PAG-006231,CLI-0586,2026-08-01,2026-08-09,208.52,pago
PAG-006232,CLI-0586,2026-07-02,2026-07-14,208.52,pago
PAG-006233,CLI-0586,2026-06-02,2026-06-11,208.52,pago
PAG-006234,CLI-0586,2026-05-03,2026-05-19,208.52,pago
PAG-006235,CLI-0586,2026-04-03,2026-04-01,208.52,pago
PAG-006236,CLI-0586,2026-03-04,2026-03-01,208.52,pago
PAG-006237,CLI-0586,2026-02-02,2026-02-01,208.52,pago
PAG-006238,CLI-0586,2026-01-03,2026-01-18,208.52,pago
PAG-006239,CLI-0586,2025-12-04,2025-12-14,208.52,pago
PAG-006240,CLI-0586,2025-11-04,2025-11-09,208.52,pago
PAG-006241,CLI-0586,2025-10-05,2025-10-05,208.52,pago
PAG-006242,CLI-0586,2025-09-05,2025-09-12,208.52,pago
PAG-006243,CLI-0587,2026-08-01,2026-08-02,153.34,pago
PAG-006244,CLI-0587,2026-07-02,2026-06-29,153.34,pago
PAG-006245,CLI-0587,2026-06-02,2026-06-02,153.34,pago
PAG-006246,CLI-0587,2026-05-03,2026-05-06,153.34,pago
PAG-006247,CLI-0587,2026-04-03,2026-03-31,153.34,pago
PAG-006248,CLI-0587,2026-03-04,2026-03-16,153.34,pago
PAG-006249,CLI-0587,2026-02-02,2026-02-07,153.34,pago
PAG-006250,CLI-0587,2026-01-03,2026-01-14,153.34,pago
PAG-006251,CLI-0587,2025-12-04,2025-12-03,153.34,pago
PAG-006252,CLI-0587,2025-11-04,2025-11-20,153.34,pago
PAG-006253,CLI-0587,2025-10-05,,153.34,pendente
PAG-006254,CLI-0587,2025-09-05,2025-09-08,153.34,pago
PAG-006255,CLI-0588,2026-08-01,2026-08-09,159.79,pago
PAG-006256,CLI-0588,2026-07-02,2026-07-12,159.79,pago
PAG-006257,CLI-0588,2026-06-02,2026-06-19,159.79,pago
PAG-006258,CLI-0588,2026-05-03,2026-05-18,159.79,pago
PAG-006259,CLI-0588,2026-04-03,2026-04-07,159.79,pago
PAG-006260,CLI-0588,2026-03-04,2026-03-13,159.79,pago
PAG-006261,CLI-0588,2026-02-02,2026-02-16,159.79,pago
PAG-006262,CLI-0588,2026-01-03,2026-01-16,159.79,pago
PAG-006263,CLI-0588,2025-12-04,2025-12-13,159.79,pago
PAG-006264,CLI-0589,2026-08-01,2026-08-09,317.22,pago
PAG-006265,CLI-0589,2026-07-02,2026-07-12,317.22,pago
PAG-006266,CLI-0589,2026-06-02,2026-06-15,317.22,pago
PAG-006267,CLI-0589,2026-05-03,2026-05-17,317.22,pago
PAG-006268,CLI-0589,2026-04-03,2026-04-21,317.22,pago
PAG-006269,CLI-0589,2026-03-04,2026-03-14,317.22,pago
PAG-006270,CLI-0589,2026-02-02,2026-02-12,317.22,pago
PAG-006271,CLI-0589,2026-01-03,2026-01-16,317.22,pago
PAG-006272,CLI-0589,2025-12-04,,317.22,pendente
PAG-006273,CLI-0589,2025-11-04,2025-11-09,317.22,pago
PAG-006274,CLI-0589,2025-10-05,2025-10-19,317.22,pago
PAG-006275,CLI-0589,2025-09-05,2025-09-10,317.22,pago
PAG-006276,CLI-0590,2026-08-01,2026-08-01,147.94,pago
PAG-006277,CLI-0590,2026-07-02,2026-07-19,147.94,pago
PAG-006278,CLI-0590,2026-06-02,2026-06-18,147.94,pago
PAG-006279,CLI-0590,2026-05-03,2026-05-13,147.94,pago
PAG-006280,CLI-0590,2026-04-03,2026-04-07,147.94,pago
PAG-006281,CLI-0590,2026-03-04,2026-03-14,147.94,pago
PAG-006282,CLI-0590,2026-02-02,2026-02-09,147.94,pago
PAG-006283,CLI-0590,2026-01-03,2026-01-11,147.94,pago
PAG-006284,CLI-0590,2025-12-04,2025-12-14,147.94,pago
PAG-006285,CLI-0590,2025-11-04,2025-11-04,147.94,pago
PAG-006286,CLI-0590,2025-10-05,2025-10-16,147.94,pago
PAG-006287,CLI-0590,2025-09-05,2025-09-15,147.94,pago
PAG-006288,CLI-0591,2026-08-01,2026-08-03,108.82,pago
PAG-006289,CLI-0592,2026-08-01,2026-08-10,206.61,pago
PAG-006290,CLI-0592,2026-07-02,2026-07-03,206.61,pago
PAG-006291,CLI-0592,2026-06-02,2026-05-31,206.61,pago
PAG-006292,CLI-0592,2026-05-03,2026-05-06,206.61,pago
PAG-006293,CLI-0592,2026-04-03,2026-04-09,206.61,pago
PAG-006294,CLI-0592,2026-03-04,2026-03-03,206.61,pago
PAG-006295,CLI-0592,2026-02-02,2026-02-03,206.61,pago
PAG-006296,CLI-0592,2026-01-03,2026-01-11,206.61,pago
PAG-006297,CLI-0592,2025-12-04,2025-12-21,206.61,pago
PAG-006298,CLI-0592,2025-11-04,2025-11-05,206.61,pago
PAG-006299,CLI-0592,2025-10-05,2025-10-13,206.61,pago
PAG-006300,CLI-0592,2025-09-05,2025-09-07,206.61,pago
PAG-006301,CLI-0593,2026-08-01,2026-08-12,82.41,pago
PAG-006302,CLI-0593,2026-07-02,2026-06-29,82.41,pago
PAG-006303,CLI-0593,2026-06-02,2026-06-09,82.41,pago
PAG-006304,CLI-0593,2026-05-03,2026-05-18,82.41,pago
PAG-006305,CLI-0593,2026-04-03,2026-04-03,82.41,pago
PAG-006306,CLI-0593,2026-03-04,2026-03-03,82.41,pago
PAG-006307,CLI-0593,2026-02-02,2026-02-10,82.41,pago
PAG-006308,CLI-0593,2026-01-03,2026-01-04,82.41,pago
PAG-006309,CLI-0593,2025-12-04,2025-12-09,82.41,pago
PAG-006310,CLI-0593,2025-11-04,2025-11-10,82.41,pago
PAG-006311,CLI-0593,2025-10-05,2025-10-07,82.41,pago
PAG-006312,CLI-0593,2025-09-05,2025-09-23,82.41,pago
PAG-006313,CLI-0594,2026-08-01,2026-07-30,81.82,pago
PAG-006314,CLI-0594,2026-07-02,2026-07-06,81.82,pago
PAG-006315,CLI-0594,2026-06-02,2026-06-02,81.82,pago
PAG-006316,CLI-0594,2026-05-03,2026-05-11,81.82,pago
PAG-006317,CLI-0594,2026-04-03,2026-04-14,81.82,pago
PAG-006318,CLI-0594,2026-03-04,2026-03-02,81.82,pago
PAG-006319,CLI-0594,2026-02-02,2026-02-02,81.82,pago
PAG-006320,CLI-0594,2026-01-03,2026-01-10,81.82,pago
PAG-006321,CLI-0594,2025-12-04,2025-12-15,81.82,pago
PAG-006322,CLI-0594,2025-11-04,2025-11-08,81.82,pago
PAG-006323,CLI-0594,2025-10-05,2025-10-21,81.82,pago
PAG-006324,CLI-0594,2025-09-05,2025-09-09,81.82,pago
PAG-006325,CLI-0595,2026-08-01,2026-08-09,75.64,pago
PAG-006326,CLI-0595,2026-07-02,2026-06-29,75.64,pago
PAG-006327,CLI-0595,2026-06-02,2026-06-20,75.64,pago
PAG-006328,CLI-0595,2026-05-03,2026-05-11,75.64,pago
PAG-006329,CLI-0595,2026-04-03,2026-04-19,75.64,pago
PAG-006330,CLI-0595,2026-03-04,,75.64,pendente
PAG-006331,CLI-0595,2026-02-02,2026-02-15,75.64,pago
PAG-006332,CLI-0595,2026-01-03,,75.64,pendente
PAG-006333,CLI-0595,2025-12-04,2025-12-02,75.64,pago
PAG-006334,CLI-0595,2025-11-04,,75.64,pendente
PAG-006335,CLI-0595,2025-10-05,2025-10-18,75.64,pago
PAG-006336,CLI-0595,2025-09-05,2025-09-10,75.64,pago
PAG-006337,CLI-0596,2026-08-01,,77.32,pendente
PAG-006338,CLI-0596,2026-07-02,,77.32,pendente
PAG-006339,CLI-0596,2026-06-02,2026-06-11,77.32,pago
PAG-006340,CLI-0596,2026-05-03,2026-05-14,77.32,pago
PAG-006341,CLI-0596,2026-04-03,2026-04-03,77.32,pago
PAG-006342,CLI-0596,2026-03-04,2026-03-16,77.32,pago
PAG-006343,CLI-0596,2026-02-02,2026-02-14,77.32,pago
PAG-006344,CLI-0596,2026-01-03,2026-01-07,77.32,pago
PAG-006345,CLI-0596,2025-12-04,2025-12-04,77.32,pago
PAG-006346,CLI-0596,2025-11-04,2025-11-11,77.32,pago
PAG-006347,CLI-0596,2025-10-05,2025-10-03,77.32,pago
PAG-006348,CLI-0596,2025-09-05,2025-09-08,77.32,pago
PAG-006349,CLI-0597,2026-08-01,2026-08-16,185.39,pago
PAG-006350,CLI-0597,2026-07-02,2026-07-06,185.39,pago
PAG-006351,CLI-0597,2026-06-02,2026-06-17,185.39,pago
PAG-006352,CLI-0597,2026-05-03,2026-05-12,185.39,pago
PAG-006353,CLI-0597,2026-04-03,2026-04-11,185.39,pago
PAG-006354,CLI-0597,2026-03-04,2026-03-14,185.39,pago
PAG-006355,CLI-0597,2026-02-02,2026-02-06,185.39,pago
PAG-006356,CLI-0597,2026-01-03,2026-01-21,185.39,pago
PAG-006357,CLI-0597,2025-12-04,2025-12-17,185.39,pago
PAG-006358,CLI-0597,2025-11-04,2025-11-02,185.39,pago
PAG-006359,CLI-0597,2025-10-05,2025-10-16,185.39,pago
PAG-006360,CLI-0597,2025-09-05,,185.39,pendente
PAG-006361,CLI-0598,2026-08-01,2026-08-19,322.64,pago
PAG-006362,CLI-0598,2026-07-02,,322.64,pendente
PAG-006363,CLI-0598,2026-06-02,,322.64,pendente
PAG-006364,CLI-0598,2026-05-03,2026-05-07,322.64,pago
PAG-006365,CLI-0598,2026-04-03,2026-04-20,322.64,pago
PAG-006366,CLI-0598,2026-03-04,2026-03-12,322.64,pago
PAG-006367,CLI-0598,2026-02-02,2026-02-03,322.64,pago
PAG-006368,CLI-0598,2026-01-03,2025-12-31,322.64,pago
PAG-006369,CLI-0598,2025-12-04,2025-12-11,322.64,pago
PAG-006370,CLI-0598,2025-11-04,,322.64,pendente
PAG-006371,CLI-0598,2025-10-05,2025-10-15,322.64,pago
PAG-006372,CLI-0598,2025-09-05,,322.64,pendente
PAG-006373,CLI-0599,2026-08-01,2026-08-04,189.56,pago
PAG-006374,CLI-0599,2026-07-02,2026-07-20,189.56,pago
PAG-006375,CLI-0599,2026-06-02,2026-06-07,189.56,pago
PAG-006376,CLI-0599,2026-05-03,2026-05-02,189.56,pago
PAG-006377,CLI-0599,2026-04-03,2026-04-03,189.56,pago
PAG-006378,CLI-0599,2026-03-04,2026-03-18,189.56,pago
PAG-006379,CLI-0599,2026-02-02,2026-02-09,189.56,pago
PAG-006380,CLI-0599,2026-01-03,2026-01-12,189.56,pago
PAG-006381,CLI-0599,2025-12-04,2025-12-07,189.56,pago
PAG-006382,CLI-0599,2025-11-04,2025-11-01,189.56,pago
PAG-006383,CLI-0599,2025-10-05,2025-10-06,189.56,pago
PAG-006384,CLI-0599,2025-09-05,2025-09-19,189.56,pago
PAG-006385,CLI-0600,2026-08-01,,302.57,pendente
PAG-006386,CLI-0600,2026-07-02,2026-07-05,302.57,pago
PAG-006387,CLI-0600,2026-06-02,,302.57,pendente
PAG-006388,CLI-0600,2026-05-03,2026-05-12,302.57,pago
PAG-006389,CLI-0600,2026-04-03,2026-04-14,302.57,pago
PAG-006390,CLI-0600,2026-03-04,2026-03-02,302.57,pago
PAG-006391,CLI-0600,2026-02-02,2026-01-30,302.57,pago
